url,source_types,agency_ids,agency_name,agency_category,fy_min,fy_max,expected_rows
https://warp.ndl.go.jp/20230715/20230715000000id_/https://www.mod.go.jp/asdf/2dep/pdf/koukyo/kou_nyu_0406.xlsx,excel,asdf_2dep,第2補給処,航空自衛隊,2022,2022,9
https://warp.ndl.go.jp/20230715/20230715000000id_/https://www.mod.go.jp/asdf/2dep/pdf/koukyo/kou_nyu_0407.xlsx,excel,asdf_2dep,第2補給処,航空自衛隊,2022,2022,40
https://warp.ndl.go.jp/20230715/20230715000000id_/https://www.mod.go.jp/asdf/2dep/pdf/koukyo/kou_nyu_0408.xlsx,excel,asdf_2dep,第2補給処,航空自衛隊,2022,2022,191
https://warp.ndl.go.jp/20230715/20230715000000id_/https://www.mod.go.jp/asdf/2dep/pdf/koukyo/kou_nyu_0409.xlsx,excel,asdf_2dep,第2補給処,航空自衛隊,2022,2022,187
https://warp.ndl.go.jp/20230715/20230715000000id_/https://www.mod.go.jp/asdf/2dep/pdf/koukyo/kou_nyu_0410.xlsx,excel,asdf_2dep,第2補給処,航空自衛隊,2022,2022,92
https://warp.ndl.go.jp/20230715/20230715000000id_/https://www.mod.go.jp/asdf/2dep/pdf/koukyo/kou_nyu_0411.xlsx,excel,asdf_2dep,第2補給処,航空自衛隊,2022,2022,27
https://warp.ndl.go.jp/20230715/20230715000000id_/https://www.mod.go.jp/asdf/2dep/pdf/koukyo/kou_nyu_0412.xlsx,excel,asdf_2dep,第2補給処,航空自衛隊,2022,2022,22
https://warp.ndl.go.jp/20230715/20230715000000id_/https://www.mod.go.jp/asdf/2dep/pdf/koukyo/kou_zui_0404.xlsx,excel,asdf_2dep,第2補給処,航空自衛隊,2022,2022,13
https://warp.ndl.go.jp/20230715/20230715000000id_/https://www.mod.go.jp/asdf/2dep/pdf/koukyo/kou_zui_0405.xlsx,excel,asdf_2dep,第2補給処,航空自衛隊,2022,2022,14
https://warp.ndl.go.jp/20230715/20230715000000id_/https://www.mod.go.jp/asdf/2dep/pdf/koukyo/kou_zui_0406.xlsx,excel,asdf_2dep,第2補給処,航空自衛隊,2022,2022,24
https://warp.ndl.go.jp/20230715/20230715000000id_/https://www.mod.go.jp/asdf/2dep/pdf/koukyo/kou_zui_0407.xlsx,excel,asdf_2dep,第2補給処,航空自衛隊,2022,2022,29
https://warp.ndl.go.jp/20230715/20230715000000id_/https://www.mod.go.jp/asdf/2dep/pdf/koukyo/kou_zui_0408.xlsx,excel,asdf_2dep,第2補給処,航空自衛隊,2022,2022,157
https://warp.ndl.go.jp/20230715/20230715000000id_/https://www.mod.go.jp/asdf/2dep/pdf/koukyo/kou_zui_0409.xlsx,excel,asdf_2dep,第2補給処,航空自衛隊,2022,2022,536
https://warp.ndl.go.jp/20230715/20230715000000id_/https://www.mod.go.jp/asdf/2dep/pdf/koukyo/kou_zui_0410.xlsx,excel,asdf_2dep,第2補給処,航空自衛隊,2022,2022,125
https://warp.ndl.go.jp/20230715/20230715000000id_/https://www.mod.go.jp/asdf/2dep/pdf/koukyo/kou_zui_0411.xlsx,excel,asdf_2dep,第2補給処,航空自衛隊,2022,2022,177
https://warp.ndl.go.jp/20230715/20230715000000id_/https://www.mod.go.jp/asdf/2dep/pdf/koukyo/kou_zui_0412.xlsx,excel,asdf_2dep,第2補給処,航空自衛隊,2022,2022,240
https://warp.ndl.go.jp/20250510/20250509054434/https://www.mod.go.jp/asdf/3dep/prd/kakusyukouhyou/koukyou/koukyou_excell/nyuusatu/kouhyou-n-0501.xlsx,excel,asdf_3dep,第3補給処,航空自衛隊,2022,2022,1
https://warp.ndl.go.jp/20250510/20250509054434/https://www.mod.go.jp/asdf/3dep/prd/kakusyukouhyou/koukyou/koukyou_excell/nyuusatu/kouhyou-n-0502.xlsx,excel,asdf_3dep,第3補給処,航空自衛隊,2022,2022,9
https://warp.ndl.go.jp/20250510/20250509054434/https://www.mod.go.jp/asdf/3dep/prd/kakusyukouhyou/koukyou/koukyou_excell/nyuusatu/kouhyou-n-0503.xlsx,excel,asdf_3dep,第3補給処,航空自衛隊,2022,2022,20
https://warp.ndl.go.jp/20250510/20250509054434/https://www.mod.go.jp/asdf/3dep/prd/kakusyukouhyou/koukyou/koukyou_excell/nyuusatu/kouhyou-n-0505.xlsx,excel,asdf_3dep,第3補給処,航空自衛隊,2023,2023,3
https://warp.ndl.go.jp/20250510/20250509054434/https://www.mod.go.jp/asdf/3dep/prd/kakusyukouhyou/koukyou/koukyou_excell/nyuusatu/kouhyou-n-0506.xlsx,excel,asdf_3dep,第3補給処,航空自衛隊,2023,2023,15
https://warp.ndl.go.jp/20250510/20250509054434/https://www.mod.go.jp/asdf/3dep/prd/kakusyukouhyou/koukyou/koukyou_excell/nyuusatu/kouhyou-n-0507.xlsx,excel,asdf_3dep,第3補給処,航空自衛隊,2023,2023,39
https://warp.ndl.go.jp/20250510/20250509054434/https://www.mod.go.jp/asdf/3dep/prd/kakusyukouhyou/koukyou/koukyou_excell/nyuusatu/kouhyou-n-0508.xlsx,excel,asdf_3dep,第3補給処,航空自衛隊,2023,2023,75
https://warp.ndl.go.jp/20250510/20250509054434/https://www.mod.go.jp/asdf/3dep/prd/kakusyukouhyou/koukyou/koukyou_excell/nyuusatu/kouhyou-n-0509.xlsx,excel,asdf_3dep,第3補給処,航空自衛隊,2023,2023,35
https://warp.ndl.go.jp/20250510/20250509054434/https://www.mod.go.jp/asdf/3dep/prd/kakusyukouhyou/koukyou/koukyou_excell/nyuusatu/kouhyou-n-0510.xlsx,excel,asdf_3dep,第3補給処,航空自衛隊,2023,2023,41
https://warp.ndl.go.jp/20250510/20250509054434/https://www.mod.go.jp/asdf/3dep/prd/kakusyukouhyou/koukyou/koukyou_excell/nyuusatu/kouhyou-n-0511.xlsx,excel,asdf_3dep,第3補給処,航空自衛隊,2023,2023,30
https://warp.ndl.go.jp/20250510/20250509054434/https://www.mod.go.jp/asdf/3dep/prd/kakusyukouhyou/koukyou/koukyou_excell/nyuusatu/kouhyou-n-0512.xlsx,excel,asdf_3dep,第3補給処,航空自衛隊,2023,2023,14
https://warp.ndl.go.jp/20250510/20250509054434/https://www.mod.go.jp/asdf/3dep/prd/kakusyukouhyou/koukyou/koukyou_excell/nyuusatu/kouhyou-n-0605.xlsx,excel,asdf_3dep,第3補給処,航空自衛隊,2024,2024,4
https://warp.ndl.go.jp/20250510/20250509054434/https://www.mod.go.jp/asdf/3dep/prd/kakusyukouhyou/koukyou/koukyou_excell/nyuusatu/kouhyou-n-0606.xlsx,excel,asdf_3dep,第3補給処,航空自衛隊,2024,2024,11
https://warp.ndl.go.jp/20250510/20250509054434/https://www.mod.go.jp/asdf/3dep/prd/kakusyukouhyou/koukyou/koukyou_excell/nyuusatu/kouhyou-n-0607.xlsx,excel,asdf_3dep,第3補給処,航空自衛隊,2024,2024,26
https://warp.ndl.go.jp/20250510/20250509054434/https://www.mod.go.jp/asdf/3dep/prd/kakusyukouhyou/koukyou/koukyou_excell/nyuusatu/kouhyou-n-0608.xlsx,excel,asdf_3dep,第3補給処,航空自衛隊,2024,2024,50
https://warp.ndl.go.jp/20250510/20250509054434/https://www.mod.go.jp/asdf/3dep/prd/kakusyukouhyou/koukyou/koukyou_excell/nyuusatu/kouhyou-n-0609.xlsx,excel,asdf_3dep,第3補給処,航空自衛隊,2024,2024,42
https://warp.ndl.go.jp/20250510/20250509054434/https://www.mod.go.jp/asdf/3dep/prd/kakusyukouhyou/koukyou/koukyou_excell/nyuusatu/kouhyou-n-0610.xlsx,excel,asdf_3dep,第3補給処,航空自衛隊,2024,2024,45
https://warp.ndl.go.jp/20250510/20250509054434/https://www.mod.go.jp/asdf/3dep/prd/kakusyukouhyou/koukyou/koukyou_excell/nyuusatu/kouhyou-n-0611.xlsx,excel,asdf_3dep,第3補給処,航空自衛隊,2024,2024,24
https://warp.ndl.go.jp/20250510/20250509054434/https://www.mod.go.jp/asdf/3dep/prd/kakusyukouhyou/koukyou/koukyou_excell/nyuusatu/kouhyou-n-0612.xlsx,excel,asdf_3dep,第3補給処,航空自衛隊,2024,2024,29
https://warp.ndl.go.jp/20250510/20250509054434/https://www.mod.go.jp/asdf/3dep/prd/kakusyukouhyou/koukyou/koukyou_excell/nyuusatu/kouhyou-n-0701.xlsx,excel,asdf_3dep,第3補給処,航空自衛隊,2024,2024,19
https://warp.ndl.go.jp/20250510/20250509054434/https://www.mod.go.jp/asdf/3dep/prd/kakusyukouhyou/koukyou/koukyou_excell/nyuusatu/kouhyou-n-0702.xlsx,excel,asdf_3dep,第3補給処,航空自衛隊,2024,2024,10
https://warp.ndl.go.jp/20250510/20250509054434/https://www.mod.go.jp/asdf/3dep/prd/kakusyukouhyou/koukyou/koukyou_excell/nyuusatu/kouhyou-n-0703.xlsx,excel,asdf_3dep,第3補給処,航空自衛隊,2024,2024,16
https://warp.ndl.go.jp/20250510/20250509054434/https://www.mod.go.jp/asdf/3dep/prd/kakusyukouhyou/koukyou/koukyou_excell/nyuusatu/kouhyou-n-0705.xlsx,excel,asdf_3dep,第3補給処,航空自衛隊,2025,2025,3
https://warp.ndl.go.jp/20250510/20250509054434/https://www.mod.go.jp/asdf/3dep/prd/kakusyukouhyou/koukyou/koukyou_excell/nyuusatu/kouhyou-n-0706.xlsx,excel,asdf_3dep,第3補給処,航空自衛隊,2025,2025,10
https://warp.ndl.go.jp/20250510/20250509054434/https://www.mod.go.jp/asdf/3dep/prd/kakusyukouhyou/koukyou/koukyou_excell/nyuusatu/kouhyou-n-0707.xlsx,excel,asdf_3dep,第3補給処,航空自衛隊,2025,2025,23
https://warp.ndl.go.jp/20250510/20250509054434/https://www.mod.go.jp/asdf/3dep/prd/kakusyukouhyou/koukyou/koukyou_excell/zuikei/kouhyou-z-0501.xlsx,excel,asdf_3dep,第3補給処,航空自衛隊,2022,2022,34
https://warp.ndl.go.jp/20250510/20250509054434/https://www.mod.go.jp/asdf/3dep/prd/kakusyukouhyou/koukyou/koukyou_excell/zuikei/kouhyou-z-0502.xlsx,excel,asdf_3dep,第3補給処,航空自衛隊,2022,2022,154
https://warp.ndl.go.jp/20250510/20250509054434/https://www.mod.go.jp/asdf/3dep/prd/kakusyukouhyou/koukyou/koukyou_excell/zuikei/kouhyou-z-0503.xlsx,excel,asdf_3dep,第3補給処,航空自衛隊,2022,2022,90
https://warp.ndl.go.jp/20250510/20250509054434/https://www.mod.go.jp/asdf/3dep/prd/kakusyukouhyou/koukyou/koukyou_excell/zuikei/kouhyou-z-0504.xlsx,excel,asdf_3dep,第3補給処,航空自衛隊,2023,2023,69
https://warp.ndl.go.jp/20250510/20250509054434/https://www.mod.go.jp/asdf/3dep/prd/kakusyukouhyou/koukyou/koukyou_excell/zuikei/kouhyou-z-0505.xlsx,excel,asdf_3dep,第3補給処,航空自衛隊,2023,2023,33
https://warp.ndl.go.jp/20250510/20250509054434/https://www.mod.go.jp/asdf/3dep/prd/kakusyukouhyou/koukyou/koukyou_excell/zuikei/kouhyou-z-0506.xlsx,excel,asdf_3dep,第3補給処,航空自衛隊,2023,2023,180
https://warp.ndl.go.jp/20250510/20250509054434/https://www.mod.go.jp/asdf/3dep/prd/kakusyukouhyou/koukyou/koukyou_excell/zuikei/kouhyou-z-0507.xlsx,excel,asdf_3dep,第3補給処,航空自衛隊,2023,2023,113
https://warp.ndl.go.jp/20250510/20250509054434/https://www.mod.go.jp/asdf/3dep/prd/kakusyukouhyou/koukyou/koukyou_excell/zuikei/kouhyou-z-0508.xlsx,excel,asdf_3dep,第3補給処,航空自衛隊,2023,2023,190
https://warp.ndl.go.jp/20250510/20250509054434/https://www.mod.go.jp/asdf/3dep/prd/kakusyukouhyou/koukyou/koukyou_excell/zuikei/kouhyou-z-0509.xlsx,excel,asdf_3dep,第3補給処,航空自衛隊,2023,2023,352
https://warp.ndl.go.jp/20250510/20250509054434/https://www.mod.go.jp/asdf/3dep/prd/kakusyukouhyou/koukyou/koukyou_excell/zuikei/kouhyou-z-0510.xlsx,excel,asdf_3dep,第3補給処,航空自衛隊,2023,2023,162
https://warp.ndl.go.jp/20250510/20250509054434/https://www.mod.go.jp/asdf/3dep/prd/kakusyukouhyou/koukyou/koukyou_excell/zuikei/kouhyou-z-0511.xlsx,excel,asdf_3dep,第3補給処,航空自衛隊,2023,2023,107
https://warp.ndl.go.jp/20250510/20250509054434/https://www.mod.go.jp/asdf/3dep/prd/kakusyukouhyou/koukyou/koukyou_excell/zuikei/kouhyou-z-0512.xlsx,excel,asdf_3dep,第3補給処,航空自衛隊,2023,2023,70
https://warp.ndl.go.jp/20250510/20250509054434/https://www.mod.go.jp/asdf/3dep/prd/kakusyukouhyou/koukyou/koukyou_excell/zuikei/kouhyou-z-0604.xlsx,excel,asdf_3dep,第3補給処,航空自衛隊,2024,2024,43
https://warp.ndl.go.jp/20250510/20250509054434/https://www.mod.go.jp/asdf/3dep/prd/kakusyukouhyou/koukyou/koukyou_excell/zuikei/kouhyou-z-0605.xlsx,excel,asdf_3dep,第3補給処,航空自衛隊,2024,2024,21
https://warp.ndl.go.jp/20250510/20250509054434/https://www.mod.go.jp/asdf/3dep/prd/kakusyukouhyou/koukyou/koukyou_excell/zuikei/kouhyou-z-0606.xlsx,excel,asdf_3dep,第3補給処,航空自衛隊,2024,2024,45
https://warp.ndl.go.jp/20250510/20250509054434/https://www.mod.go.jp/asdf/3dep/prd/kakusyukouhyou/koukyou/koukyou_excell/zuikei/kouhyou-z-0607.xlsx,excel,asdf_3dep,第3補給処,航空自衛隊,2024,2024,62
https://warp.ndl.go.jp/20250510/20250509054434/https://www.mod.go.jp/asdf/3dep/prd/kakusyukouhyou/koukyou/koukyou_excell/zuikei/kouhyou-z-0608.xlsx,excel,asdf_3dep,第3補給処,航空自衛隊,2024,2024,60
https://warp.ndl.go.jp/20250510/20250509054434/https://www.mod.go.jp/asdf/3dep/prd/kakusyukouhyou/koukyou/koukyou_excell/zuikei/kouhyou-z-0609.xlsx,excel,asdf_3dep,第3補給処,航空自衛隊,2024,2024,138
https://warp.ndl.go.jp/20250510/20250509054434/https://www.mod.go.jp/asdf/3dep/prd/kakusyukouhyou/koukyou/koukyou_excell/zuikei/kouhyou-z-0610.xlsx,excel,asdf_3dep,第3補給処,航空自衛隊,2024,2024,155
https://warp.ndl.go.jp/20250510/20250509054434/https://www.mod.go.jp/asdf/3dep/prd/kakusyukouhyou/koukyou/koukyou_excell/zuikei/kouhyou-z-0611.xlsx,excel,asdf_3dep,第3補給処,航空自衛隊,2024,2024,139
https://warp.ndl.go.jp/20250510/20250509054434/https://www.mod.go.jp/asdf/3dep/prd/kakusyukouhyou/koukyou/koukyou_excell/zuikei/kouhyou-z-0612.xlsx,excel,asdf_3dep,第3補給処,航空自衛隊,2024,2024,169
https://warp.ndl.go.jp/20250510/20250509054434/https://www.mod.go.jp/asdf/3dep/prd/kakusyukouhyou/koukyou/koukyou_excell/zuikei/kouhyou-z-0701.xlsx,excel,asdf_3dep,第3補給処,航空自衛隊,2024,2024,95
https://warp.ndl.go.jp/20250510/20250509054434/https://www.mod.go.jp/asdf/3dep/prd/kakusyukouhyou/koukyou/koukyou_excell/zuikei/kouhyou-z-0702.xlsx,excel,asdf_3dep,第3補給処,航空自衛隊,2024,2024,110
https://warp.ndl.go.jp/20250510/20250509054434/https://www.mod.go.jp/asdf/3dep/prd/kakusyukouhyou/koukyou/koukyou_excell/zuikei/kouhyou-z-0703.xlsx,excel,asdf_3dep,第3補給処,航空自衛隊,2024,2024,239
https://warp.ndl.go.jp/20250510/20250509054434/https://www.mod.go.jp/asdf/3dep/prd/kakusyukouhyou/koukyou/koukyou_excell/zuikei/kouhyou-z-0704.xlsx,excel,asdf_3dep,第3補給処,航空自衛隊,2025,2025,33
https://warp.ndl.go.jp/20250510/20250509054434/https://www.mod.go.jp/asdf/3dep/prd/kakusyukouhyou/koukyou/koukyou_excell/zuikei/kouhyou-z-0705.xlsx,excel,asdf_3dep,第3補給処,航空自衛隊,2025,2025,25
https://warp.ndl.go.jp/20250510/20250509054434/https://www.mod.go.jp/asdf/3dep/prd/kakusyukouhyou/koukyou/koukyou_excell/zuikei/kouhyou-z-0706.xlsx,excel,asdf_3dep,第3補給処,航空自衛隊,2025,2025,55
https://warp.ndl.go.jp/20250510/20250509054434/https://www.mod.go.jp/asdf/3dep/prd/kakusyukouhyou/koukyou/koukyou_excell/zuikei/kouhyou-z-0707.xlsx,excel,asdf_3dep,第3補給処,航空自衛隊,2025,2025,103
https://warp.ndl.go.jp/20230715/20230715000000/https://www.mod.go.jp/asdf/akita/sp/choutatsu/pdf/R4tekiseika4.pdf,warp_crawler,asdf_akita,秋田分屯基地,航空自衛隊,2022,2022,9
https://warp.ndl.go.jp/20230715/20230715000000/https://www.mod.go.jp/asdf/akita/sp/choutatsu/pdf/R4tekiseika5.pdf,warp_crawler,asdf_akita,秋田分屯基地,航空自衛隊,2022,2022,3
https://warp.ndl.go.jp/20230715/20230715000000/https://www.mod.go.jp/asdf/akita/sp/choutatsu/pdf/R4tekiseika6.pdf,warp_crawler,asdf_akita,秋田分屯基地,航空自衛隊,2022,2022,5
https://warp.ndl.go.jp/20230715/20230715000000/https://www.mod.go.jp/asdf/chitose/acs/04081777777.pdf,warp_crawler,asdf_chitose,千歳基地,航空自衛隊,2022,2022,33
https://warp.ndl.go.jp/20230715/20230715000000/https://www.mod.go.jp/asdf/chitose/acs/R4.12koukyoutyoutatu.pdf,warp_crawler,asdf_chitose,千歳基地,航空自衛隊,2022,2022,26
https://warp.ndl.go.jp/20230715/20230715000000/https://www.mod.go.jp/asdf/chitose/acs/koukyou0410.pdf,warp_crawler,asdf_chitose,千歳基地,航空自衛隊,2022,2022,38
https://warp.ndl.go.jp/20230715/20230715000000/https://www.mod.go.jp/asdf/chitose/acs/koukyouR4.6.pdf,warp_crawler,asdf_chitose,千歳基地,航空自衛隊,2022,2022,3
https://warp.ndl.go.jp/20230715/20230715000000/https://www.mod.go.jp/asdf/chitose/acs/koukyouchoutatsu0213.pdf,warp_crawler,asdf_chitose,千歳基地,航空自衛隊,2022,2022,24
https://warp.ndl.go.jp/20230715/20230715000000/https://www.mod.go.jp/asdf/chitose/acs/koukyouchoutatu050322.pdf,warp_crawler,asdf_chitose,千歳基地,航空自衛隊,2022,2022,39
https://warp.ndl.go.jp/20230715/20230715000000/https://www.mod.go.jp/asdf/chitose/acs/koukyoutyoutatu.pdf,warp_crawler,asdf_chitose,千歳基地,航空自衛隊,2022,2022,24
https://warp.ndl.go.jp/20230715/20230715000000/https://www.mod.go.jp/asdf/chitose/acs/koukyoutyoutatutekiseikahyou4.8.pdf,warp_crawler,asdf_chitose,千歳基地,航空自衛隊,2022,2022,21
https://warp.ndl.go.jp/20230715/20230715000000/https://www.mod.go.jp/asdf/chitose/acs/koukyoutyoutatutekiseikar4.4.pdf,warp_crawler,asdf_chitose,千歳基地,航空自衛隊,2022,2022,61
https://warp.ndl.go.jp/20230715/20230715000000/https://www.mod.go.jp/asdf/chitose/acs/koukyoutyoutatutekiseikar4.5.pdf,warp_crawler,asdf_chitose,千歳基地,航空自衛隊,2022,2022,32
https://warp.ndl.go.jp/20230715/20230715000000/https://www.mod.go.jp/asdf/chitose/acs/r406040720koukyou.pdf,warp_crawler,asdf_chitose,千歳基地,航空自衛隊,2022,2022,56
https://warp.ndl.go.jp/20230715/20230715000000/https://www.mod.go.jp/asdf/chitose/acs/tekiseiR4.11.pdf,warp_crawler,asdf_chitose,千歳基地,航空自衛隊,2022,2022,19
https://warp.ndl.go.jp/20230715/20230715000000/https://www.mod.go.jp/asdf/fuchu/acs/jyoho/5.3kekka.pdf,warp_crawler,asdf_fuchu,府中基地,航空自衛隊,2022,2022,7
https://warp.ndl.go.jp/20230715/20230715000000/https://www.mod.go.jp/asdf/fuchu/acs/jyoho/kisho04-j10kouji.pdf,warp_crawler,asdf_fuchu,府中基地,航空自衛隊,2022,2022,1
https://warp.ndl.go.jp/20230715/20230715000000/https://www.mod.go.jp/asdf/fuchu/acs/jyoho/kisho04-j6kouji.pdf,warp_crawler,asdf_fuchu,府中基地,航空自衛隊,2022,2022,1
https://warp.ndl.go.jp/20230715/20230715000000/https://www.mod.go.jp/asdf/fuchu/acs/jyoho/kisho04-j8kouji.pdf,warp_crawler,asdf_fuchu,府中基地,航空自衛隊,2022,2022,1
https://warp.ndl.go.jp/20230715/20230715000000/https://www.mod.go.jp/asdf/fuchu/acs/jyoho/kisho04-j9kouji.pdf,warp_crawler,asdf_fuchu,府中基地,航空自衛隊,2022,2022,1
https://warp.ndl.go.jp/20240715/20240715000000/https://www.mod.go.jp/asdf/fuchu/acs/jyoho/kisho05-j6kouji.pdf,warp_crawler,asdf_fuchu,府中基地,航空自衛隊,2023,2023,5
https://warp.ndl.go.jp/20240715/20240715000000/https://www.mod.go.jp/asdf/fuchu/acs/jyoho/kisho05-j7koujikekka.pdf,warp_crawler,asdf_fuchu,府中基地,航空自衛隊,2023,2023,1
https://warp.ndl.go.jp/20230715/20230715000000/https://www.mod.go.jp/asdf/gifu/acd/0410choutatsukouhyou_041208.pdf,warp_crawler,asdf_gifu,岐阜基地,航空自衛隊,2022,2022,17
https://warp.ndl.go.jp/20230715/20230715000000/https://www.mod.go.jp/asdf/gifu/acd/R0408keiyakukouhyou.pdf,warp_crawler,asdf_gifu,岐阜基地,航空自衛隊,2022,2022,12
https://warp.ndl.go.jp/20230715/20230715000000/https://www.mod.go.jp/asdf/gifu/acd/R407kouhyou_040830.pdf,warp_crawler,asdf_gifu,岐阜基地,航空自衛隊,2022,2022,13
https://warp.ndl.go.jp/20230715/20230715000000/https://www.mod.go.jp/asdf/gifu/acd/R411choutatsukouhyou_050105.pdf,warp_crawler,asdf_gifu,岐阜基地,航空自衛隊,2022,2022,9
https://warp.ndl.go.jp/20230715/20230715000000/https://www.mod.go.jp/asdf/gifu/acd/R412choutatsukouhyou_050211.pdf,warp_crawler,asdf_gifu,岐阜基地,航空自衛隊,2022,2022,9
https://warp.ndl.go.jp/20230715/20230715000000/https://www.mod.go.jp/asdf/gifu/acd/R501choutatsukouhyou_050310.pdf,warp_crawler,asdf_gifu,岐阜基地,航空自衛隊,2022,2022,16
https://warp.ndl.go.jp/20230715/20230715000000/https://www.mod.go.jp/asdf/gifu/acd/R502choutatsukouhyou_050410.pdf,warp_crawler,asdf_gifu,岐阜基地,航空自衛隊,2022,2022,20
https://warp.ndl.go.jp/20230715/20230715000000/https://www.mod.go.jp/asdf/gifu/acd/R503choutatsukouhyou_050510.pdf,warp_crawler,asdf_gifu,岐阜基地,航空自衛隊,2022,2022,6
https://warp.ndl.go.jp/20230715/20230715000000/https://www.mod.go.jp/asdf/gifu/acd/chotatsukouhyou_0409.pdf,warp_crawler,asdf_gifu,岐阜基地,航空自衛隊,2022,2022,8
https://warp.ndl.go.jp/20240715/20240715000000/https://www.mod.go.jp/asdf/gifu/acd/R505choutatsukouhyou_050628.pdf,warp_crawler,asdf_gifu,岐阜基地,航空自衛隊,2023,2023,14
https://warp.ndl.go.jp/20240715/20240715000000/https://www.mod.go.jp/asdf/gifu/acd/R506choutatsukouhyou_050718.pdf,warp_crawler,asdf_gifu,岐阜基地,航空自衛隊,2023,2023,18
https://warp.ndl.go.jp/20240715/20240715000000/https://www.mod.go.jp/asdf/gifu/acd/R507choutatsukouhyou_050817.pdf,warp_crawler,asdf_gifu,岐阜基地,航空自衛隊,2023,2023,24
https://warp.ndl.go.jp/20240715/20240715000000/https://www.mod.go.jp/asdf/gifu/acd/R508choutatsukouhyou_051006.pdf,warp_crawler,asdf_gifu,岐阜基地,航空自衛隊,2023,2023,11
https://warp.ndl.go.jp/20240715/20240715000000/https://www.mod.go.jp/asdf/gifu/acd/R509choutatsujouhoukohyou_051020.pdf,warp_crawler,asdf_gifu,岐阜基地,航空自衛隊,2023,2023,14
https://warp.ndl.go.jp/20250610/20250603193125/https://www.mod.go.jp/asdf/gifu/acd/0604choutatsujouhou_060627.pdf,pdf,asdf_gifu,岐阜基地,航空自衛隊,2024,2024,10
https://warp.ndl.go.jp/20250610/20250603193125/https://www.mod.go.jp/asdf/gifu/acd/R605choutatsukouhyou.pdf,pdf,asdf_gifu,岐阜基地,航空自衛隊,2024,2024,5
https://warp.ndl.go.jp/20250610/20250603193125/https://www.mod.go.jp/asdf/gifu/acd/R606choutatsukouhyou.pdf,pdf,asdf_gifu,岐阜基地,航空自衛隊,2024,2024,14
https://warp.ndl.go.jp/20250610/20250603193125/https://www.mod.go.jp/asdf/gifu/acd/R607choutatsukouhyou.pdf,pdf,asdf_gifu,岐阜基地,航空自衛隊,2024,2024,13
https://warp.ndl.go.jp/20250610/20250603193125/https://www.mod.go.jp/asdf/gifu/acd/R608choko3.pdf,pdf,asdf_gifu,岐阜基地,航空自衛隊,2024,2024,11
https://warp.ndl.go.jp/20250610/20250603193125/https://www.mod.go.jp/asdf/gifu/acd/R609choko3.pdf,pdf,asdf_gifu,岐阜基地,航空自衛隊,2024,2024,10
https://warp.ndl.go.jp/20250610/20250603193125/https://www.mod.go.jp/asdf/gifu/acd/R610choko4.pdf,pdf,asdf_gifu,岐阜基地,航空自衛隊,2024,2024,10
https://warp.ndl.go.jp/20250610/20250603193125/https://www.mod.go.jp/asdf/gifu/acd/R611choko2.pdf,pdf,asdf_gifu,岐阜基地,航空自衛隊,2024,2024,16
https://warp.ndl.go.jp/20250610/20250603193125/https://www.mod.go.jp/asdf/gifu/acd/R612choko2.pdf,pdf,asdf_gifu,岐阜基地,航空自衛隊,2024,2024,12
https://warp.ndl.go.jp/20230715/20230715000000/https://www.mod.go.jp/asdf/hamamatsu/choutatsu/koukoku/choutatu4.4.20220629.pdf,warp_crawler,asdf_hamamatsu,浜松基地,航空自衛隊,2022,2022,29
https://warp.ndl.go.jp/20230715/20230715000000/https://www.mod.go.jp/asdf/hamamatsu/choutatsu/koukoku/choutatu4.5.20220629.pdf,warp_crawler,asdf_hamamatsu,浜松基地,航空自衛隊,2022,2022,21
https://warp.ndl.go.jp/20230715/20230715000000/https://www.mod.go.jp/asdf/hamamatsu/choutatsu/koukoku/choutatu4.6.20220801.pdf,warp_crawler,asdf_hamamatsu,浜松基地,航空自衛隊,2022,2022,14
https://warp.ndl.go.jp/20230715/20230715000000/https://www.mod.go.jp/asdf/hamamatsu/choutatsu/koukoku/choutatu4.7.20220819.pdf,warp_crawler,asdf_hamamatsu,浜松基地,航空自衛隊,2022,2022,24
https://warp.ndl.go.jp/20230715/20230715000000/https://www.mod.go.jp/asdf/hamamatsu/choutatsu/koukoku/choutatu4.7.20230407-2.pdf,warp_crawler,asdf_hamamatsu,浜松基地,航空自衛隊,2022,2022,18
https://warp.ndl.go.jp/20230715/20230715000000/https://www.mod.go.jp/asdf/hamamatsu/choutatsu/koukoku/choutatu4.7.20230407-3.pdf,warp_crawler,asdf_hamamatsu,浜松基地,航空自衛隊,2022,2022,17
https://warp.ndl.go.jp/20230715/20230715000000/https://www.mod.go.jp/asdf/hamamatsu/choutatsu/koukoku/choutatu4.7.20230407-4.pdf,warp_crawler,asdf_hamamatsu,浜松基地,航空自衛隊,2022,2022,18
https://warp.ndl.go.jp/20230715/20230715000000/https://www.mod.go.jp/asdf/hamamatsu/choutatsu/koukoku/choutatu4.7.20230407-5.pdf,warp_crawler,asdf_hamamatsu,浜松基地,航空自衛隊,2022,2022,3
https://warp.ndl.go.jp/20230715/20230715000000/https://www.mod.go.jp/asdf/hamamatsu/choutatsu/koukoku/choutatu4.7.20230407.pdf,warp_crawler,asdf_hamamatsu,浜松基地,航空自衛隊,2022,2022,22
https://warp.ndl.go.jp/20230715/20230715000000/https://www.mod.go.jp/asdf/hamamatsu/choutatsu/koukoku/choutatu4.8.20220920.pdf,warp_crawler,asdf_hamamatsu,浜松基地,航空自衛隊,2022,2022,14
https://warp.ndl.go.jp/20230715/20230715000000/https://www.mod.go.jp/asdf/hamamatsu/choutatsu/koukoku/choutatu4.9.20221007-2.pdf,warp_crawler,asdf_hamamatsu,浜松基地,航空自衛隊,2022,2022,17
https://warp.ndl.go.jp/20230715/20230715000000/https://www.mod.go.jp/asdf/hamamatsu/choutatsu/koukoku/choutatu4.9.20221111.pdf,warp_crawler,asdf_hamamatsu,浜松基地,航空自衛隊,2022,2022,15
https://warp.ndl.go.jp/20240715/20240715000000/https://www.mod.go.jp/asdf/hofuminami/koukoku/kohyo/R5/10.pdf,warp_crawler,asdf_hofuminami,防府南基地,航空自衛隊,2023,2023,1
https://warp.ndl.go.jp/20240715/20240715000000/https://www.mod.go.jp/asdf/hofuminami/koukoku/kohyo/R5/11.pdf,warp_crawler,asdf_hofuminami,防府南基地,航空自衛隊,2023,2023,13
https://warp.ndl.go.jp/20240715/20240715000000/https://www.mod.go.jp/asdf/hofuminami/koukoku/kohyo/R5/4.pdf,warp_crawler,asdf_hofuminami,防府南基地,航空自衛隊,2023,2023,19
https://warp.ndl.go.jp/20240715/20240715000000/https://www.mod.go.jp/asdf/hofuminami/koukoku/kohyo/R5/5.pdf,warp_crawler,asdf_hofuminami,防府南基地,航空自衛隊,2023,2023,15
https://warp.ndl.go.jp/20240715/20240715000000/https://www.mod.go.jp/asdf/hofuminami/koukoku/kohyo/R5/6.pdf,warp_crawler,asdf_hofuminami,防府南基地,航空自衛隊,2023,2023,14
https://warp.ndl.go.jp/20240715/20240715000000/https://www.mod.go.jp/asdf/hofuminami/koukoku/kohyo/R5/7.pdf,warp_crawler,asdf_hofuminami,防府南基地,航空自衛隊,2023,2023,15
https://warp.ndl.go.jp/20240715/20240715000000/https://www.mod.go.jp/asdf/hofuminami/koukoku/kohyo/R5/8.pdf,warp_crawler,asdf_hofuminami,防府南基地,航空自衛隊,2023,2023,11
https://warp.ndl.go.jp/20240715/20240715000000/https://www.mod.go.jp/asdf/hofuminami/koukoku/kohyo/R5/9.pdf,warp_crawler,asdf_hofuminami,防府南基地,航空自衛隊,2023,2023,5
https://warp.ndl.go.jp/20240810/20240802114246/https://www.mod.go.jp/asdf/hyakuri/acs/2-7_procurement//kouhyou/5-10kouhyou.pdf,warp_crawler,asdf_hyakuri,百里基地,航空自衛隊,2023,2023,14
https://warp.ndl.go.jp/20240810/20240802114246/https://www.mod.go.jp/asdf/hyakuri/acs/2-7_procurement//kouhyou/5-11kouhyou.pdf,warp_crawler,asdf_hyakuri,百里基地,航空自衛隊,2023,2023,20
https://warp.ndl.go.jp/20240810/20240802114246/https://www.mod.go.jp/asdf/hyakuri/acs/2-7_procurement//kouhyou/5-12kouhyou.pdf,warp_crawler,asdf_hyakuri,百里基地,航空自衛隊,2023,2023,6
https://warp.ndl.go.jp/20240810/20240802114246/https://www.mod.go.jp/asdf/hyakuri/acs/2-7_procurement//kouhyou/5-9kouhyou.pdf,warp_crawler,asdf_hyakuri,百里基地,航空自衛隊,2023,2023,21
https://warp.ndl.go.jp/20240810/20240802114246/https://www.mod.go.jp/asdf/hyakuri/acs/2-7_procurement//kouhyou/6-1kouhyou.pdf,warp_crawler,asdf_hyakuri,百里基地,航空自衛隊,2023,2023,11
https://warp.ndl.go.jp/20240810/20240802114246/https://www.mod.go.jp/asdf/hyakuri/acs/2-7_procurement//kouhyou/6-2kouhyou.pdf,warp_crawler,asdf_hyakuri,百里基地,航空自衛隊,2023,2023,20
https://warp.ndl.go.jp/20230715/20230715000000/https://www.mod.go.jp/asdf/ichigaya/tyoutatsu/tyoutatsu1/koukoku/nyuusatusyo-5-165.xlsx,warp_crawler,asdf_ichigaya,市ヶ谷基地,航空自衛隊,2022,2022,22
https://warp.ndl.go.jp/20230715/20230715000000/https://www.mod.go.jp/asdf/ichigaya/tyoutatsu/tyoutatsu1/koukyou_zuiikei/tekiseika0404.pdf,warp_crawler,asdf_ichigaya,市ヶ谷基地,航空自衛隊,2022,2022,41
https://warp.ndl.go.jp/20230715/20230715000000/https://www.mod.go.jp/asdf/ichigaya/tyoutatsu/tyoutatsu1/koukyou_zuiikei/tekiseika0405.pdf,warp_crawler,asdf_ichigaya,市ヶ谷基地,航空自衛隊,2022,2022,12
https://warp.ndl.go.jp/20230715/20230715000000/https://www.mod.go.jp/asdf/ichigaya/tyoutatsu/tyoutatsu1/koukyou_zuiikei/tekiseika0406.pdf,warp_crawler,asdf_ichigaya,市ヶ谷基地,航空自衛隊,2022,2022,23
https://warp.ndl.go.jp/20230715/20230715000000/https://www.mod.go.jp/asdf/ichigaya/tyoutatsu/tyoutatsu1/koukyou_zuiikei/tekiseika0407.pdf,warp_crawler,asdf_ichigaya,市ヶ谷基地,航空自衛隊,2022,2022,14
https://warp.ndl.go.jp/20230715/20230715000000/https://www.mod.go.jp/asdf/ichigaya/tyoutatsu/tyoutatsu1/koukyou_zuiikei/tekiseika0408.pdf,warp_crawler,asdf_ichigaya,市ヶ谷基地,航空自衛隊,2022,2022,7
https://warp.ndl.go.jp/20230715/20230715000000/https://www.mod.go.jp/asdf/ichigaya/tyoutatsu/tyoutatsu1/koukyou_zuiikei/tekiseika0409.pdf,warp_crawler,asdf_ichigaya,市ヶ谷基地,航空自衛隊,2022,2022,13
https://warp.ndl.go.jp/20230715/20230715000000/https://www.mod.go.jp/asdf/ichigaya/tyoutatsu/tyoutatsu1/koukyou_zuiikei/tekiseika0410.pdf,warp_crawler,asdf_ichigaya,市ヶ谷基地,航空自衛隊,2022,2022,9
https://warp.ndl.go.jp/20230715/20230715000000/https://www.mod.go.jp/asdf/ichigaya/tyoutatsu/tyoutatsu1/koukyou_zuiikei/tekiseika0411.pdf,warp_crawler,asdf_ichigaya,市ヶ谷基地,航空自衛隊,2022,2022,11
https://warp.ndl.go.jp/20230715/20230715000000/https://www.mod.go.jp/asdf/ichigaya/tyoutatsu/tyoutatsu1/koukyou_zuiikei/tekiseika0412.pdf,warp_crawler,asdf_ichigaya,市ヶ谷基地,航空自衛隊,2022,2022,11
https://warp.ndl.go.jp/20230715/20230715000000/https://www.mod.go.jp/asdf/ichigaya/tyoutatsu/tyoutatsu1/koukyou_zuiikei/tekiseika0501.pdf,warp_crawler,asdf_ichigaya,市ヶ谷基地,航空自衛隊,2022,2022,4
https://warp.ndl.go.jp/20230715/20230715000000/https://www.mod.go.jp/asdf/ichigaya/tyoutatsu/tyoutatsu1/koukyou_zuiikei/tekiseika0502.pdf,warp_crawler,asdf_ichigaya,市ヶ谷基地,航空自衛隊,2022,2022,11
https://warp.ndl.go.jp/20230715/20230715000000/https://www.mod.go.jp/asdf/ichigaya/tyoutatsu/tyoutatsu1/koukyou_zuiikei/tekiseika0503.pdf,warp_crawler,asdf_ichigaya,市ヶ谷基地,航空自衛隊,2022,2022,3
https://warp.ndl.go.jp/20240715/20240715000000/https://www.mod.go.jp/asdf/ichigaya/tyoutatsu/tyoutatsu1/koukyou_zuiikei/tekiseika0504.pdf,warp_crawler,asdf_ichigaya,市ヶ谷基地,航空自衛隊,2023,2023,43
https://warp.ndl.go.jp/20240715/20240715000000/https://www.mod.go.jp/asdf/ichigaya/tyoutatsu/tyoutatsu1/koukyou_zuiikei/tekiseika0505.pdf,warp_crawler,asdf_ichigaya,市ヶ谷基地,航空自衛隊,2023,2023,10
https://warp.ndl.go.jp/20240715/20240715000000/https://www.mod.go.jp/asdf/ichigaya/tyoutatsu/tyoutatsu1/koukyou_zuiikei/tekiseika0506.pdf,warp_crawler,asdf_ichigaya,市ヶ谷基地,航空自衛隊,2023,2023,16
https://warp.ndl.go.jp/20240715/20240715000000/https://www.mod.go.jp/asdf/ichigaya/tyoutatsu/tyoutatsu1/koukyou_zuiikei/tekiseika0507.pdf,warp_crawler,asdf_ichigaya,市ヶ谷基地,航空自衛隊,2023,2023,28
https://warp.ndl.go.jp/20240715/20240715000000/https://www.mod.go.jp/asdf/ichigaya/tyoutatsu/tyoutatsu1/koukyou_zuiikei/tekiseika0508.pdf,warp_crawler,asdf_ichigaya,市ヶ谷基地,航空自衛隊,2023,2023,14
https://warp.ndl.go.jp/20240715/20240715000000/https://www.mod.go.jp/asdf/ichigaya/tyoutatsu/tyoutatsu1/koukyou_zuiikei/tekiseika0509.pdf,warp_crawler,asdf_ichigaya,市ヶ谷基地,航空自衛隊,2023,2023,21
https://warp.ndl.go.jp/20240715/20240715000000/https://www.mod.go.jp/asdf/ichigaya/tyoutatsu/tyoutatsu1/koukyou_zuiikei/tekiseika0510.pdf,warp_crawler,asdf_ichigaya,市ヶ谷基地,航空自衛隊,2023,2023,13
https://warp.ndl.go.jp/20240715/20240715000000/https://www.mod.go.jp/asdf/ichigaya/tyoutatsu/tyoutatsu1/koukyou_zuiikei/tekiseika0511.pdf,warp_crawler,asdf_ichigaya,市ヶ谷基地,航空自衛隊,2023,2023,12
https://warp.ndl.go.jp/20240715/20240715000000/https://www.mod.go.jp/asdf/ichigaya/tyoutatsu/tyoutatsu1/koukyou_zuiikei/tekiseika0512.pdf,warp_crawler,asdf_ichigaya,市ヶ谷基地,航空自衛隊,2023,2023,18
https://warp.ndl.go.jp/20240715/20240715000000/https://www.mod.go.jp/asdf/ichigaya/tyoutatsu/tyoutatsu1/koukyou_zuiikei/tekiseika0601.pdf,warp_crawler,asdf_ichigaya,市ヶ谷基地,航空自衛隊,2023,2023,14
https://warp.ndl.go.jp/20240715/20240715000000/https://www.mod.go.jp/asdf/ichigaya/tyoutatsu/tyoutatsu1/koukyou_zuiikei/tekiseika0602.pdf,warp_crawler,asdf_ichigaya,市ヶ谷基地,航空自衛隊,2023,2023,19
https://warp.ndl.go.jp/20240715/20240715000000/https://www.mod.go.jp/asdf/ichigaya/tyoutatsu/tyoutatsu1/koukyou_zuiikei/tekiseika0603.pdf,warp_crawler,asdf_ichigaya,市ヶ谷基地,航空自衛隊,2023,2023,9
https://warp.ndl.go.jp/20240715/20240715000000/https://www.mod.go.jp/asdf/iruma/bosyu/raising/images/0511-2kouhyou.pdf,warp_crawler,asdf_iruma,入間基地,航空自衛隊,2023,2023,35
https://warp.ndl.go.jp/20250510/20250509054434/https://www.mod.go.jp/asdf/kasuga/second/kaikei/10gatubunkoukyou.pdf,ocr_pdf,asdf_kasuga,春日基地,航空自衛隊,2024,2024,6
https://warp.ndl.go.jp/20250510/20250509054434/https://www.mod.go.jp/asdf/kasuga/second/kaikei/7gatubunnkouji.pdf,ocr_pdf,asdf_kasuga,春日基地,航空自衛隊,2024,2024,6
https://warp.ndl.go.jp/20250510/20250509054434/https://www.mod.go.jp/asdf/kasuga/second/kaikei/8gatsu.pdf,ocr_pdf,asdf_kasuga,春日基地,航空自衛隊,2024,2024,19
https://warp.ndl.go.jp/20250510/20250509054434/https://www.mod.go.jp/asdf/kasuga/second/kaikei/9gatsu2.pdf,ocr_pdf,asdf_kasuga,春日基地,航空自衛隊,2024,2024,7
https://warp.ndl.go.jp/20250510/20250509054434/https://www.mod.go.jp/asdf/kasuga/second/kaikei/koukyochoutatsu11.pdf,ocr_pdf,asdf_kasuga,春日基地,航空自衛隊,2024,2024,17
https://warp.ndl.go.jp/20250510/20250509054434/https://www.mod.go.jp/asdf/kasuga/second/kaikei/koukyouchoutatsu1.pdf,ocr_pdf,asdf_kasuga,春日基地,航空自衛隊,2024,2024,20
https://warp.ndl.go.jp/20250510/20250509054434/https://www.mod.go.jp/asdf/kasuga/second/kaikei/koukyouchoutatsu12.pdf,ocr_pdf,asdf_kasuga,春日基地,航空自衛隊,2024,2024,36
https://warp.ndl.go.jp/20250510/20250509054434/https://www.mod.go.jp/asdf/kasuga/second/kaikei/koukyouchoutatsu2.pdf,ocr_pdf,asdf_kasuga,春日基地,航空自衛隊,2024,2024,78
https://warp.ndl.go.jp/20250510/20250509054434/https://www.mod.go.jp/asdf/kasuga/second/kaikei/koukyouchoutatsu3.pdf,ocr_pdf,asdf_kasuga,春日基地,航空自衛隊,2024,2024,16
https://warp.ndl.go.jp/20250510/20250509054434/https://www.mod.go.jp/asdf/kasuga/second/kaikei/tekiseika04.pdf,ocr_pdf,asdf_kasuga,春日基地,航空自衛隊,2024,2024,16
https://warp.ndl.go.jp/20250510/20250509054434/https://www.mod.go.jp/asdf/kasuga/second/kaikei/tekiseika05.pdf,ocr_pdf,asdf_kasuga,春日基地,航空自衛隊,2024,2024,10
https://warp.ndl.go.jp/20250510/20250509054434/https://www.mod.go.jp/asdf/kasuga/second/kaikei/tekiseika06.pdf,ocr_pdf,asdf_kasuga,春日基地,航空自衛隊,2024,2024,17
https://warp.ndl.go.jp/20230809/20230806134805/https://www.mod.go.jp/asdf/komaki/tyoutatu/chotatsu/R4kokyochotatsu/1.pdf,warp_crawler,asdf_komaki,小牧基地,航空自衛隊,2022,2022,7
https://warp.ndl.go.jp/20230809/20230806134805/https://www.mod.go.jp/asdf/komaki/tyoutatu/chotatsu/R4kokyochotatsu/10.pdf,warp_crawler,asdf_komaki,小牧基地,航空自衛隊,2022,2022,8
https://warp.ndl.go.jp/20230809/20230806134805/https://www.mod.go.jp/asdf/komaki/tyoutatu/chotatsu/R4kokyochotatsu/11.pdf,warp_crawler,asdf_komaki,小牧基地,航空自衛隊,2022,2022,9
https://warp.ndl.go.jp/20230809/20230806134805/https://www.mod.go.jp/asdf/komaki/tyoutatu/chotatsu/R4kokyochotatsu/12.pdf,warp_crawler,asdf_komaki,小牧基地,航空自衛隊,2022,2022,15
https://warp.ndl.go.jp/20230809/20230806134805/https://www.mod.go.jp/asdf/komaki/tyoutatu/chotatsu/R4kokyochotatsu/2.pdf,warp_crawler,asdf_komaki,小牧基地,航空自衛隊,2022,2022,17
https://warp.ndl.go.jp/20230809/20230806134805/https://www.mod.go.jp/asdf/komaki/tyoutatu/chotatsu/R4kokyochotatsu/3.pdf,warp_crawler,asdf_komaki,小牧基地,航空自衛隊,2022,2022,1
https://warp.ndl.go.jp/20230809/20230806134805/https://www.mod.go.jp/asdf/komaki/tyoutatu/chotatsu/R4kokyochotatsu/6.pdf,warp_crawler,asdf_komaki,小牧基地,航空自衛隊,2022,2022,11
https://warp.ndl.go.jp/20230809/20230806134805/https://www.mod.go.jp/asdf/komaki/tyoutatu/chotatsu/R4kokyochotatsu/7.pdf,warp_crawler,asdf_komaki,小牧基地,航空自衛隊,2022,2022,9
https://warp.ndl.go.jp/20230809/20230806134805/https://www.mod.go.jp/asdf/komaki/tyoutatu/chotatsu/R4kokyochotatsu/8.pdf,warp_crawler,asdf_komaki,小牧基地,航空自衛隊,2022,2022,4
https://warp.ndl.go.jp/20230809/20230806134805/https://www.mod.go.jp/asdf/komaki/tyoutatu/chotatsu/R4kokyochotatsu/9.pdf,warp_crawler,asdf_komaki,小牧基地,航空自衛隊,2022,2022,16
https://warp.ndl.go.jp/20240810/20240804102257/https://www.mod.go.jp/asdf/komaki/tyoutatu/chotatsu/R5kokyochotatsu/4.pdf,warp_crawler,asdf_komaki,小牧基地,航空自衛隊,2023,2023,22
https://warp.ndl.go.jp/20240810/20240804102257/https://www.mod.go.jp/asdf/komaki/tyoutatu/chotatsu/R5kokyochotatsu/5.pdf,warp_crawler,asdf_komaki,小牧基地,航空自衛隊,2023,2023,14
https://warp.ndl.go.jp/20240810/20240804102257/https://www.mod.go.jp/asdf/komaki/tyoutatu/chotatsu/R5kokyochotatsu/6.pdf,warp_crawler,asdf_komaki,小牧基地,航空自衛隊,2023,2023,20
https://warp.ndl.go.jp/20240810/20240804102257/https://www.mod.go.jp/asdf/komaki/tyoutatu/chotatsu/R5kokyochotatsu/7.pdf,warp_crawler,asdf_komaki,小牧基地,航空自衛隊,2023,2023,24
https://warp.ndl.go.jp/20240810/20240804102257/https://www.mod.go.jp/asdf/komaki/tyoutatu/chotatsu/R5koukyoutyoutatu/1.pdf,warp_crawler,asdf_komaki,小牧基地,航空自衛隊,2023,2023,10
https://warp.ndl.go.jp/20240810/20240804102257/https://www.mod.go.jp/asdf/komaki/tyoutatu/chotatsu/R5koukyoutyoutatu/10.pdf,warp_crawler,asdf_komaki,小牧基地,航空自衛隊,2023,2023,7
https://warp.ndl.go.jp/20240810/20240804102257/https://www.mod.go.jp/asdf/komaki/tyoutatu/chotatsu/R5koukyoutyoutatu/2.pdf,warp_crawler,asdf_komaki,小牧基地,航空自衛隊,2023,2023,12
https://warp.ndl.go.jp/20240810/20240804102257/https://www.mod.go.jp/asdf/komaki/tyoutatu/chotatsu/R5koukyoutyoutatu/8.pdf,warp_crawler,asdf_komaki,小牧基地,航空自衛隊,2023,2023,9
https://warp.ndl.go.jp/20240810/20240804102257/https://www.mod.go.jp/asdf/komaki/tyoutatu/chotatsu/R5koukyoutyoutatu/9.pdf,warp_crawler,asdf_komaki,小牧基地,航空自衛隊,2023,2023,8
https://warp.ndl.go.jp/20240810/20240804102257/https://www.mod.go.jp/asdf/komaki/tyoutatu/chotatsu/R5koukyoutyoutatu/koukyoutyoutatu.pdf,warp_crawler,asdf_komaki,小牧基地,航空自衛隊,2023,2023,13
https://warp.ndl.go.jp/20240810/20240804102257/https://www.mod.go.jp/asdf/komaki/tyoutatu/chotatsu/R5koukyoutyoutatu/koukyoutyoutatu1.pdf,warp_crawler,asdf_komaki,小牧基地,航空自衛隊,2023,2023,11
https://warp.ndl.go.jp/20230715/20230715000000/https://www.mod.go.jp/asdf/kumagaya/op_bupin202204.pdf,warp_crawler,asdf_kumagaya,熊谷基地,航空自衛隊,2022,2022,8
https://warp.ndl.go.jp/20230715/20230715000000/https://www.mod.go.jp/asdf/kumagaya/op_bupin202205.pdf,warp_crawler,asdf_kumagaya,熊谷基地,航空自衛隊,2022,2022,4
https://warp.ndl.go.jp/20230715/20230715000000/https://www.mod.go.jp/asdf/kumagaya/op_bupin202206.pdf,warp_crawler,asdf_kumagaya,熊谷基地,航空自衛隊,2022,2022,7
https://warp.ndl.go.jp/20230715/20230715000000/https://www.mod.go.jp/asdf/kumagaya/op_bupin20221.pdf,warp_crawler,asdf_kumagaya,熊谷基地,航空自衛隊,2022,2022,1
https://warp.ndl.go.jp/20230715/20230715000000/https://www.mod.go.jp/asdf/kumagaya/op_bupin202211.pdf,warp_crawler,asdf_kumagaya,熊谷基地,航空自衛隊,2022,2022,4
https://warp.ndl.go.jp/20230715/20230715000000/https://www.mod.go.jp/asdf/kumagaya/op_bupin202212.pdf,warp_crawler,asdf_kumagaya,熊谷基地,航空自衛隊,2022,2022,2
https://warp.ndl.go.jp/20230715/20230715000000/https://www.mod.go.jp/asdf/kumagaya/op_bupin202301.pdf,warp_crawler,asdf_kumagaya,熊谷基地,航空自衛隊,2022,2022,9
https://warp.ndl.go.jp/20230715/20230715000000/https://www.mod.go.jp/asdf/kumagaya/op_bupin202302.pdf,warp_crawler,asdf_kumagaya,熊谷基地,航空自衛隊,2022,2022,7
https://warp.ndl.go.jp/20230715/20230715000000/https://www.mod.go.jp/asdf/kumagaya/op_bupin202303.pdf,warp_crawler,asdf_kumagaya,熊谷基地,航空自衛隊,2022,2022,12
https://warp.ndl.go.jp/20230715/20230715000000/https://www.mod.go.jp/asdf/kumagaya/op_kokyo_construction202209.pdf,warp_crawler,asdf_kumagaya,熊谷基地,航空自衛隊,2022,2022,3
https://warp.ndl.go.jp/20230715/20230715000000/https://www.mod.go.jp/asdf/kumagaya/op_kokyo_constrution202210.pdf,warp_crawler,asdf_kumagaya,熊谷基地,航空自衛隊,2022,2022,1
https://warp.ndl.go.jp/20240715/20240715000000/https://www.mod.go.jp/asdf/kumagaya/op_bupin2023041.pdf,warp_crawler,asdf_kumagaya,熊谷基地,航空自衛隊,2023,2023,12
https://warp.ndl.go.jp/20240715/20240715000000/https://www.mod.go.jp/asdf/kumagaya/op_bupin20235.pdf,warp_crawler,asdf_kumagaya,熊谷基地,航空自衛隊,2023,2023,2
https://warp.ndl.go.jp/20240715/20240715000000/https://www.mod.go.jp/asdf/kumagaya/op_kokyo_constrution20236.pdf,warp_crawler,asdf_kumagaya,熊谷基地,航空自衛隊,2023,2023,2
https://warp.ndl.go.jp/20240715/20240715000000/https://www.mod.go.jp/asdf/matsushima/tyotatu/kouhyou/images/r5-nyusatu7.pdf,warp_crawler,asdf_matsushima,松島基地,航空自衛隊,2023,2023,12
https://warp.ndl.go.jp/20230715/20230715000000/https://www.mod.go.jp/asdf/meguro/choutatsu/pdf/kouhyou2022.04.pdf,warp_crawler,asdf_meguro,目黒基地,航空自衛隊,2022,2022,9
https://warp.ndl.go.jp/20230715/20230715000000/https://www.mod.go.jp/asdf/meguro/choutatsu/pdf/kouhyou2022.05.pdf,warp_crawler,asdf_meguro,目黒基地,航空自衛隊,2022,2022,3
https://warp.ndl.go.jp/20230715/20230715000000/https://www.mod.go.jp/asdf/meguro/choutatsu/pdf/kouhyou2022.06.pdf,warp_crawler,asdf_meguro,目黒基地,航空自衛隊,2022,2022,2
https://warp.ndl.go.jp/20230715/20230715000000/https://www.mod.go.jp/asdf/meguro/choutatsu/pdf/kouhyou2022.07.pdf,warp_crawler,asdf_meguro,目黒基地,航空自衛隊,2022,2022,2
https://warp.ndl.go.jp/20230715/20230715000000/https://www.mod.go.jp/asdf/meguro/choutatsu/pdf/kouhyou202208.pdf,warp_crawler,asdf_meguro,目黒基地,航空自衛隊,2022,2022,5
https://warp.ndl.go.jp/20230715/20230715000000/https://www.mod.go.jp/asdf/meguro/choutatsu/pdf/kouhyou202209.pdf,warp_crawler,asdf_meguro,目黒基地,航空自衛隊,2022,2022,1
https://warp.ndl.go.jp/20230715/20230715000000/https://www.mod.go.jp/asdf/meguro/choutatsu/pdf/kouhyou202210.pdf,warp_crawler,asdf_meguro,目黒基地,航空自衛隊,2022,2022,4
https://warp.ndl.go.jp/20230715/20230715000000/https://www.mod.go.jp/asdf/meguro/choutatsu/pdf/kouhyou202211.pdf,warp_crawler,asdf_meguro,目黒基地,航空自衛隊,2022,2022,7
https://warp.ndl.go.jp/20230715/20230715000000/https://www.mod.go.jp/asdf/meguro/choutatsu/pdf/kouhyou202212.pdf,warp_crawler,asdf_meguro,目黒基地,航空自衛隊,2022,2022,3
https://warp.ndl.go.jp/20230715/20230715000000/https://www.mod.go.jp/asdf/meguro/choutatsu/pdf/kouhyou2301.pdf,warp_crawler,asdf_meguro,目黒基地,航空自衛隊,2022,2022,2
https://warp.ndl.go.jp/20230715/20230715000000/https://www.mod.go.jp/asdf/meguro/choutatsu/pdf/kouhyou2302.pdf,warp_crawler,asdf_meguro,目黒基地,航空自衛隊,2022,2022,8
https://warp.ndl.go.jp/20230715/20230715000000/https://www.mod.go.jp/asdf/miho/kaikeitai_tyoutatu/4-kouzi-1.pdf,warp_crawler,asdf_miho,美保基地,航空自衛隊,2022,2022,5
https://warp.ndl.go.jp/20230715/20230715000000/https://www.mod.go.jp/asdf/miho/kaikeitai_tyoutatu/4-kouzi-2.pdf,warp_crawler,asdf_miho,美保基地,航空自衛隊,2022,2022,10
https://warp.ndl.go.jp/20230715/20230715000000/https://www.mod.go.jp/asdf/miho/kaikeitai_tyoutatu/4-kouzi-4.pdf,warp_crawler,asdf_miho,美保基地,航空自衛隊,2022,2022,15
https://warp.ndl.go.jp/20230715/20230715000000/https://www.mod.go.jp/asdf/miho/kaikeitai_tyoutatu/4-kouzi-5.pdf,warp_crawler,asdf_miho,美保基地,航空自衛隊,2022,2022,1
https://warp.ndl.go.jp/20230715/20230715000000/https://www.mod.go.jp/asdf/miho/kaikeitai_tyoutatu/4-kouzi-6.pdf,warp_crawler,asdf_miho,美保基地,航空自衛隊,2022,2022,13
https://warp.ndl.go.jp/20240715/20240715000000/https://www.mod.go.jp/asdf/miho/kaikeitai_tyoutatu/koukyou/5.10.pdf,warp_crawler,asdf_miho,美保基地,航空自衛隊,2023,2023,9
https://warp.ndl.go.jp/20240715/20240715000000/https://www.mod.go.jp/asdf/miho/kaikeitai_tyoutatu/koukyou/5.4.pdf,warp_crawler,asdf_miho,美保基地,航空自衛隊,2023,2023,18
https://warp.ndl.go.jp/20240715/20240715000000/https://www.mod.go.jp/asdf/miho/kaikeitai_tyoutatu/koukyou/5.5.pdf,warp_crawler,asdf_miho,美保基地,航空自衛隊,2023,2023,4
https://warp.ndl.go.jp/20240715/20240715000000/https://www.mod.go.jp/asdf/miho/kaikeitai_tyoutatu/koukyou/5.6.pdf,warp_crawler,asdf_miho,美保基地,航空自衛隊,2023,2023,13
https://warp.ndl.go.jp/20240715/20240715000000/https://www.mod.go.jp/asdf/miho/kaikeitai_tyoutatu/koukyou/5.7.pdf,warp_crawler,asdf_miho,美保基地,航空自衛隊,2023,2023,16
https://warp.ndl.go.jp/20240715/20240715000000/https://www.mod.go.jp/asdf/miho/kaikeitai_tyoutatu/koukyou/5.8.pdf,warp_crawler,asdf_miho,美保基地,航空自衛隊,2023,2023,13
https://warp.ndl.go.jp/20240715/20240715000000/https://www.mod.go.jp/asdf/miho/kaikeitai_tyoutatu/koukyou/5.9.pdf,warp_crawler,asdf_miho,美保基地,航空自衛隊,2023,2023,4
https://warp.ndl.go.jp/20240715/20240715000000/https://www.mod.go.jp/asdf/misawa/offer/public_offering/kouhyou/R506.pdf,warp_crawler,asdf_misawa,三沢基地,航空自衛隊,2023,2023,44
https://warp.ndl.go.jp/20230715/20230715000000/https://www.mod.go.jp/asdf/nyutabaru/08cyoutatsu/pdf/tekiseika/tekiseika2212.pdf,pdf,asdf_nyutabaru,新田原基地,航空自衛隊,2023,2023,1
https://warp.ndl.go.jp/20230715/20230715000000/https://www.mod.go.jp/asdf/nyutabaru/08cyoutatsu/pdf/tekiseika/tekiseika2302.pdf,warp_crawler,asdf_nyutabaru,新田原基地,航空自衛隊,2022,2022,1
https://warp.ndl.go.jp/20230715/20230715000000/https://www.mod.go.jp/asdf/shizuhama/choutatsu/pdf/koukyotyoutatuR4.10.pdf,warp_crawler,asdf_shizuhama,静浜基地,航空自衛隊,2022,2022,1
https://warp.ndl.go.jp/20230715/20230715000000/https://www.mod.go.jp/asdf/shizuhama/choutatsu/pdf/koukyotyoutatuR4.11.pdf,warp_crawler,asdf_shizuhama,静浜基地,航空自衛隊,2022,2022,2
https://warp.ndl.go.jp/20230715/20230715000000/https://www.mod.go.jp/asdf/shizuhama/choutatsu/pdf/koukyotyoutatuR5.1.pdf,warp_crawler,asdf_shizuhama,静浜基地,航空自衛隊,2022,2022,1
https://warp.ndl.go.jp/20230715/20230715000000/https://www.mod.go.jp/asdf/shizuhama/choutatsu/pdf/koukyoutyoutatuR4.6.pdf,warp_crawler,asdf_shizuhama,静浜基地,航空自衛隊,2022,2022,1
https://warp.ndl.go.jp/20230715/20230715000000/https://www.mod.go.jp/asdf/shizuhama/choutatsu/pdf/koukyoutyoutatuR4.7.pdf,warp_crawler,asdf_shizuhama,静浜基地,航空自衛隊,2022,2022,2
https://warp.ndl.go.jp/20230715/20230715000000/https://www.mod.go.jp/asdf/shizuhama/choutatsu/pdf/koukyoutyoutatuR4.8.pdf,warp_crawler,asdf_shizuhama,静浜基地,航空自衛隊,2022,2022,3
https://warp.ndl.go.jp/20230715/20230715000000/https://www.mod.go.jp/asdf/shizuhama/choutatsu/pdf/koukyoutyoutatuR4.9.pdf,warp_crawler,asdf_shizuhama,静浜基地,航空自衛隊,2022,2022,2
https://warp.ndl.go.jp/20230715/20230715000000/https://www.mod.go.jp/asdf/shizuhama/choutatsu/pdf/koukyoutyoutatuR5_4.pdf,warp_crawler,asdf_shizuhama,静浜基地,航空自衛隊,2022,2022,2
https://warp.ndl.go.jp/20240715/20240715000000/https://www.mod.go.jp/asdf/shizuhama/choutatsu/pdf/koukyoutyoutatuR5_10.pdf,warp_crawler,asdf_shizuhama,静浜基地,航空自衛隊,2023,2023,3
https://warp.ndl.go.jp/20240715/20240715000000/https://www.mod.go.jp/asdf/shizuhama/choutatsu/pdf/koukyoutyoutatuR5_11.pdf,warp_crawler,asdf_shizuhama,静浜基地,航空自衛隊,2023,2023,1
https://warp.ndl.go.jp/20240715/20240715000000/https://www.mod.go.jp/asdf/shizuhama/choutatsu/pdf/koukyoutyoutatuR5_12.pdf,warp_crawler,asdf_shizuhama,静浜基地,航空自衛隊,2023,2023,5
https://warp.ndl.go.jp/20240715/20240715000000/https://www.mod.go.jp/asdf/shizuhama/choutatsu/pdf/koukyoutyoutatuR5_4.pdf,warp_crawler,asdf_shizuhama,静浜基地,航空自衛隊,2023,2023,8
https://warp.ndl.go.jp/20240715/20240715000000/https://www.mod.go.jp/asdf/shizuhama/choutatsu/pdf/koukyoutyoutatuR5_5.pdf,warp_crawler,asdf_shizuhama,静浜基地,航空自衛隊,2023,2023,5
https://warp.ndl.go.jp/20240715/20240715000000/https://www.mod.go.jp/asdf/shizuhama/choutatsu/pdf/koukyoutyoutatuR5_6.pdf,warp_crawler,asdf_shizuhama,静浜基地,航空自衛隊,2023,2023,6
https://warp.ndl.go.jp/20240715/20240715000000/https://www.mod.go.jp/asdf/shizuhama/choutatsu/pdf/koukyoutyoutatuR5_7.pdf,warp_crawler,asdf_shizuhama,静浜基地,航空自衛隊,2023,2023,3
https://warp.ndl.go.jp/20240715/20240715000000/https://www.mod.go.jp/asdf/shizuhama/choutatsu/pdf/koukyoutyoutatuR5_8.pdf,warp_crawler,asdf_shizuhama,静浜基地,航空自衛隊,2023,2023,7
https://warp.ndl.go.jp/20240715/20240715000000/https://www.mod.go.jp/asdf/shizuhama/choutatsu/pdf/koukyoutyoutatuR5_9.pdf,warp_crawler,asdf_shizuhama,静浜基地,航空自衛隊,2023,2023,3
https://warp.ndl.go.jp/20240715/20240715000000/https://www.mod.go.jp/asdf/shizuhama/choutatsu/pdf/koukyoutyoutatuR6_1.pdf,warp_crawler,asdf_shizuhama,静浜基地,航空自衛隊,2023,2023,5
https://warp.ndl.go.jp/20240715/20240715000000/https://www.mod.go.jp/asdf/shizuhama/choutatsu/pdf/koukyoutyoutatuR6_2.pdf,warp_crawler,asdf_shizuhama,静浜基地,航空自衛隊,2023,2023,3
https://warp.ndl.go.jp/20240715/20240715000000/https://www.mod.go.jp/asdf/shizuhama/choutatsu/pdf/koukyoutyoutatuR6_3.pdf,warp_crawler,asdf_shizuhama,静浜基地,航空自衛隊,2023,2023,1
https://warp.ndl.go.jp/20230715/20230715000000/https://www.mod.go.jp/asdf/yokota/040805_chotatsuJul04.xlsx,warp_crawler,asdf_yokota,横田基地,航空自衛隊,2022,2022,1
https://warp.ndl.go.jp/20230715/20230715000000/https://www.mod.go.jp/asdf/yokota/040909_chotatsuAug04.xlsx,warp_crawler,asdf_yokota,横田基地,航空自衛隊,2022,2022,1
https://warp.ndl.go.jp/20240715/20240715000000/https://www.mod.go.jp/asdf/yokota/060404_chotatsuFeb06.pdf,warp_crawler,asdf_yokota,横田基地,航空自衛隊,2023,2023,15
https://warp.ndl.go.jp/20230301/20230301002334id_/https://www.mod.go.jp/atla/souhon/supply/jisseki/rakusatu/xls/04kyoso_kijunijo.xlsx,excel,atla,防衛装備庁 調達事業部（中央調達）,防衛装備庁,2022,2022,1363
https://warp.ndl.go.jp/20230301/20230301002334id_/https://www.mod.go.jp/atla/souhon/supply/jisseki/rakusatu/xls/04kyoso_kijunmiman.xlsx,excel,atla,防衛装備庁 調達事業部（中央調達）,防衛装備庁,2022,2022,220
https://warp.ndl.go.jp/20230301/20230301002334id_/https://www.mod.go.jp/atla/souhon/supply/jisseki/rakusatu/xls/04zuikei_kijunijo.xlsx,excel,atla,防衛装備庁 調達事業部（中央調達）,防衛装備庁,2022,2022,1266
https://warp.ndl.go.jp/20230301/20230301002334id_/https://www.mod.go.jp/atla/souhon/supply/jisseki/rakusatu/xls/04zuikei_kijunmiman.xlsx,excel,atla,防衛装備庁 調達事業部（中央調達）,防衛装備庁,2022,2022,170
https://warp.ndl.go.jp/20230715/20230715000000id_/https://www.mod.go.jp/atla/souhon/supply/jisseki/rakusatu/xls/04kyoso_kijunijo.xlsx,excel,atla,防衛装備庁 調達事業部（中央調達）,防衛装備庁,2022,2022,372
https://warp.ndl.go.jp/20230715/20230715000000id_/https://www.mod.go.jp/atla/souhon/supply/jisseki/rakusatu/xls/04kyoso_kijunmiman.xlsx,excel,atla,防衛装備庁 調達事業部（中央調達）,防衛装備庁,2022,2022,39
https://warp.ndl.go.jp/20230715/20230715000000id_/https://www.mod.go.jp/atla/souhon/supply/jisseki/rakusatu/xls/04zuikei_kijunijo.xlsx,excel,atla,防衛装備庁 調達事業部（中央調達）,防衛装備庁,2022,2022,1518
https://warp.ndl.go.jp/20230715/20230715000000id_/https://www.mod.go.jp/atla/souhon/supply/jisseki/rakusatu/xls/04zuikei_kijunmiman.xlsx,excel,atla,防衛装備庁 調達事業部（中央調達）,防衛装備庁,2022,2022,93
https://warp.ndl.go.jp/20240715/20240715000000/https://www.mod.go.jp/atla/souhon/supply/jisseki/rakusatu/kohyo_r05/05_kyoso_kijunijo-03.xlsx,warp_crawler,atla,防衛装備庁 調達事業部（中央調達）,防衛装備庁,2023,2023,2
https://warp.ndl.go.jp/20240715/20240715000000/https://www.mod.go.jp/atla/souhon/supply/jisseki/rakusatu/kohyo_r05/05_kyoso_kijunijo-06.xlsx,warp_crawler,atla,防衛装備庁 調達事業部（中央調達）,防衛装備庁,2023,2023,2
https://warp.ndl.go.jp/20240715/20240715000000/https://www.mod.go.jp/atla/souhon/supply/jisseki/rakusatu/kohyo_r05/05_kyoso_kijunijo-09.xlsx,warp_crawler,atla,防衛装備庁 調達事業部（中央調達）,防衛装備庁,2023,2023,6
https://warp.ndl.go.jp/20240715/20240715000000/https://www.mod.go.jp/atla/souhon/supply/jisseki/rakusatu/kohyo_r05/05_kyoso_kijunijo-12.xlsx,warp_crawler,atla,防衛装備庁 調達事業部（中央調達）,防衛装備庁,2023,2023,1
https://warp.ndl.go.jp/20240715/20240715000000/https://www.mod.go.jp/atla/souhon/supply/jisseki/rakusatu/kohyo_r05/05_zuikei_kijunijo-03.xlsx,warp_crawler,atla,防衛装備庁 調達事業部（中央調達）,防衛装備庁,2023,2023,5
https://warp.ndl.go.jp/20240715/20240715000000/https://www.mod.go.jp/atla/souhon/supply/jisseki/rakusatu/kohyo_r05/05_zuikei_kijunijo-07.xlsx,warp_crawler,atla,防衛装備庁 調達事業部（中央調達）,防衛装備庁,2023,2023,1
https://warp.ndl.go.jp/20240715/20240715000000/https://www.mod.go.jp/atla/souhon/supply/jisseki/rakusatu/kohyo_r05/05_zuikei_kijunijo-08.xlsx,warp_crawler,atla,防衛装備庁 調達事業部（中央調達）,防衛装備庁,2023,2023,2
https://warp.ndl.go.jp/20240715/20240715000000/https://www.mod.go.jp/atla/souhon/supply/jisseki/rakusatu/kohyo_r05/05_zuikei_kijunijo-10.xlsx,warp_crawler,atla,防衛装備庁 調達事業部（中央調達）,防衛装備庁,2023,2023,2
https://warp.ndl.go.jp/20230715/20230715000000/https://www.mod.go.jp/atla/data/info/ny_chitose/pdf_ichiran/04-ekimu-kyousou-sa-04.pdf,warp_crawler,atla_chitose,千歳試験場,防衛装備庁,2022,2022,7
https://warp.ndl.go.jp/20230715/20230715000000/https://www.mod.go.jp/atla/data/info/ny_chitose/pdf_ichiran/04-ekimu-kyousou-sa-05.pdf,warp_crawler,atla_chitose,千歳試験場,防衛装備庁,2022,2022,2
https://warp.ndl.go.jp/20230715/20230715000000/https://www.mod.go.jp/atla/data/info/ny_chitose/pdf_ichiran/04-ekimu-kyousou-sa-06.pdf,warp_crawler,atla_chitose,千歳試験場,防衛装備庁,2022,2022,2
https://warp.ndl.go.jp/20230715/20230715000000/https://www.mod.go.jp/atla/data/info/ny_chitose/pdf_ichiran/04-ekimu-kyousou-sa-07.pdf,warp_crawler,atla_chitose,千歳試験場,防衛装備庁,2022,2022,2
https://warp.ndl.go.jp/20230715/20230715000000/https://www.mod.go.jp/atla/data/info/ny_chitose/pdf_ichiran/04-ekimu-kyousou-sa-08.pdf,warp_crawler,atla_chitose,千歳試験場,防衛装備庁,2022,2022,2
https://warp.ndl.go.jp/20230715/20230715000000/https://www.mod.go.jp/atla/data/info/ny_chitose/pdf_ichiran/04-ekimu-kyousou-sa-09.pdf,warp_crawler,atla_chitose,千歳試験場,防衛装備庁,2022,2022,4
https://warp.ndl.go.jp/20230715/20230715000000/https://www.mod.go.jp/atla/data/info/ny_chitose/pdf_ichiran/04-ekimu-kyousou-sa-10.pdf,warp_crawler,atla_chitose,千歳試験場,防衛装備庁,2022,2022,1
https://warp.ndl.go.jp/20230715/20230715000000/https://www.mod.go.jp/atla/data/info/ny_chitose/pdf_ichiran/04-ekimu-kyousou-sa-11.pdf,warp_crawler,atla_chitose,千歳試験場,防衛装備庁,2022,2022,3
https://warp.ndl.go.jp/20230715/20230715000000/https://www.mod.go.jp/atla/data/info/ny_chitose/pdf_ichiran/04-ekimu-kyousou-sa-12.pdf,warp_crawler,atla_chitose,千歳試験場,防衛装備庁,2022,2022,4
https://warp.ndl.go.jp/20230715/20230715000000/https://www.mod.go.jp/atla/data/info/ny_chitose/pdf_ichiran/04-ekimu-zuikei-sa-04.pdf,warp_crawler,atla_chitose,千歳試験場,防衛装備庁,2022,2022,2
https://warp.ndl.go.jp/20230715/20230715000000/https://www.mod.go.jp/atla/data/info/ny_chitose/pdf_ichiran/04-ekimu-zuikei-sa-05.pdf,warp_crawler,atla_chitose,千歳試験場,防衛装備庁,2022,2022,3
https://warp.ndl.go.jp/20230715/20230715000000/https://www.mod.go.jp/atla/data/info/ny_chitose/pdf_ichiran/04-ekimu-zuikei-sa-07.pdf,warp_crawler,atla_chitose,千歳試験場,防衛装備庁,2022,2022,1
https://warp.ndl.go.jp/20230715/20230715000000/https://www.mod.go.jp/atla/data/info/ny_chitose/pdf_ichiran/04-ekimu-zuikei-sa-08.pdf,warp_crawler,atla_chitose,千歳試験場,防衛装備庁,2022,2022,3
https://warp.ndl.go.jp/20230715/20230715000000/https://www.mod.go.jp/atla/data/info/ny_chitose/pdf_ichiran/04-ekimu-zuikei-sa-11.pdf,warp_crawler,atla_chitose,千歳試験場,防衛装備庁,2022,2022,1
https://warp.ndl.go.jp/20230715/20230715000000/https://www.mod.go.jp/atla/data/info/ny_chitose/pdf_ichiran/04-kouji-kyousou-sa-05.pdf,warp_crawler,atla_chitose,千歳試験場,防衛装備庁,2022,2022,1
https://warp.ndl.go.jp/20230715/20230715000000/https://www.mod.go.jp/atla/data/info/ny_chitose/pdf_ichiran/05-ekimu-kyousou-sa-02.pdf,warp_crawler,atla_chitose,千歳試験場,防衛装備庁,2022,2022,1
https://warp.ndl.go.jp/20230715/20230715000000/https://www.mod.go.jp/atla/data/info/ny_chitose/pdf_ichiran/05-ekimu-zuikei-sa-01.pdf,warp_crawler,atla_chitose,千歳試験場,防衛装備庁,2022,2022,1
https://warp.ndl.go.jp/20240715/20240715000000/https://www.mod.go.jp/atla/data/info/ny_chitose/pdf_ichiran/05-ekimu-kyousou-sa-04.pdf,warp_crawler,atla_chitose,千歳試験場,防衛装備庁,2023,2023,6
https://warp.ndl.go.jp/20240715/20240715000000/https://www.mod.go.jp/atla/data/info/ny_chitose/pdf_ichiran/05-ekimu-kyousou-sa-05.pdf,warp_crawler,atla_chitose,千歳試験場,防衛装備庁,2023,2023,4
https://warp.ndl.go.jp/20240715/20240715000000/https://www.mod.go.jp/atla/data/info/ny_chitose/pdf_ichiran/05-ekimu-kyousou-sa-06.pdf,warp_crawler,atla_chitose,千歳試験場,防衛装備庁,2023,2023,2
https://warp.ndl.go.jp/20240715/20240715000000/https://www.mod.go.jp/atla/data/info/ny_chitose/pdf_ichiran/05-ekimu-kyousou-sa-07.pdf,warp_crawler,atla_chitose,千歳試験場,防衛装備庁,2023,2023,5
https://warp.ndl.go.jp/20240715/20240715000000/https://www.mod.go.jp/atla/data/info/ny_chitose/pdf_ichiran/05-ekimu-kyousou-sa-08.pdf,warp_crawler,atla_chitose,千歳試験場,防衛装備庁,2023,2023,2
https://warp.ndl.go.jp/20240715/20240715000000/https://www.mod.go.jp/atla/data/info/ny_chitose/pdf_ichiran/05-ekimu-kyousou-sa-09.pdf,warp_crawler,atla_chitose,千歳試験場,防衛装備庁,2023,2023,2
https://warp.ndl.go.jp/20240715/20240715000000/https://www.mod.go.jp/atla/data/info/ny_chitose/pdf_ichiran/05-ekimu-kyousou-sa-10.pdf,warp_crawler,atla_chitose,千歳試験場,防衛装備庁,2023,2023,2
https://warp.ndl.go.jp/20240715/20240715000000/https://www.mod.go.jp/atla/data/info/ny_chitose/pdf_ichiran/05-ekimu-kyousou-sa-11.pdf,warp_crawler,atla_chitose,千歳試験場,防衛装備庁,2023,2023,1
https://warp.ndl.go.jp/20240715/20240715000000/https://www.mod.go.jp/atla/data/info/ny_chitose/pdf_ichiran/05-ekimu-kyousou-sa-12.pdf,warp_crawler,atla_chitose,千歳試験場,防衛装備庁,2023,2023,1
https://warp.ndl.go.jp/20240715/20240715000000/https://www.mod.go.jp/atla/data/info/ny_chitose/pdf_ichiran/05-ekimu-zuikei-sa-04.pdf,warp_crawler,atla_chitose,千歳試験場,防衛装備庁,2023,2023,1
https://warp.ndl.go.jp/20240715/20240715000000/https://www.mod.go.jp/atla/data/info/ny_chitose/pdf_ichiran/05-ekimu-zuikei-sa-05.pdf,warp_crawler,atla_chitose,千歳試験場,防衛装備庁,2023,2023,1
https://warp.ndl.go.jp/20240715/20240715000000/https://www.mod.go.jp/atla/data/info/ny_chitose/pdf_ichiran/05-ekimu-zuikei-sa-06.pdf,warp_crawler,atla_chitose,千歳試験場,防衛装備庁,2023,2023,1
https://warp.ndl.go.jp/20240715/20240715000000/https://www.mod.go.jp/atla/data/info/ny_chitose/pdf_ichiran/05-ekimu-zuikei-sa-07.pdf,warp_crawler,atla_chitose,千歳試験場,防衛装備庁,2023,2023,1
https://warp.ndl.go.jp/20240715/20240715000000/https://www.mod.go.jp/atla/data/info/ny_chitose/pdf_ichiran/05-ekimu-zuikei-sa-09.pdf,warp_crawler,atla_chitose,千歳試験場,防衛装備庁,2023,2023,1
https://warp.ndl.go.jp/20240715/20240715000000/https://www.mod.go.jp/atla/data/info/ny_chitose/pdf_ichiran/05-ekimu-zuikei-sa-10.pdf,warp_crawler,atla_chitose,千歳試験場,防衛装備庁,2023,2023,1
https://warp.ndl.go.jp/20240715/20240715000000/https://www.mod.go.jp/atla/data/info/ny_chitose/pdf_ichiran/05-ekimu-zuikei-sa-11.pdf,warp_crawler,atla_chitose,千歳試験場,防衛装備庁,2023,2023,1
https://warp.ndl.go.jp/20240715/20240715000000/https://www.mod.go.jp/atla/data/info/ny_chitose/pdf_ichiran/06-ekimu-kyousou-sa-01.pdf,warp_crawler,atla_chitose,千歳試験場,防衛装備庁,2023,2023,3
https://warp.ndl.go.jp/20240715/20240715000000/https://www.mod.go.jp/atla/data/info/ny_chitose/pdf_ichiran/06-ekimu-kyousou-sa-02.pdf,warp_crawler,atla_chitose,千歳試験場,防衛装備庁,2023,2023,1
https://warp.ndl.go.jp/20240715/20240715000000/https://www.mod.go.jp/atla/data/info/ny_chitose/pdf_ichiran/06-ekimu-zuikei-sa-01.pdf,warp_crawler,atla_chitose,千歳試験場,防衛装備庁,2023,2023,1
https://warp.ndl.go.jp/20240715/20240715000000/https://www.mod.go.jp/atla/data/info/ny_chitose/pdf_ichiran/06-ekimu-zuikei-sa-03.pdf,warp_crawler,atla_chitose,千歳試験場,防衛装備庁,2023,2023,1
https://warp.ndl.go.jp/20230715/20230715000000/https://www.mod.go.jp/atla/data/info/ny_gifu/pdf_ichiran/04-ekimu-kyousou-g-04.pdf,warp_crawler,atla_gifu,岐阜試験場,防衛装備庁,2022,2022,2
https://warp.ndl.go.jp/20230715/20230715000000/https://www.mod.go.jp/atla/data/info/ny_gifu/pdf_ichiran/04-ekimu-kyousou-g-09.pdf,warp_crawler,atla_gifu,岐阜試験場,防衛装備庁,2022,2022,1
https://warp.ndl.go.jp/20230715/20230715000000/https://www.mod.go.jp/atla/data/info/ny_gifu/pdf_ichiran/04-ekimu-zuikei-g-04.pdf,warp_crawler,atla_gifu,岐阜試験場,防衛装備庁,2022,2022,5
https://warp.ndl.go.jp/20230715/20230715000000/https://www.mod.go.jp/atla/data/info/ny_gifu/pdf_ichiran/04-ekimu-zuikei-g-05.pdf,warp_crawler,atla_gifu,岐阜試験場,防衛装備庁,2022,2022,1
https://warp.ndl.go.jp/20230715/20230715000000/https://www.mod.go.jp/atla/data/info/ny_gifu/pdf_ichiran/04-ekimu-zuikei-g-06.pdf,warp_crawler,atla_gifu,岐阜試験場,防衛装備庁,2022,2022,5
https://warp.ndl.go.jp/20230715/20230715000000/https://www.mod.go.jp/atla/data/info/ny_gifu/pdf_ichiran/04-ekimu-zuikei-g-07.pdf,warp_crawler,atla_gifu,岐阜試験場,防衛装備庁,2022,2022,1
https://warp.ndl.go.jp/20230715/20230715000000/https://www.mod.go.jp/atla/data/info/ny_gifu/pdf_ichiran/04-ekimu-zuikei-g-08.pdf,warp_crawler,atla_gifu,岐阜試験場,防衛装備庁,2022,2022,4
https://warp.ndl.go.jp/20230715/20230715000000/https://www.mod.go.jp/atla/data/info/ny_gifu/pdf_ichiran/04-ekimu-zuikei-g-09.pdf,warp_crawler,atla_gifu,岐阜試験場,防衛装備庁,2022,2022,2
https://warp.ndl.go.jp/20230715/20230715000000/https://www.mod.go.jp/atla/data/info/ny_gifu/pdf_ichiran/04-ekimu-zuikei-g-10.pdf,warp_crawler,atla_gifu,岐阜試験場,防衛装備庁,2022,2022,2
https://warp.ndl.go.jp/20230715/20230715000000/https://www.mod.go.jp/atla/data/info/ny_gifu/pdf_ichiran/04-ekimu-zuikei-g-11.pdf,warp_crawler,atla_gifu,岐阜試験場,防衛装備庁,2022,2022,1
https://warp.ndl.go.jp/20230715/20230715000000/https://www.mod.go.jp/atla/data/info/ny_gifu/pdf_ichiran/04-ekimu-zuikei-g-12.pdf,warp_crawler,atla_gifu,岐阜試験場,防衛装備庁,2022,2022,1
https://warp.ndl.go.jp/20230715/20230715000000/https://www.mod.go.jp/atla/data/info/ny_gifu/pdf_ichiran/05-ekimu-zuikei-g-01.pdf,warp_crawler,atla_gifu,岐阜試験場,防衛装備庁,2022,2022,1
https://warp.ndl.go.jp/20230715/20230715000000/https://www.mod.go.jp/atla/data/info/ny_gifu/pdf_ichiran/05-ekimu-zuikei-g-02.pdf,warp_crawler,atla_gifu,岐阜試験場,防衛装備庁,2022,2022,1
https://warp.ndl.go.jp/20230715/20230715000000/https://www.mod.go.jp/atla/data/info/ny_gifu/pdf_ichiran/05-ekimu-zuikei-g-03.pdf,warp_crawler,atla_gifu,岐阜試験場,防衛装備庁,2022,2022,1
https://warp.ndl.go.jp/20240715/20240715000000/https://www.mod.go.jp/atla/data/info/ny_gifu/pdf_ichiran/05-ekimu-kyousou-g-04.pdf,warp_crawler,atla_gifu,岐阜試験場,防衛装備庁,2023,2023,3
https://warp.ndl.go.jp/20240715/20240715000000/https://www.mod.go.jp/atla/data/info/ny_gifu/pdf_ichiran/05-ekimu-kyousou-g-05.pdf,warp_crawler,atla_gifu,岐阜試験場,防衛装備庁,2023,2023,1
https://warp.ndl.go.jp/20240715/20240715000000/https://www.mod.go.jp/atla/data/info/ny_gifu/pdf_ichiran/05-ekimu-kyousou-g-07.pdf,warp_crawler,atla_gifu,岐阜試験場,防衛装備庁,2023,2023,1
https://warp.ndl.go.jp/20240715/20240715000000/https://www.mod.go.jp/atla/data/info/ny_gifu/pdf_ichiran/05-ekimu-kyousou-g-09.pdf,warp_crawler,atla_gifu,岐阜試験場,防衛装備庁,2023,2023,1
https://warp.ndl.go.jp/20240715/20240715000000/https://www.mod.go.jp/atla/data/info/ny_gifu/pdf_ichiran/05-ekimu-kyousou-g-10.pdf,warp_crawler,atla_gifu,岐阜試験場,防衛装備庁,2023,2023,1
https://warp.ndl.go.jp/20240715/20240715000000/https://www.mod.go.jp/atla/data/info/ny_gifu/pdf_ichiran/05-ekimu-kyousou-g-11.pdf,warp_crawler,atla_gifu,岐阜試験場,防衛装備庁,2023,2023,2
https://warp.ndl.go.jp/20240715/20240715000000/https://www.mod.go.jp/atla/data/info/ny_gifu/pdf_ichiran/05-ekimu-zuikei-g-04.pdf,warp_crawler,atla_gifu,岐阜試験場,防衛装備庁,2023,2023,7
https://warp.ndl.go.jp/20240715/20240715000000/https://www.mod.go.jp/atla/data/info/ny_gifu/pdf_ichiran/05-ekimu-zuikei-g-05.pdf,warp_crawler,atla_gifu,岐阜試験場,防衛装備庁,2023,2023,2
https://warp.ndl.go.jp/20240715/20240715000000/https://www.mod.go.jp/atla/data/info/ny_gifu/pdf_ichiran/05-ekimu-zuikei-g-06.pdf,warp_crawler,atla_gifu,岐阜試験場,防衛装備庁,2023,2023,2
https://warp.ndl.go.jp/20240715/20240715000000/https://www.mod.go.jp/atla/data/info/ny_gifu/pdf_ichiran/05-ekimu-zuikei-g-07.pdf,warp_crawler,atla_gifu,岐阜試験場,防衛装備庁,2023,2023,1
https://warp.ndl.go.jp/20240715/20240715000000/https://www.mod.go.jp/atla/data/info/ny_gifu/pdf_ichiran/05-ekimu-zuikei-g-08.pdf,warp_crawler,atla_gifu,岐阜試験場,防衛装備庁,2023,2023,2
https://warp.ndl.go.jp/20240715/20240715000000/https://www.mod.go.jp/atla/data/info/ny_gifu/pdf_ichiran/05-ekimu-zuikei-g-09.pdf,warp_crawler,atla_gifu,岐阜試験場,防衛装備庁,2023,2023,3
https://warp.ndl.go.jp/20240715/20240715000000/https://www.mod.go.jp/atla/data/info/ny_gifu/pdf_ichiran/05-ekimu-zuikei-g-10.pdf,warp_crawler,atla_gifu,岐阜試験場,防衛装備庁,2023,2023,5
https://warp.ndl.go.jp/20240715/20240715000000/https://www.mod.go.jp/atla/data/info/ny_gifu/pdf_ichiran/05-ekimu-zuikei-g-11.pdf,warp_crawler,atla_gifu,岐阜試験場,防衛装備庁,2023,2023,3
https://warp.ndl.go.jp/20240715/20240715000000/https://www.mod.go.jp/atla/data/info/ny_gifu/pdf_ichiran/05-ekimu-zuikei-g-12.pdf,warp_crawler,atla_gifu,岐阜試験場,防衛装備庁,2023,2023,2
https://warp.ndl.go.jp/20240715/20240715000000/https://www.mod.go.jp/atla/data/info/ny_gifu/pdf_ichiran/06-ekimu-kyousou-g-01.pdf,warp_crawler,atla_gifu,岐阜試験場,防衛装備庁,2023,2023,2
https://warp.ndl.go.jp/20240715/20240715000000/https://www.mod.go.jp/atla/data/info/ny_gifu/pdf_ichiran/06-ekimu-kyousou-g-02.pdf,warp_crawler,atla_gifu,岐阜試験場,防衛装備庁,2023,2023,2
https://warp.ndl.go.jp/20240715/20240715000000/https://www.mod.go.jp/atla/data/info/ny_gifu/pdf_ichiran/06-ekimu-kyousou-g-03.pdf,warp_crawler,atla_gifu,岐阜試験場,防衛装備庁,2023,2023,4
https://warp.ndl.go.jp/20240715/20240715000000/https://www.mod.go.jp/atla/data/info/ny_gifu/pdf_ichiran/06-ekimu-zuikei-g-01.pdf,warp_crawler,atla_gifu,岐阜試験場,防衛装備庁,2023,2023,1
https://warp.ndl.go.jp/20240715/20240715000000/https://www.mod.go.jp/atla/data/info/ny_gifu/pdf_ichiran/06-ekimu-zuikei-g-02.pdf,warp_crawler,atla_gifu,岐阜試験場,防衛装備庁,2023,2023,6
https://warp.ndl.go.jp/20240715/20240715000000/https://www.mod.go.jp/atla/data/info/ny_gifu/pdf_ichiran/06-ekimu-zuikei-g-03.pdf,warp_crawler,atla_gifu,岐阜試験場,防衛装備庁,2023,2023,3
https://warp.ndl.go.jp/20230715/20230715000000/https://www.mod.go.jp/atla/data/info/ny_honbu/pdf_ichiran/04-ekimu-kyousou-h-04.pdf,warp_crawler,atla_kanbo,防衛装備庁長官官房会計官,防衛装備庁,2022,2022,33
https://warp.ndl.go.jp/20230715/20230715000000/https://www.mod.go.jp/atla/data/info/ny_honbu/pdf_ichiran/04-ekimu-kyousou-h-05.pdf,warp_crawler,atla_kanbo,防衛装備庁長官官房会計官,防衛装備庁,2022,2022,3
https://warp.ndl.go.jp/20230715/20230715000000/https://www.mod.go.jp/atla/data/info/ny_honbu/pdf_ichiran/04-ekimu-kyousou-h-06.pdf,warp_crawler,atla_kanbo,防衛装備庁長官官房会計官,防衛装備庁,2022,2022,12
https://warp.ndl.go.jp/20230715/20230715000000/https://www.mod.go.jp/atla/data/info/ny_honbu/pdf_ichiran/04-ekimu-kyousou-h-07.pdf,warp_crawler,atla_kanbo,防衛装備庁長官官房会計官,防衛装備庁,2022,2022,24
https://warp.ndl.go.jp/20230715/20230715000000/https://www.mod.go.jp/atla/data/info/ny_honbu/pdf_ichiran/04-ekimu-kyousou-h-08.pdf,warp_crawler,atla_kanbo,防衛装備庁長官官房会計官,防衛装備庁,2022,2022,7
https://warp.ndl.go.jp/20230715/20230715000000/https://www.mod.go.jp/atla/data/info/ny_honbu/pdf_ichiran/04-ekimu-kyousou-h-09.pdf,warp_crawler,atla_kanbo,防衛装備庁長官官房会計官,防衛装備庁,2022,2022,12
https://warp.ndl.go.jp/20230715/20230715000000/https://www.mod.go.jp/atla/data/info/ny_honbu/pdf_ichiran/04-ekimu-kyousou-h-10.pdf,warp_crawler,atla_kanbo,防衛装備庁長官官房会計官,防衛装備庁,2022,2022,13
https://warp.ndl.go.jp/20230715/20230715000000/https://www.mod.go.jp/atla/data/info/ny_honbu/pdf_ichiran/04-ekimu-kyousou-h-11.pdf,warp_crawler,atla_kanbo,防衛装備庁長官官房会計官,防衛装備庁,2022,2022,7
https://warp.ndl.go.jp/20230715/20230715000000/https://www.mod.go.jp/atla/data/info/ny_honbu/pdf_ichiran/04-ekimu-kyousou-h-12.pdf,warp_crawler,atla_kanbo,防衛装備庁長官官房会計官,防衛装備庁,2022,2022,9
https://warp.ndl.go.jp/20230715/20230715000000/https://www.mod.go.jp/atla/data/info/ny_honbu/pdf_ichiran/04-ekimu-zuikei-h-04.pdf,warp_crawler,atla_kanbo,防衛装備庁長官官房会計官,防衛装備庁,2022,2022,67
https://warp.ndl.go.jp/20230715/20230715000000/https://www.mod.go.jp/atla/data/info/ny_honbu/pdf_ichiran/04-ekimu-zuikei-h-05.pdf,warp_crawler,atla_kanbo,防衛装備庁長官官房会計官,防衛装備庁,2022,2022,18
https://warp.ndl.go.jp/20230715/20230715000000/https://www.mod.go.jp/atla/data/info/ny_honbu/pdf_ichiran/04-ekimu-zuikei-h-06.pdf,warp_crawler,atla_kanbo,防衛装備庁長官官房会計官,防衛装備庁,2022,2022,30
https://warp.ndl.go.jp/20230715/20230715000000/https://www.mod.go.jp/atla/data/info/ny_honbu/pdf_ichiran/04-ekimu-zuikei-h-07.pdf,warp_crawler,atla_kanbo,防衛装備庁長官官房会計官,防衛装備庁,2022,2022,29
https://warp.ndl.go.jp/20230715/20230715000000/https://www.mod.go.jp/atla/data/info/ny_honbu/pdf_ichiran/04-ekimu-zuikei-h-08.pdf,warp_crawler,atla_kanbo,防衛装備庁長官官房会計官,防衛装備庁,2022,2022,28
https://warp.ndl.go.jp/20230715/20230715000000/https://www.mod.go.jp/atla/data/info/ny_honbu/pdf_ichiran/04-ekimu-zuikei-h-09.pdf,warp_crawler,atla_kanbo,防衛装備庁長官官房会計官,防衛装備庁,2022,2022,25
https://warp.ndl.go.jp/20230715/20230715000000/https://www.mod.go.jp/atla/data/info/ny_honbu/pdf_ichiran/04-ekimu-zuikei-h-10.pdf,warp_crawler,atla_kanbo,防衛装備庁長官官房会計官,防衛装備庁,2022,2022,38
https://warp.ndl.go.jp/20230715/20230715000000/https://www.mod.go.jp/atla/data/info/ny_honbu/pdf_ichiran/04-ekimu-zuikei-h-11.pdf,warp_crawler,atla_kanbo,防衛装備庁長官官房会計官,防衛装備庁,2022,2022,26
https://warp.ndl.go.jp/20230715/20230715000000/https://www.mod.go.jp/atla/data/info/ny_honbu/pdf_ichiran/04-ekimu-zuikei-h-12.pdf,warp_crawler,atla_kanbo,防衛装備庁長官官房会計官,防衛装備庁,2022,2022,28
https://warp.ndl.go.jp/20230715/20230715000000/https://www.mod.go.jp/atla/data/info/ny_honbu/pdf_ichiran/05-ekimu-kyousou-h-01.pdf,warp_crawler,atla_kanbo,防衛装備庁長官官房会計官,防衛装備庁,2022,2022,20
https://warp.ndl.go.jp/20230715/20230715000000/https://www.mod.go.jp/atla/data/info/ny_honbu/pdf_ichiran/05-ekimu-kyousou-h-02.pdf,warp_crawler,atla_kanbo,防衛装備庁長官官房会計官,防衛装備庁,2022,2022,4
https://warp.ndl.go.jp/20230715/20230715000000/https://www.mod.go.jp/atla/data/info/ny_honbu/pdf_ichiran/05-ekimu-kyousou-h-03.pdf,warp_crawler,atla_kanbo,防衛装備庁長官官房会計官,防衛装備庁,2022,2022,3
https://warp.ndl.go.jp/20230715/20230715000000/https://www.mod.go.jp/atla/data/info/ny_honbu/pdf_ichiran/05-ekimu-zuikei-h-01.pdf,warp_crawler,atla_kanbo,防衛装備庁長官官房会計官,防衛装備庁,2022,2022,18
https://warp.ndl.go.jp/20230715/20230715000000/https://www.mod.go.jp/atla/data/info/ny_honbu/pdf_ichiran/05-ekimu-zuikei-h-02.pdf,warp_crawler,atla_kanbo,防衛装備庁長官官房会計官,防衛装備庁,2022,2022,11
https://warp.ndl.go.jp/20230715/20230715000000/https://www.mod.go.jp/atla/data/info/ny_honbu/pdf_ichiran/05-ekimu-zuikei-h-03.pdf,warp_crawler,atla_kanbo,防衛装備庁長官官房会計官,防衛装備庁,2022,2022,8
https://warp.ndl.go.jp/20240715/20240715000000/https://www.mod.go.jp/atla/data/info/ny_honbu/pdf_ichiran/05-ekimu-kyousou-h-04.pdf,warp_crawler,atla_kanbo,防衛装備庁長官官房会計官,防衛装備庁,2023,2023,36
https://warp.ndl.go.jp/20240715/20240715000000/https://www.mod.go.jp/atla/data/info/ny_honbu/pdf_ichiran/05-ekimu-kyousou-h-05.pdf,warp_crawler,atla_kanbo,防衛装備庁長官官房会計官,防衛装備庁,2023,2023,14
https://warp.ndl.go.jp/20240715/20240715000000/https://www.mod.go.jp/atla/data/info/ny_honbu/pdf_ichiran/05-ekimu-kyousou-h-06.pdf,warp_crawler,atla_kanbo,防衛装備庁長官官房会計官,防衛装備庁,2023,2023,10
https://warp.ndl.go.jp/20240715/20240715000000/https://www.mod.go.jp/atla/data/info/ny_honbu/pdf_ichiran/05-ekimu-kyousou-h-07.pdf,warp_crawler,atla_kanbo,防衛装備庁長官官房会計官,防衛装備庁,2023,2023,17
https://warp.ndl.go.jp/20240715/20240715000000/https://www.mod.go.jp/atla/data/info/ny_honbu/pdf_ichiran/05-ekimu-kyousou-h-08.pdf,warp_crawler,atla_kanbo,防衛装備庁長官官房会計官,防衛装備庁,2023,2023,17
https://warp.ndl.go.jp/20240715/20240715000000/https://www.mod.go.jp/atla/data/info/ny_honbu/pdf_ichiran/05-ekimu-kyousou-h-09.pdf,warp_crawler,atla_kanbo,防衛装備庁長官官房会計官,防衛装備庁,2023,2023,27
https://warp.ndl.go.jp/20240715/20240715000000/https://www.mod.go.jp/atla/data/info/ny_honbu/pdf_ichiran/05-ekimu-kyousou-h-10.pdf,warp_crawler,atla_kanbo,防衛装備庁長官官房会計官,防衛装備庁,2023,2023,17
https://warp.ndl.go.jp/20240715/20240715000000/https://www.mod.go.jp/atla/data/info/ny_honbu/pdf_ichiran/05-ekimu-kyousou-h-11.pdf,warp_crawler,atla_kanbo,防衛装備庁長官官房会計官,防衛装備庁,2023,2023,6
https://warp.ndl.go.jp/20240715/20240715000000/https://www.mod.go.jp/atla/data/info/ny_honbu/pdf_ichiran/05-ekimu-kyousou-h-12.pdf,warp_crawler,atla_kanbo,防衛装備庁長官官房会計官,防衛装備庁,2023,2023,22
https://warp.ndl.go.jp/20240715/20240715000000/https://www.mod.go.jp/atla/data/info/ny_honbu/pdf_ichiran/05-ekimu-zuikei-h-04.pdf,warp_crawler,atla_kanbo,防衛装備庁長官官房会計官,防衛装備庁,2023,2023,65
https://warp.ndl.go.jp/20240715/20240715000000/https://www.mod.go.jp/atla/data/info/ny_honbu/pdf_ichiran/05-ekimu-zuikei-h-05.pdf,warp_crawler,atla_kanbo,防衛装備庁長官官房会計官,防衛装備庁,2023,2023,20
https://warp.ndl.go.jp/20240715/20240715000000/https://www.mod.go.jp/atla/data/info/ny_honbu/pdf_ichiran/05-ekimu-zuikei-h-06.pdf,warp_crawler,atla_kanbo,防衛装備庁長官官房会計官,防衛装備庁,2023,2023,22
https://warp.ndl.go.jp/20240715/20240715000000/https://www.mod.go.jp/atla/data/info/ny_honbu/pdf_ichiran/05-ekimu-zuikei-h-07.pdf,warp_crawler,atla_kanbo,防衛装備庁長官官房会計官,防衛装備庁,2023,2023,31
https://warp.ndl.go.jp/20240715/20240715000000/https://www.mod.go.jp/atla/data/info/ny_honbu/pdf_ichiran/05-ekimu-zuikei-h-08.pdf,warp_crawler,atla_kanbo,防衛装備庁長官官房会計官,防衛装備庁,2023,2023,28
https://warp.ndl.go.jp/20240715/20240715000000/https://www.mod.go.jp/atla/data/info/ny_honbu/pdf_ichiran/05-ekimu-zuikei-h-09.pdf,warp_crawler,atla_kanbo,防衛装備庁長官官房会計官,防衛装備庁,2023,2023,30
https://warp.ndl.go.jp/20240715/20240715000000/https://www.mod.go.jp/atla/data/info/ny_honbu/pdf_ichiran/05-ekimu-zuikei-h-10.pdf,warp_crawler,atla_kanbo,防衛装備庁長官官房会計官,防衛装備庁,2023,2023,34
https://warp.ndl.go.jp/20240715/20240715000000/https://www.mod.go.jp/atla/data/info/ny_honbu/pdf_ichiran/05-ekimu-zuikei-h-11.pdf,warp_crawler,atla_kanbo,防衛装備庁長官官房会計官,防衛装備庁,2023,2023,26
https://warp.ndl.go.jp/20240715/20240715000000/https://www.mod.go.jp/atla/data/info/ny_honbu/pdf_ichiran/05-ekimu-zuikei-h-12.pdf,warp_crawler,atla_kanbo,防衛装備庁長官官房会計官,防衛装備庁,2023,2023,15
https://warp.ndl.go.jp/20240715/20240715000000/https://www.mod.go.jp/atla/data/info/ny_honbu/pdf_ichiran/06-ekimu-kyousou-h-01.pdf,warp_crawler,atla_kanbo,防衛装備庁長官官房会計官,防衛装備庁,2023,2023,25
https://warp.ndl.go.jp/20240715/20240715000000/https://www.mod.go.jp/atla/data/info/ny_honbu/pdf_ichiran/06-ekimu-kyousou-h-02.pdf,warp_crawler,atla_kanbo,防衛装備庁長官官房会計官,防衛装備庁,2023,2023,30
https://warp.ndl.go.jp/20240715/20240715000000/https://www.mod.go.jp/atla/data/info/ny_honbu/pdf_ichiran/06-ekimu-kyousou-h-03.pdf,warp_crawler,atla_kanbo,防衛装備庁長官官房会計官,防衛装備庁,2023,2023,8
https://warp.ndl.go.jp/20240715/20240715000000/https://www.mod.go.jp/atla/data/info/ny_honbu/pdf_ichiran/06-ekimu-zuikei-h-01.pdf,warp_crawler,atla_kanbo,防衛装備庁長官官房会計官,防衛装備庁,2023,2023,14
https://warp.ndl.go.jp/20240715/20240715000000/https://www.mod.go.jp/atla/data/info/ny_honbu/pdf_ichiran/06-ekimu-zuikei-h-02.pdf,warp_crawler,atla_kanbo,防衛装備庁長官官房会計官,防衛装備庁,2023,2023,9
https://warp.ndl.go.jp/20240715/20240715000000/https://www.mod.go.jp/atla/data/info/ny_honbu/pdf_ichiran/06-ekimu-zuikei-h-03.pdf,warp_crawler,atla_kanbo,防衛装備庁長官官房会計官,防衛装備庁,2023,2023,15
https://warp.ndl.go.jp/20230715/20230715000000/https://www.mod.go.jp/atla/data/info/ny_kenkyu_kantei/pdf_ichiran/04-ekimu-kyousou-ka-04.pdf,warp_crawler,atla_kantei,艦艇装備研究所,防衛装備庁,2022,2022,18
https://warp.ndl.go.jp/20230715/20230715000000/https://www.mod.go.jp/atla/data/info/ny_kenkyu_kantei/pdf_ichiran/04-ekimu-kyousou-ka-05.pdf,warp_crawler,atla_kantei,艦艇装備研究所,防衛装備庁,2022,2022,2
https://warp.ndl.go.jp/20230715/20230715000000/https://www.mod.go.jp/atla/data/info/ny_kenkyu_kantei/pdf_ichiran/04-ekimu-kyousou-ka-06.pdf,warp_crawler,atla_kantei,艦艇装備研究所,防衛装備庁,2022,2022,2
https://warp.ndl.go.jp/20230715/20230715000000/https://www.mod.go.jp/atla/data/info/ny_kenkyu_kantei/pdf_ichiran/04-ekimu-kyousou-ka-08.pdf,warp_crawler,atla_kantei,艦艇装備研究所,防衛装備庁,2022,2022,2
https://warp.ndl.go.jp/20230715/20230715000000/https://www.mod.go.jp/atla/data/info/ny_kenkyu_kantei/pdf_ichiran/04-ekimu-kyousou-ka-09.pdf,warp_crawler,atla_kantei,艦艇装備研究所,防衛装備庁,2022,2022,5
https://warp.ndl.go.jp/20230715/20230715000000/https://www.mod.go.jp/atla/data/info/ny_kenkyu_kantei/pdf_ichiran/04-ekimu-kyousou-ka-10.pdf,warp_crawler,atla_kantei,艦艇装備研究所,防衛装備庁,2022,2022,3
https://warp.ndl.go.jp/20230715/20230715000000/https://www.mod.go.jp/atla/data/info/ny_kenkyu_kantei/pdf_ichiran/04-ekimu-kyousou-ka-11.pdf,warp_crawler,atla_kantei,艦艇装備研究所,防衛装備庁,2022,2022,3
https://warp.ndl.go.jp/20230715/20230715000000/https://www.mod.go.jp/atla/data/info/ny_kenkyu_kantei/pdf_ichiran/04-ekimu-kyousou-ka-12.pdf,warp_crawler,atla_kantei,艦艇装備研究所,防衛装備庁,2022,2022,9
https://warp.ndl.go.jp/20230715/20230715000000/https://www.mod.go.jp/atla/data/info/ny_kenkyu_kantei/pdf_ichiran/04-ekimu-zuikei-ka-04.pdf,warp_crawler,atla_kantei,艦艇装備研究所,防衛装備庁,2022,2022,7
https://warp.ndl.go.jp/20230715/20230715000000/https://www.mod.go.jp/atla/data/info/ny_kenkyu_kantei/pdf_ichiran/04-ekimu-zuikei-ka-05.pdf,warp_crawler,atla_kantei,艦艇装備研究所,防衛装備庁,2022,2022,4
https://warp.ndl.go.jp/20230715/20230715000000/https://www.mod.go.jp/atla/data/info/ny_kenkyu_kantei/pdf_ichiran/04-ekimu-zuikei-ka-06.pdf,warp_crawler,atla_kantei,艦艇装備研究所,防衛装備庁,2022,2022,7
https://warp.ndl.go.jp/20230715/20230715000000/https://www.mod.go.jp/atla/data/info/ny_kenkyu_kantei/pdf_ichiran/04-ekimu-zuikei-ka-07.pdf,warp_crawler,atla_kantei,艦艇装備研究所,防衛装備庁,2022,2022,3
https://warp.ndl.go.jp/20230715/20230715000000/https://www.mod.go.jp/atla/data/info/ny_kenkyu_kantei/pdf_ichiran/04-ekimu-zuikei-ka-08.pdf,warp_crawler,atla_kantei,艦艇装備研究所,防衛装備庁,2022,2022,10
https://warp.ndl.go.jp/20230715/20230715000000/https://www.mod.go.jp/atla/data/info/ny_kenkyu_kantei/pdf_ichiran/04-ekimu-zuikei-ka-09.pdf,warp_crawler,atla_kantei,艦艇装備研究所,防衛装備庁,2022,2022,10
https://warp.ndl.go.jp/20230715/20230715000000/https://www.mod.go.jp/atla/data/info/ny_kenkyu_kantei/pdf_ichiran/04-ekimu-zuikei-ka-10.pdf,warp_crawler,atla_kantei,艦艇装備研究所,防衛装備庁,2022,2022,9
https://warp.ndl.go.jp/20230715/20230715000000/https://www.mod.go.jp/atla/data/info/ny_kenkyu_kantei/pdf_ichiran/04-ekimu-zuikei-ka-11.pdf,warp_crawler,atla_kantei,艦艇装備研究所,防衛装備庁,2022,2022,10
https://warp.ndl.go.jp/20230715/20230715000000/https://www.mod.go.jp/atla/data/info/ny_kenkyu_kantei/pdf_ichiran/04-ekimu-zuikei-ka-12.pdf,warp_crawler,atla_kantei,艦艇装備研究所,防衛装備庁,2022,2022,5
https://warp.ndl.go.jp/20230715/20230715000000/https://www.mod.go.jp/atla/data/info/ny_kenkyu_kantei/pdf_ichiran/04-kouji-kyousou-ka-11.pdf,warp_crawler,atla_kantei,艦艇装備研究所,防衛装備庁,2022,2022,1
https://warp.ndl.go.jp/20230715/20230715000000/https://www.mod.go.jp/atla/data/info/ny_kenkyu_kantei/pdf_ichiran/05-ekimu-kyousou-ka-01.pdf,warp_crawler,atla_kantei,艦艇装備研究所,防衛装備庁,2022,2022,3
https://warp.ndl.go.jp/20230715/20230715000000/https://www.mod.go.jp/atla/data/info/ny_kenkyu_kantei/pdf_ichiran/05-ekimu-zuikei-ka-01.pdf,warp_crawler,atla_kantei,艦艇装備研究所,防衛装備庁,2022,2022,8
https://warp.ndl.go.jp/20230715/20230715000000/https://www.mod.go.jp/atla/data/info/ny_kenkyu_kantei/pdf_ichiran/05-ekimu-zuikei-ka-02.pdf,warp_crawler,atla_kantei,艦艇装備研究所,防衛装備庁,2022,2022,3
https://warp.ndl.go.jp/20230715/20230715000000/https://www.mod.go.jp/atla/data/info/ny_kenkyu_kantei/pdf_ichiran/05-kouji-kyousou-ka-01.pdf,warp_crawler,atla_kantei,艦艇装備研究所,防衛装備庁,2022,2022,2
https://warp.ndl.go.jp/20230715/20230715000000/https://www.mod.go.jp/atla/data/info/ny_kenkyu_kantei/pdf_ichiran/31-ekimu-kyousou-ka-04.xlsx,warp_crawler,atla_kantei,艦艇装備研究所,防衛装備庁,2022,2022,9
https://warp.ndl.go.jp/20230715/20230715000000/https://www.mod.go.jp/atla/data/info/ny_kenkyu_kantei/pdf_ichiran/31-ekimu-zuikei-ka-04.xlsx,warp_crawler,atla_kantei,艦艇装備研究所,防衛装備庁,2022,2022,3
https://warp.ndl.go.jp/20240715/20240715000000/https://www.mod.go.jp/atla/data/info/ny_kenkyu_kantei/pdf_ichiran/05-ekimu-kyousou-ka-04.pdf,warp_crawler,atla_kantei,艦艇装備研究所,防衛装備庁,2023,2023,23
https://warp.ndl.go.jp/20240715/20240715000000/https://www.mod.go.jp/atla/data/info/ny_kenkyu_kantei/pdf_ichiran/05-ekimu-kyousou-ka-05.pdf,warp_crawler,atla_kantei,艦艇装備研究所,防衛装備庁,2023,2023,2
https://warp.ndl.go.jp/20240715/20240715000000/https://www.mod.go.jp/atla/data/info/ny_kenkyu_kantei/pdf_ichiran/05-ekimu-kyousou-ka-06.pdf,warp_crawler,atla_kantei,艦艇装備研究所,防衛装備庁,2023,2023,2
https://warp.ndl.go.jp/20240715/20240715000000/https://www.mod.go.jp/atla/data/info/ny_kenkyu_kantei/pdf_ichiran/05-ekimu-kyousou-ka-07.pdf,warp_crawler,atla_kantei,艦艇装備研究所,防衛装備庁,2023,2023,4
https://warp.ndl.go.jp/20240715/20240715000000/https://www.mod.go.jp/atla/data/info/ny_kenkyu_kantei/pdf_ichiran/05-ekimu-kyousou-ka-08.pdf,warp_crawler,atla_kantei,艦艇装備研究所,防衛装備庁,2023,2023,2
https://warp.ndl.go.jp/20240715/20240715000000/https://www.mod.go.jp/atla/data/info/ny_kenkyu_kantei/pdf_ichiran/05-ekimu-kyousou-ka-09.pdf,warp_crawler,atla_kantei,艦艇装備研究所,防衛装備庁,2023,2023,7
https://warp.ndl.go.jp/20240715/20240715000000/https://www.mod.go.jp/atla/data/info/ny_kenkyu_kantei/pdf_ichiran/05-ekimu-kyousou-ka-10.pdf,warp_crawler,atla_kantei,艦艇装備研究所,防衛装備庁,2023,2023,3
https://warp.ndl.go.jp/20240715/20240715000000/https://www.mod.go.jp/atla/data/info/ny_kenkyu_kantei/pdf_ichiran/05-ekimu-kyousou-ka-11.pdf,warp_crawler,atla_kantei,艦艇装備研究所,防衛装備庁,2023,2023,4
https://warp.ndl.go.jp/20240715/20240715000000/https://www.mod.go.jp/atla/data/info/ny_kenkyu_kantei/pdf_ichiran/05-ekimu-kyousou-ka-12.pdf,warp_crawler,atla_kantei,艦艇装備研究所,防衛装備庁,2023,2023,6
https://warp.ndl.go.jp/20240715/20240715000000/https://www.mod.go.jp/atla/data/info/ny_kenkyu_kantei/pdf_ichiran/05-ekimu-zuikei-ka-04.pdf,warp_crawler,atla_kantei,艦艇装備研究所,防衛装備庁,2023,2023,3
https://warp.ndl.go.jp/20240715/20240715000000/https://www.mod.go.jp/atla/data/info/ny_kenkyu_kantei/pdf_ichiran/05-ekimu-zuikei-ka-05.pdf,warp_crawler,atla_kantei,艦艇装備研究所,防衛装備庁,2023,2023,3
https://warp.ndl.go.jp/20240715/20240715000000/https://www.mod.go.jp/atla/data/info/ny_kenkyu_kantei/pdf_ichiran/05-ekimu-zuikei-ka-06.pdf,warp_crawler,atla_kantei,艦艇装備研究所,防衛装備庁,2023,2023,4
https://warp.ndl.go.jp/20240715/20240715000000/https://www.mod.go.jp/atla/data/info/ny_kenkyu_kantei/pdf_ichiran/05-ekimu-zuikei-ka-07.pdf,warp_crawler,atla_kantei,艦艇装備研究所,防衛装備庁,2023,2023,2
https://warp.ndl.go.jp/20240715/20240715000000/https://www.mod.go.jp/atla/data/info/ny_kenkyu_kantei/pdf_ichiran/05-ekimu-zuikei-ka-08.pdf,warp_crawler,atla_kantei,艦艇装備研究所,防衛装備庁,2023,2023,10
https://warp.ndl.go.jp/20240715/20240715000000/https://www.mod.go.jp/atla/data/info/ny_kenkyu_kantei/pdf_ichiran/05-ekimu-zuikei-ka-09.pdf,warp_crawler,atla_kantei,艦艇装備研究所,防衛装備庁,2023,2023,9
https://warp.ndl.go.jp/20240715/20240715000000/https://www.mod.go.jp/atla/data/info/ny_kenkyu_kantei/pdf_ichiran/05-ekimu-zuikei-ka-10.pdf,warp_crawler,atla_kantei,艦艇装備研究所,防衛装備庁,2023,2023,8
https://warp.ndl.go.jp/20240715/20240715000000/https://www.mod.go.jp/atla/data/info/ny_kenkyu_kantei/pdf_ichiran/05-ekimu-zuikei-ka-11.pdf,warp_crawler,atla_kantei,艦艇装備研究所,防衛装備庁,2023,2023,12
https://warp.ndl.go.jp/20240715/20240715000000/https://www.mod.go.jp/atla/data/info/ny_kenkyu_kantei/pdf_ichiran/05-ekimu-zuikei-ka-12.pdf,warp_crawler,atla_kantei,艦艇装備研究所,防衛装備庁,2023,2023,10
https://warp.ndl.go.jp/20240715/20240715000000/https://www.mod.go.jp/atla/data/info/ny_kenkyu_kantei/pdf_ichiran/05-kouji-kyousou-ka-08.pdf,warp_crawler,atla_kantei,艦艇装備研究所,防衛装備庁,2023,2023,1
https://warp.ndl.go.jp/20240715/20240715000000/https://www.mod.go.jp/atla/data/info/ny_kenkyu_kantei/pdf_ichiran/05-kouji-kyousou-ka-11.pdf,warp_crawler,atla_kantei,艦艇装備研究所,防衛装備庁,2023,2023,3
https://warp.ndl.go.jp/20240715/20240715000000/https://www.mod.go.jp/atla/data/info/ny_kenkyu_kantei/pdf_ichiran/06-ekimu-kyousou-ka-01.pdf,warp_crawler,atla_kantei,艦艇装備研究所,防衛装備庁,2023,2023,11
https://warp.ndl.go.jp/20240715/20240715000000/https://www.mod.go.jp/atla/data/info/ny_kenkyu_kantei/pdf_ichiran/06-ekimu-kyousou-ka-02.pdf,warp_crawler,atla_kantei,艦艇装備研究所,防衛装備庁,2023,2023,3
https://warp.ndl.go.jp/20240715/20240715000000/https://www.mod.go.jp/atla/data/info/ny_kenkyu_kantei/pdf_ichiran/06-ekimu-zuikei-ka-01.pdf,warp_crawler,atla_kantei,艦艇装備研究所,防衛装備庁,2023,2023,9
https://warp.ndl.go.jp/20240715/20240715000000/https://www.mod.go.jp/atla/data/info/ny_kenkyu_kantei/pdf_ichiran/06-ekimu-zuikei-ka-02.pdf,warp_crawler,atla_kantei,艦艇装備研究所,防衛装備庁,2023,2023,9
https://warp.ndl.go.jp/20240715/20240715000000/https://www.mod.go.jp/atla/data/info/ny_kenkyu_kantei/pdf_ichiran/06-ekimu-zuikei-ka-03.pdf,warp_crawler,atla_kantei,艦艇装備研究所,防衛装備庁,2023,2023,1
https://warp.ndl.go.jp/20240715/20240715000000/https://www.mod.go.jp/atla/data/info/ny_kenkyu_kantei/pdf_ichiran/06-kouji-kyousou-ka-01.pdf,warp_crawler,atla_kantei,艦艇装備研究所,防衛装備庁,2023,2023,2
https://warp.ndl.go.jp/20240715/20240715000000/https://www.mod.go.jp/atla/data/info/ny_kenkyu_kantei/pdf_ichiran/31-ekimu-kyousou-ka-04.xlsx,warp_crawler,atla_kantei,艦艇装備研究所,防衛装備庁,2023,2023,9
https://warp.ndl.go.jp/20240715/20240715000000/https://www.mod.go.jp/atla/data/info/ny_kenkyu_kantei/pdf_ichiran/31-ekimu-zuikei-ka-04.xlsx,warp_crawler,atla_kantei,艦艇装備研究所,防衛装備庁,2023,2023,3
https://warp.ndl.go.jp/20230715/20230715000000/https://www.mod.go.jp/atla/data/info/ny_kenkyu_koukuu/pdf_ichiran/01-ekimu-kyousou-ko-06.xlsx,warp_crawler,atla_koukuu,航空装備研究所,防衛装備庁,2022,2022,11
https://warp.ndl.go.jp/20230715/20230715000000/https://www.mod.go.jp/atla/data/info/ny_kenkyu_koukuu/pdf_ichiran/01-ekimu-kyousou-ko-07.xlsx,warp_crawler,atla_koukuu,航空装備研究所,防衛装備庁,2022,2022,1
https://warp.ndl.go.jp/20230715/20230715000000/https://www.mod.go.jp/atla/data/info/ny_kenkyu_koukuu/pdf_ichiran/01-ekimu-kyousou-ko-09.xlsx,warp_crawler,atla_koukuu,航空装備研究所,防衛装備庁,2022,2022,2
https://warp.ndl.go.jp/20230715/20230715000000/https://www.mod.go.jp/atla/data/info/ny_kenkyu_koukuu/pdf_ichiran/01-ekimu-zuikei-ko-05.xlsx,warp_crawler,atla_koukuu,航空装備研究所,防衛装備庁,2022,2022,4
https://warp.ndl.go.jp/20230715/20230715000000/https://www.mod.go.jp/atla/data/info/ny_kenkyu_koukuu/pdf_ichiran/01-ekimu-zuikei-ko-06.xlsx,warp_crawler,atla_koukuu,航空装備研究所,防衛装備庁,2022,2022,7
https://warp.ndl.go.jp/20230715/20230715000000/https://www.mod.go.jp/atla/data/info/ny_kenkyu_koukuu/pdf_ichiran/01-ekimu-zuikei-ko-07.xlsx,warp_crawler,atla_koukuu,航空装備研究所,防衛装備庁,2022,2022,2
https://warp.ndl.go.jp/20230715/20230715000000/https://www.mod.go.jp/atla/data/info/ny_kenkyu_koukuu/pdf_ichiran/01-ekimu-zuikei-ko-09.xlsx,warp_crawler,atla_koukuu,航空装備研究所,防衛装備庁,2022,2022,5
https://warp.ndl.go.jp/20230715/20230715000000/https://www.mod.go.jp/atla/data/info/ny_kenkyu_koukuu/pdf_ichiran/04-ekimu-kyousou-ko-04.pdf,warp_crawler,atla_koukuu,航空装備研究所,防衛装備庁,2022,2022,14
https://warp.ndl.go.jp/20230715/20230715000000/https://www.mod.go.jp/atla/data/info/ny_kenkyu_koukuu/pdf_ichiran/04-ekimu-kyousou-ko-05.pdf,warp_crawler,atla_koukuu,航空装備研究所,防衛装備庁,2022,2022,4
https://warp.ndl.go.jp/20230715/20230715000000/https://www.mod.go.jp/atla/data/info/ny_kenkyu_koukuu/pdf_ichiran/04-ekimu-kyousou-ko-06.pdf,warp_crawler,atla_koukuu,航空装備研究所,防衛装備庁,2022,2022,2
https://warp.ndl.go.jp/20230715/20230715000000/https://www.mod.go.jp/atla/data/info/ny_kenkyu_koukuu/pdf_ichiran/04-ekimu-kyousou-ko-07.pdf,warp_crawler,atla_koukuu,航空装備研究所,防衛装備庁,2022,2022,3
https://warp.ndl.go.jp/20230715/20230715000000/https://www.mod.go.jp/atla/data/info/ny_kenkyu_koukuu/pdf_ichiran/04-ekimu-kyousou-ko-08.pdf,warp_crawler,atla_koukuu,航空装備研究所,防衛装備庁,2022,2022,13
https://warp.ndl.go.jp/20230715/20230715000000/https://www.mod.go.jp/atla/data/info/ny_kenkyu_koukuu/pdf_ichiran/04-ekimu-kyousou-ko-09.pdf,warp_crawler,atla_koukuu,航空装備研究所,防衛装備庁,2022,2022,8
https://warp.ndl.go.jp/20230715/20230715000000/https://www.mod.go.jp/atla/data/info/ny_kenkyu_koukuu/pdf_ichiran/04-ekimu-kyousou-ko-10.pdf,warp_crawler,atla_koukuu,航空装備研究所,防衛装備庁,2022,2022,2
https://warp.ndl.go.jp/20230715/20230715000000/https://www.mod.go.jp/atla/data/info/ny_kenkyu_koukuu/pdf_ichiran/04-ekimu-kyousou-ko-11.pdf,warp_crawler,atla_koukuu,航空装備研究所,防衛装備庁,2022,2022,5
https://warp.ndl.go.jp/20230715/20230715000000/https://www.mod.go.jp/atla/data/info/ny_kenkyu_koukuu/pdf_ichiran/04-ekimu-kyousou-ko-12.pdf,warp_crawler,atla_koukuu,航空装備研究所,防衛装備庁,2022,2022,9
https://warp.ndl.go.jp/20230715/20230715000000/https://www.mod.go.jp/atla/data/info/ny_kenkyu_koukuu/pdf_ichiran/04-ekimu-zuikei-ko-04.pdf,warp_crawler,atla_koukuu,航空装備研究所,防衛装備庁,2022,2022,5
https://warp.ndl.go.jp/20230715/20230715000000/https://www.mod.go.jp/atla/data/info/ny_kenkyu_koukuu/pdf_ichiran/04-ekimu-zuikei-ko-05.pdf,warp_crawler,atla_koukuu,航空装備研究所,防衛装備庁,2022,2022,4
https://warp.ndl.go.jp/20230715/20230715000000/https://www.mod.go.jp/atla/data/info/ny_kenkyu_koukuu/pdf_ichiran/04-ekimu-zuikei-ko-06.pdf,warp_crawler,atla_koukuu,航空装備研究所,防衛装備庁,2022,2022,8
https://warp.ndl.go.jp/20230715/20230715000000/https://www.mod.go.jp/atla/data/info/ny_kenkyu_koukuu/pdf_ichiran/04-ekimu-zuikei-ko-07.pdf,warp_crawler,atla_koukuu,航空装備研究所,防衛装備庁,2022,2022,4
https://warp.ndl.go.jp/20230715/20230715000000/https://www.mod.go.jp/atla/data/info/ny_kenkyu_koukuu/pdf_ichiran/04-ekimu-zuikei-ko-08.pdf,warp_crawler,atla_koukuu,航空装備研究所,防衛装備庁,2022,2022,7
https://warp.ndl.go.jp/20230715/20230715000000/https://www.mod.go.jp/atla/data/info/ny_kenkyu_koukuu/pdf_ichiran/04-ekimu-zuikei-ko-09.pdf,warp_crawler,atla_koukuu,航空装備研究所,防衛装備庁,2022,2022,9
https://warp.ndl.go.jp/20230715/20230715000000/https://www.mod.go.jp/atla/data/info/ny_kenkyu_koukuu/pdf_ichiran/04-ekimu-zuikei-ko-10.pdf,warp_crawler,atla_koukuu,航空装備研究所,防衛装備庁,2022,2022,12
https://warp.ndl.go.jp/20230715/20230715000000/https://www.mod.go.jp/atla/data/info/ny_kenkyu_koukuu/pdf_ichiran/04-ekimu-zuikei-ko-11.pdf,warp_crawler,atla_koukuu,航空装備研究所,防衛装備庁,2022,2022,7
https://warp.ndl.go.jp/20230715/20230715000000/https://www.mod.go.jp/atla/data/info/ny_kenkyu_koukuu/pdf_ichiran/04-ekimu-zuikei-ko-12.pdf,warp_crawler,atla_koukuu,航空装備研究所,防衛装備庁,2022,2022,10
https://warp.ndl.go.jp/20230715/20230715000000/https://www.mod.go.jp/atla/data/info/ny_kenkyu_koukuu/pdf_ichiran/04-kouji-kyousou-ko-09.pdf,warp_crawler,atla_koukuu,航空装備研究所,防衛装備庁,2022,2022,2
https://warp.ndl.go.jp/20230715/20230715000000/https://www.mod.go.jp/atla/data/info/ny_kenkyu_koukuu/pdf_ichiran/04-kouji-kyousou-ko-11.pdf,warp_crawler,atla_koukuu,航空装備研究所,防衛装備庁,2022,2022,1
https://warp.ndl.go.jp/20230715/20230715000000/https://www.mod.go.jp/atla/data/info/ny_kenkyu_koukuu/pdf_ichiran/04-kouji-kyousou-ko-12.pdf,warp_crawler,atla_koukuu,航空装備研究所,防衛装備庁,2022,2022,1
https://warp.ndl.go.jp/20230715/20230715000000/https://www.mod.go.jp/atla/data/info/ny_kenkyu_koukuu/pdf_ichiran/05-ekimu-kyousou-ko-01.pdf,warp_crawler,atla_koukuu,航空装備研究所,防衛装備庁,2022,2022,10
https://warp.ndl.go.jp/20230715/20230715000000/https://www.mod.go.jp/atla/data/info/ny_kenkyu_koukuu/pdf_ichiran/05-ekimu-zuikei-ko-01.pdf,warp_crawler,atla_koukuu,航空装備研究所,防衛装備庁,2022,2022,1
https://warp.ndl.go.jp/20230715/20230715000000/https://www.mod.go.jp/atla/data/info/ny_kenkyu_koukuu/pdf_ichiran/05-ekimu-zuikei-ko-02.pdf,warp_crawler,atla_koukuu,航空装備研究所,防衛装備庁,2022,2022,4
https://warp.ndl.go.jp/20230715/20230715000000/https://www.mod.go.jp/atla/data/info/ny_kenkyu_koukuu/pdf_ichiran/05-ekimu-zuikei-ko-03.pdf,warp_crawler,atla_koukuu,航空装備研究所,防衛装備庁,2022,2022,3
https://warp.ndl.go.jp/20230715/20230715000000/https://www.mod.go.jp/atla/data/info/ny_kenkyu_koukuu/pdf_ichiran/31-ekimu-kyousou-ko-04.xlsx,warp_crawler,atla_koukuu,航空装備研究所,防衛装備庁,2022,2022,3
https://warp.ndl.go.jp/20230715/20230715000000/https://www.mod.go.jp/atla/data/info/ny_kenkyu_koukuu/pdf_ichiran/31-ekimu-zuikei-ko-04.xlsx,warp_crawler,atla_koukuu,航空装備研究所,防衛装備庁,2022,2022,10
https://warp.ndl.go.jp/20240715/20240715000000/https://www.mod.go.jp/atla/data/info/ny_kenkyu_koukuu/pdf_ichiran/01-ekimu-kyousou-ko-06.xlsx,warp_crawler,atla_koukuu,航空装備研究所,防衛装備庁,2023,2023,11
https://warp.ndl.go.jp/20240715/20240715000000/https://www.mod.go.jp/atla/data/info/ny_kenkyu_koukuu/pdf_ichiran/01-ekimu-kyousou-ko-07.xlsx,warp_crawler,atla_koukuu,航空装備研究所,防衛装備庁,2023,2023,1
https://warp.ndl.go.jp/20240715/20240715000000/https://www.mod.go.jp/atla/data/info/ny_kenkyu_koukuu/pdf_ichiran/01-ekimu-kyousou-ko-09.xlsx,warp_crawler,atla_koukuu,航空装備研究所,防衛装備庁,2023,2023,2
https://warp.ndl.go.jp/20240715/20240715000000/https://www.mod.go.jp/atla/data/info/ny_kenkyu_koukuu/pdf_ichiran/01-ekimu-zuikei-ko-05.xlsx,warp_crawler,atla_koukuu,航空装備研究所,防衛装備庁,2023,2023,4
https://warp.ndl.go.jp/20240715/20240715000000/https://www.mod.go.jp/atla/data/info/ny_kenkyu_koukuu/pdf_ichiran/01-ekimu-zuikei-ko-06.xlsx,warp_crawler,atla_koukuu,航空装備研究所,防衛装備庁,2023,2023,7
https://warp.ndl.go.jp/20240715/20240715000000/https://www.mod.go.jp/atla/data/info/ny_kenkyu_koukuu/pdf_ichiran/01-ekimu-zuikei-ko-07.xlsx,warp_crawler,atla_koukuu,航空装備研究所,防衛装備庁,2023,2023,2
https://warp.ndl.go.jp/20240715/20240715000000/https://www.mod.go.jp/atla/data/info/ny_kenkyu_koukuu/pdf_ichiran/01-ekimu-zuikei-ko-09.xlsx,warp_crawler,atla_koukuu,航空装備研究所,防衛装備庁,2023,2023,5
https://warp.ndl.go.jp/20240715/20240715000000/https://www.mod.go.jp/atla/data/info/ny_kenkyu_koukuu/pdf_ichiran/05-ekimu-kyousou-ko-04.pdf,warp_crawler,atla_koukuu,航空装備研究所,防衛装備庁,2023,2023,16
https://warp.ndl.go.jp/20240715/20240715000000/https://www.mod.go.jp/atla/data/info/ny_kenkyu_koukuu/pdf_ichiran/05-ekimu-kyousou-ko-05.pdf,warp_crawler,atla_koukuu,航空装備研究所,防衛装備庁,2023,2023,4
https://warp.ndl.go.jp/20240715/20240715000000/https://www.mod.go.jp/atla/data/info/ny_kenkyu_koukuu/pdf_ichiran/05-ekimu-kyousou-ko-06.pdf,warp_crawler,atla_koukuu,航空装備研究所,防衛装備庁,2023,2023,3
https://warp.ndl.go.jp/20240715/20240715000000/https://www.mod.go.jp/atla/data/info/ny_kenkyu_koukuu/pdf_ichiran/05-ekimu-kyousou-ko-07.pdf,warp_crawler,atla_koukuu,航空装備研究所,防衛装備庁,2023,2023,6
https://warp.ndl.go.jp/20240715/20240715000000/https://www.mod.go.jp/atla/data/info/ny_kenkyu_koukuu/pdf_ichiran/05-ekimu-kyousou-ko-08.pdf,warp_crawler,atla_koukuu,航空装備研究所,防衛装備庁,2023,2023,10
https://warp.ndl.go.jp/20240715/20240715000000/https://www.mod.go.jp/atla/data/info/ny_kenkyu_koukuu/pdf_ichiran/05-ekimu-kyousou-ko-09.pdf,warp_crawler,atla_koukuu,航空装備研究所,防衛装備庁,2023,2023,7
https://warp.ndl.go.jp/20240715/20240715000000/https://www.mod.go.jp/atla/data/info/ny_kenkyu_koukuu/pdf_ichiran/05-ekimu-kyousou-ko-10.pdf,warp_crawler,atla_koukuu,航空装備研究所,防衛装備庁,2023,2023,2
https://warp.ndl.go.jp/20240715/20240715000000/https://www.mod.go.jp/atla/data/info/ny_kenkyu_koukuu/pdf_ichiran/05-ekimu-kyousou-ko-11.pdf,warp_crawler,atla_koukuu,航空装備研究所,防衛装備庁,2023,2023,4
https://warp.ndl.go.jp/20240715/20240715000000/https://www.mod.go.jp/atla/data/info/ny_kenkyu_koukuu/pdf_ichiran/05-ekimu-kyousou-ko-12.pdf,warp_crawler,atla_koukuu,航空装備研究所,防衛装備庁,2023,2023,4
https://warp.ndl.go.jp/20240715/20240715000000/https://www.mod.go.jp/atla/data/info/ny_kenkyu_koukuu/pdf_ichiran/05-ekimu-zuikei-ko-04.pdf,warp_crawler,atla_koukuu,航空装備研究所,防衛装備庁,2023,2023,6
https://warp.ndl.go.jp/20240715/20240715000000/https://www.mod.go.jp/atla/data/info/ny_kenkyu_koukuu/pdf_ichiran/05-ekimu-zuikei-ko-05.pdf,warp_crawler,atla_koukuu,航空装備研究所,防衛装備庁,2023,2023,5
https://warp.ndl.go.jp/20240715/20240715000000/https://www.mod.go.jp/atla/data/info/ny_kenkyu_koukuu/pdf_ichiran/05-ekimu-zuikei-ko-06.pdf,warp_crawler,atla_koukuu,航空装備研究所,防衛装備庁,2023,2023,5
https://warp.ndl.go.jp/20240715/20240715000000/https://www.mod.go.jp/atla/data/info/ny_kenkyu_koukuu/pdf_ichiran/05-ekimu-zuikei-ko-07.pdf,warp_crawler,atla_koukuu,航空装備研究所,防衛装備庁,2023,2023,5
https://warp.ndl.go.jp/20240715/20240715000000/https://www.mod.go.jp/atla/data/info/ny_kenkyu_koukuu/pdf_ichiran/05-ekimu-zuikei-ko-08.pdf,warp_crawler,atla_koukuu,航空装備研究所,防衛装備庁,2023,2023,10
https://warp.ndl.go.jp/20240715/20240715000000/https://www.mod.go.jp/atla/data/info/ny_kenkyu_koukuu/pdf_ichiran/05-ekimu-zuikei-ko-09.pdf,warp_crawler,atla_koukuu,航空装備研究所,防衛装備庁,2023,2023,10
https://warp.ndl.go.jp/20240715/20240715000000/https://www.mod.go.jp/atla/data/info/ny_kenkyu_koukuu/pdf_ichiran/05-ekimu-zuikei-ko-10.pdf,warp_crawler,atla_koukuu,航空装備研究所,防衛装備庁,2023,2023,4
https://warp.ndl.go.jp/20240715/20240715000000/https://www.mod.go.jp/atla/data/info/ny_kenkyu_koukuu/pdf_ichiran/05-ekimu-zuikei-ko-11.pdf,warp_crawler,atla_koukuu,航空装備研究所,防衛装備庁,2023,2023,7
https://warp.ndl.go.jp/20240715/20240715000000/https://www.mod.go.jp/atla/data/info/ny_kenkyu_koukuu/pdf_ichiran/05-ekimu-zuikei-ko-12.pdf,warp_crawler,atla_koukuu,航空装備研究所,防衛装備庁,2023,2023,7
https://warp.ndl.go.jp/20240715/20240715000000/https://www.mod.go.jp/atla/data/info/ny_kenkyu_koukuu/pdf_ichiran/05-kouji-kyousou-ko-05.pdf,warp_crawler,atla_koukuu,航空装備研究所,防衛装備庁,2023,2023,1
https://warp.ndl.go.jp/20240715/20240715000000/https://www.mod.go.jp/atla/data/info/ny_kenkyu_koukuu/pdf_ichiran/05-kouji-kyousou-ko-07.pdf,warp_crawler,atla_koukuu,航空装備研究所,防衛装備庁,2023,2023,1
https://warp.ndl.go.jp/20240715/20240715000000/https://www.mod.go.jp/atla/data/info/ny_kenkyu_koukuu/pdf_ichiran/05-kouji-kyousou-ko-10.pdf,warp_crawler,atla_koukuu,航空装備研究所,防衛装備庁,2023,2023,1
https://warp.ndl.go.jp/20240715/20240715000000/https://www.mod.go.jp/atla/data/info/ny_kenkyu_koukuu/pdf_ichiran/06-ekimu-kyousou-ko-01.pdf,warp_crawler,atla_koukuu,航空装備研究所,防衛装備庁,2023,2023,8
https://warp.ndl.go.jp/20240715/20240715000000/https://www.mod.go.jp/atla/data/info/ny_kenkyu_koukuu/pdf_ichiran/06-ekimu-kyousou-ko-03.pdf,warp_crawler,atla_koukuu,航空装備研究所,防衛装備庁,2023,2023,2
https://warp.ndl.go.jp/20240715/20240715000000/https://www.mod.go.jp/atla/data/info/ny_kenkyu_koukuu/pdf_ichiran/06-ekimu-zuikei-ko-01.pdf,warp_crawler,atla_koukuu,航空装備研究所,防衛装備庁,2023,2023,6
https://warp.ndl.go.jp/20240715/20240715000000/https://www.mod.go.jp/atla/data/info/ny_kenkyu_koukuu/pdf_ichiran/06-ekimu-zuikei-ko-02.pdf,warp_crawler,atla_koukuu,航空装備研究所,防衛装備庁,2023,2023,10
https://warp.ndl.go.jp/20240715/20240715000000/https://www.mod.go.jp/atla/data/info/ny_kenkyu_koukuu/pdf_ichiran/06-kouji-kyousou-ko-01.pdf,warp_crawler,atla_koukuu,航空装備研究所,防衛装備庁,2023,2023,1
https://warp.ndl.go.jp/20240715/20240715000000/https://www.mod.go.jp/atla/data/info/ny_kenkyu_koukuu/pdf_ichiran/31-ekimu-kyousou-ko-04.xlsx,warp_crawler,atla_koukuu,航空装備研究所,防衛装備庁,2023,2023,3
https://warp.ndl.go.jp/20240715/20240715000000/https://www.mod.go.jp/atla/data/info/ny_kenkyu_koukuu/pdf_ichiran/31-ekimu-zuikei-ko-04.xlsx,warp_crawler,atla_koukuu,航空装備研究所,防衛装備庁,2023,2023,10
https://warp.ndl.go.jp/20230715/20230715000000/https://www.mod.go.jp/atla/data/info/ny_kenkyu_riku/pdf_ichiran/02-ekimu-kyousou-r-03.xlsx,warp_crawler,atla_riku,陸上装備研究所,防衛装備庁,2022,2022,1
https://warp.ndl.go.jp/20230715/20230715000000/https://www.mod.go.jp/atla/data/info/ny_kenkyu_riku/pdf_ichiran/02-ekimu-zuikei-r-03.xlsx,warp_crawler,atla_riku,陸上装備研究所,防衛装備庁,2022,2022,4
https://warp.ndl.go.jp/20230715/20230715000000/https://www.mod.go.jp/atla/data/info/ny_kenkyu_riku/pdf_ichiran/04-ekimu-kyousou-r-04.pdf,warp_crawler,atla_riku,陸上装備研究所,防衛装備庁,2022,2022,18
https://warp.ndl.go.jp/20230715/20230715000000/https://www.mod.go.jp/atla/data/info/ny_kenkyu_riku/pdf_ichiran/04-ekimu-kyousou-r-05.pdf,warp_crawler,atla_riku,陸上装備研究所,防衛装備庁,2022,2022,9
https://warp.ndl.go.jp/20230715/20230715000000/https://www.mod.go.jp/atla/data/info/ny_kenkyu_riku/pdf_ichiran/04-ekimu-kyousou-r-06.pdf,warp_crawler,atla_riku,陸上装備研究所,防衛装備庁,2022,2022,17
https://warp.ndl.go.jp/20230715/20230715000000/https://www.mod.go.jp/atla/data/info/ny_kenkyu_riku/pdf_ichiran/04-ekimu-kyousou-r-07.pdf,warp_crawler,atla_riku,陸上装備研究所,防衛装備庁,2022,2022,11
https://warp.ndl.go.jp/20230715/20230715000000/https://www.mod.go.jp/atla/data/info/ny_kenkyu_riku/pdf_ichiran/04-ekimu-kyousou-r-08.pdf,warp_crawler,atla_riku,陸上装備研究所,防衛装備庁,2022,2022,3
https://warp.ndl.go.jp/20230715/20230715000000/https://www.mod.go.jp/atla/data/info/ny_kenkyu_riku/pdf_ichiran/04-ekimu-kyousou-r-09.pdf,warp_crawler,atla_riku,陸上装備研究所,防衛装備庁,2022,2022,14
https://warp.ndl.go.jp/20230715/20230715000000/https://www.mod.go.jp/atla/data/info/ny_kenkyu_riku/pdf_ichiran/04-ekimu-kyousou-r-10.pdf,warp_crawler,atla_riku,陸上装備研究所,防衛装備庁,2022,2022,10
https://warp.ndl.go.jp/20230715/20230715000000/https://www.mod.go.jp/atla/data/info/ny_kenkyu_riku/pdf_ichiran/04-ekimu-kyousou-r-11.pdf,warp_crawler,atla_riku,陸上装備研究所,防衛装備庁,2022,2022,20
https://warp.ndl.go.jp/20230715/20230715000000/https://www.mod.go.jp/atla/data/info/ny_kenkyu_riku/pdf_ichiran/04-ekimu-kyousou-r-12.pdf,warp_crawler,atla_riku,陸上装備研究所,防衛装備庁,2022,2022,9
https://warp.ndl.go.jp/20230715/20230715000000/https://www.mod.go.jp/atla/data/info/ny_kenkyu_riku/pdf_ichiran/04-ekimu-zuikei-r-04.pdf,warp_crawler,atla_riku,陸上装備研究所,防衛装備庁,2022,2022,25
https://warp.ndl.go.jp/20230715/20230715000000/https://www.mod.go.jp/atla/data/info/ny_kenkyu_riku/pdf_ichiran/04-ekimu-zuikei-r-05.pdf,warp_crawler,atla_riku,陸上装備研究所,防衛装備庁,2022,2022,19
https://warp.ndl.go.jp/20230715/20230715000000/https://www.mod.go.jp/atla/data/info/ny_kenkyu_riku/pdf_ichiran/04-ekimu-zuikei-r-06.pdf,warp_crawler,atla_riku,陸上装備研究所,防衛装備庁,2022,2022,15
https://warp.ndl.go.jp/20230715/20230715000000/https://www.mod.go.jp/atla/data/info/ny_kenkyu_riku/pdf_ichiran/04-ekimu-zuikei-r-07.pdf,warp_crawler,atla_riku,陸上装備研究所,防衛装備庁,2022,2022,24
https://warp.ndl.go.jp/20230715/20230715000000/https://www.mod.go.jp/atla/data/info/ny_kenkyu_riku/pdf_ichiran/04-ekimu-zuikei-r-08.pdf,warp_crawler,atla_riku,陸上装備研究所,防衛装備庁,2022,2022,18
https://warp.ndl.go.jp/20230715/20230715000000/https://www.mod.go.jp/atla/data/info/ny_kenkyu_riku/pdf_ichiran/04-ekimu-zuikei-r-09.pdf,warp_crawler,atla_riku,陸上装備研究所,防衛装備庁,2022,2022,24
https://warp.ndl.go.jp/20230715/20230715000000/https://www.mod.go.jp/atla/data/info/ny_kenkyu_riku/pdf_ichiran/04-ekimu-zuikei-r-10.pdf,warp_crawler,atla_riku,陸上装備研究所,防衛装備庁,2022,2022,12
https://warp.ndl.go.jp/20230715/20230715000000/https://www.mod.go.jp/atla/data/info/ny_kenkyu_riku/pdf_ichiran/04-ekimu-zuikei-r-11.pdf,warp_crawler,atla_riku,陸上装備研究所,防衛装備庁,2022,2022,22
https://warp.ndl.go.jp/20230715/20230715000000/https://www.mod.go.jp/atla/data/info/ny_kenkyu_riku/pdf_ichiran/04-ekimu-zuikei-r-12.pdf,warp_crawler,atla_riku,陸上装備研究所,防衛装備庁,2022,2022,24
https://warp.ndl.go.jp/20230715/20230715000000/https://www.mod.go.jp/atla/data/info/ny_kenkyu_riku/pdf_ichiran/04-kouji-kyousou-r-06.pdf,warp_crawler,atla_riku,陸上装備研究所,防衛装備庁,2022,2022,1
https://warp.ndl.go.jp/20230715/20230715000000/https://www.mod.go.jp/atla/data/info/ny_kenkyu_riku/pdf_ichiran/04-kouji-kyousou-r-09.pdf,warp_crawler,atla_riku,陸上装備研究所,防衛装備庁,2022,2022,1
https://warp.ndl.go.jp/20230715/20230715000000/https://www.mod.go.jp/atla/data/info/ny_kenkyu_riku/pdf_ichiran/05-ekimu-kyousou-r-01.pdf,warp_crawler,atla_riku,陸上装備研究所,防衛装備庁,2022,2022,12
https://warp.ndl.go.jp/20230715/20230715000000/https://www.mod.go.jp/atla/data/info/ny_kenkyu_riku/pdf_ichiran/05-ekimu-kyousou-r-02.pdf,warp_crawler,atla_riku,陸上装備研究所,防衛装備庁,2022,2022,2
https://warp.ndl.go.jp/20230715/20230715000000/https://www.mod.go.jp/atla/data/info/ny_kenkyu_riku/pdf_ichiran/05-ekimu-zuikei-r-01.pdf,warp_crawler,atla_riku,陸上装備研究所,防衛装備庁,2022,2022,18
https://warp.ndl.go.jp/20230715/20230715000000/https://www.mod.go.jp/atla/data/info/ny_kenkyu_riku/pdf_ichiran/05-ekimu-zuikei-r-02.pdf,warp_crawler,atla_riku,陸上装備研究所,防衛装備庁,2022,2022,12
https://warp.ndl.go.jp/20230715/20230715000000/https://www.mod.go.jp/atla/data/info/ny_kenkyu_riku/pdf_ichiran/05-ekimu-zuikei-r-03.pdf,warp_crawler,atla_riku,陸上装備研究所,防衛装備庁,2022,2022,2
https://warp.ndl.go.jp/20240715/20240715000000/https://www.mod.go.jp/atla/data/info/ny_kenkyu_riku/pdf_ichiran/02-ekimu-kyousou-r-03.xlsx,warp_crawler,atla_riku,陸上装備研究所,防衛装備庁,2023,2023,1
https://warp.ndl.go.jp/20240715/20240715000000/https://www.mod.go.jp/atla/data/info/ny_kenkyu_riku/pdf_ichiran/02-ekimu-zuikei-r-03.xlsx,warp_crawler,atla_riku,陸上装備研究所,防衛装備庁,2023,2023,4
https://warp.ndl.go.jp/20240715/20240715000000/https://www.mod.go.jp/atla/data/info/ny_kenkyu_riku/pdf_ichiran/05-ekimu-kyousou-r-04.pdf,warp_crawler,atla_riku,陸上装備研究所,防衛装備庁,2023,2023,8
https://warp.ndl.go.jp/20240715/20240715000000/https://www.mod.go.jp/atla/data/info/ny_kenkyu_riku/pdf_ichiran/05-ekimu-kyousou-r-05.pdf,warp_crawler,atla_riku,陸上装備研究所,防衛装備庁,2023,2023,6
https://warp.ndl.go.jp/20240715/20240715000000/https://www.mod.go.jp/atla/data/info/ny_kenkyu_riku/pdf_ichiran/05-ekimu-kyousou-r-06.pdf,warp_crawler,atla_riku,陸上装備研究所,防衛装備庁,2023,2023,1
https://warp.ndl.go.jp/20240715/20240715000000/https://www.mod.go.jp/atla/data/info/ny_kenkyu_riku/pdf_ichiran/05-ekimu-kyousou-r-07.pdf,warp_crawler,atla_riku,陸上装備研究所,防衛装備庁,2023,2023,7
https://warp.ndl.go.jp/20240715/20240715000000/https://www.mod.go.jp/atla/data/info/ny_kenkyu_riku/pdf_ichiran/05-ekimu-kyousou-r-08.pdf,warp_crawler,atla_riku,陸上装備研究所,防衛装備庁,2023,2023,6
https://warp.ndl.go.jp/20240715/20240715000000/https://www.mod.go.jp/atla/data/info/ny_kenkyu_riku/pdf_ichiran/05-ekimu-kyousou-r-09.pdf,warp_crawler,atla_riku,陸上装備研究所,防衛装備庁,2023,2023,5
https://warp.ndl.go.jp/20240715/20240715000000/https://www.mod.go.jp/atla/data/info/ny_kenkyu_riku/pdf_ichiran/05-ekimu-kyousou-r-10.pdf,warp_crawler,atla_riku,陸上装備研究所,防衛装備庁,2023,2023,12
https://warp.ndl.go.jp/20240715/20240715000000/https://www.mod.go.jp/atla/data/info/ny_kenkyu_riku/pdf_ichiran/05-ekimu-kyousou-r-11.pdf,warp_crawler,atla_riku,陸上装備研究所,防衛装備庁,2023,2023,10
https://warp.ndl.go.jp/20240715/20240715000000/https://www.mod.go.jp/atla/data/info/ny_kenkyu_riku/pdf_ichiran/05-ekimu-kyousou-r-12.pdf,warp_crawler,atla_riku,陸上装備研究所,防衛装備庁,2023,2023,11
https://warp.ndl.go.jp/20240715/20240715000000/https://www.mod.go.jp/atla/data/info/ny_kenkyu_riku/pdf_ichiran/05-ekimu-zuikei-r-04.pdf,warp_crawler,atla_riku,陸上装備研究所,防衛装備庁,2023,2023,6
https://warp.ndl.go.jp/20240715/20240715000000/https://www.mod.go.jp/atla/data/info/ny_kenkyu_riku/pdf_ichiran/05-ekimu-zuikei-r-05.pdf,warp_crawler,atla_riku,陸上装備研究所,防衛装備庁,2023,2023,11
https://warp.ndl.go.jp/20240715/20240715000000/https://www.mod.go.jp/atla/data/info/ny_kenkyu_riku/pdf_ichiran/05-ekimu-zuikei-r-06.pdf,warp_crawler,atla_riku,陸上装備研究所,防衛装備庁,2023,2023,9
https://warp.ndl.go.jp/20240715/20240715000000/https://www.mod.go.jp/atla/data/info/ny_kenkyu_riku/pdf_ichiran/05-ekimu-zuikei-r-07.pdf,warp_crawler,atla_riku,陸上装備研究所,防衛装備庁,2023,2023,8
https://warp.ndl.go.jp/20240715/20240715000000/https://www.mod.go.jp/atla/data/info/ny_kenkyu_riku/pdf_ichiran/05-ekimu-zuikei-r-08.pdf,warp_crawler,atla_riku,陸上装備研究所,防衛装備庁,2023,2023,6
https://warp.ndl.go.jp/20240715/20240715000000/https://www.mod.go.jp/atla/data/info/ny_kenkyu_riku/pdf_ichiran/05-ekimu-zuikei-r-09.pdf,warp_crawler,atla_riku,陸上装備研究所,防衛装備庁,2023,2023,22
https://warp.ndl.go.jp/20240715/20240715000000/https://www.mod.go.jp/atla/data/info/ny_kenkyu_riku/pdf_ichiran/05-ekimu-zuikei-r-10.pdf,warp_crawler,atla_riku,陸上装備研究所,防衛装備庁,2023,2023,20
https://warp.ndl.go.jp/20240715/20240715000000/https://www.mod.go.jp/atla/data/info/ny_kenkyu_riku/pdf_ichiran/05-ekimu-zuikei-r-11.pdf,warp_crawler,atla_riku,陸上装備研究所,防衛装備庁,2023,2023,25
https://warp.ndl.go.jp/20240715/20240715000000/https://www.mod.go.jp/atla/data/info/ny_kenkyu_riku/pdf_ichiran/05-ekimu-zuikei-r-12.pdf,warp_crawler,atla_riku,陸上装備研究所,防衛装備庁,2023,2023,20
https://warp.ndl.go.jp/20240715/20240715000000/https://www.mod.go.jp/atla/data/info/ny_kenkyu_riku/pdf_ichiran/05-kouji-kyousou-r-08.pdf,warp_crawler,atla_riku,陸上装備研究所,防衛装備庁,2023,2023,1
https://warp.ndl.go.jp/20240715/20240715000000/https://www.mod.go.jp/atla/data/info/ny_kenkyu_riku/pdf_ichiran/06-ekimu-kyousou-r-01.pdf,warp_crawler,atla_riku,陸上装備研究所,防衛装備庁,2023,2023,17
https://warp.ndl.go.jp/20240715/20240715000000/https://www.mod.go.jp/atla/data/info/ny_kenkyu_riku/pdf_ichiran/06-ekimu-kyousou-r-02.pdf,warp_crawler,atla_riku,陸上装備研究所,防衛装備庁,2023,2023,11
https://warp.ndl.go.jp/20240715/20240715000000/https://www.mod.go.jp/atla/data/info/ny_kenkyu_riku/pdf_ichiran/06-ekimu-kyousou-r-03.pdf,warp_crawler,atla_riku,陸上装備研究所,防衛装備庁,2023,2023,3
https://warp.ndl.go.jp/20240715/20240715000000/https://www.mod.go.jp/atla/data/info/ny_kenkyu_riku/pdf_ichiran/06-ekimu-zuikei-r-01.pdf,warp_crawler,atla_riku,陸上装備研究所,防衛装備庁,2023,2023,24
https://warp.ndl.go.jp/20240715/20240715000000/https://www.mod.go.jp/atla/data/info/ny_kenkyu_riku/pdf_ichiran/06-ekimu-zuikei-r-02.pdf,warp_crawler,atla_riku,陸上装備研究所,防衛装備庁,2023,2023,5
https://warp.ndl.go.jp/20240715/20240715000000/https://www.mod.go.jp/atla/data/info/ny_kenkyu_riku/pdf_ichiran/06-ekimu-zuikei-r-03.pdf,warp_crawler,atla_riku,陸上装備研究所,防衛装備庁,2023,2023,6
https://warp.ndl.go.jp/20230715/20230715000000/https://www.mod.go.jp/atla/data/info/ny_shimokita/pdf_ichiran/01-ekimu-kyousou-sh-08.xlsx,warp_crawler,atla_shimokita,下北試験場,防衛装備庁,2022,2022,7
https://warp.ndl.go.jp/20230715/20230715000000/https://www.mod.go.jp/atla/data/info/ny_shimokita/pdf_ichiran/01-ekimu-kyousou-sh-09.xlsx,warp_crawler,atla_shimokita,下北試験場,防衛装備庁,2022,2022,7
https://warp.ndl.go.jp/20230715/20230715000000/https://www.mod.go.jp/atla/data/info/ny_shimokita/pdf_ichiran/01-ekimu-kyousou-sh-10.xlsx,warp_crawler,atla_shimokita,下北試験場,防衛装備庁,2022,2022,4
https://warp.ndl.go.jp/20230715/20230715000000/https://www.mod.go.jp/atla/data/info/ny_shimokita/pdf_ichiran/01-ekimu-kyousou-sh-11.xlsx,warp_crawler,atla_shimokita,下北試験場,防衛装備庁,2022,2022,3
https://warp.ndl.go.jp/20230715/20230715000000/https://www.mod.go.jp/atla/data/info/ny_shimokita/pdf_ichiran/01-ekimu-kyousou-sh-12.xlsx,warp_crawler,atla_shimokita,下北試験場,防衛装備庁,2022,2022,5
https://warp.ndl.go.jp/20230715/20230715000000/https://www.mod.go.jp/atla/data/info/ny_shimokita/pdf_ichiran/01-ekimu-zuikei-sh-08.xlsx,warp_crawler,atla_shimokita,下北試験場,防衛装備庁,2022,2022,1
https://warp.ndl.go.jp/20230715/20230715000000/https://www.mod.go.jp/atla/data/info/ny_shimokita/pdf_ichiran/01-ekimu-zuikei-sh-09.xlsx,warp_crawler,atla_shimokita,下北試験場,防衛装備庁,2022,2022,2
https://warp.ndl.go.jp/20230715/20230715000000/https://www.mod.go.jp/atla/data/info/ny_shimokita/pdf_ichiran/01-ekimu-zuikei-sh-10.xlsx,warp_crawler,atla_shimokita,下北試験場,防衛装備庁,2022,2022,3
https://warp.ndl.go.jp/20230715/20230715000000/https://www.mod.go.jp/atla/data/info/ny_shimokita/pdf_ichiran/01-ekimu-zuikei-sh-11.xlsx,warp_crawler,atla_shimokita,下北試験場,防衛装備庁,2022,2022,3
https://warp.ndl.go.jp/20230715/20230715000000/https://www.mod.go.jp/atla/data/info/ny_shimokita/pdf_ichiran/01-ekimu-zuikei-sh-12.xlsx,warp_crawler,atla_shimokita,下北試験場,防衛装備庁,2022,2022,3
https://warp.ndl.go.jp/20230715/20230715000000/https://www.mod.go.jp/atla/data/info/ny_shimokita/pdf_ichiran/01-kouji-kyousou-sh-08.xlsx,warp_crawler,atla_shimokita,下北試験場,防衛装備庁,2022,2022,1
https://warp.ndl.go.jp/20230715/20230715000000/https://www.mod.go.jp/atla/data/info/ny_shimokita/pdf_ichiran/01-kouji-kyousou-sh-12.xlsx,warp_crawler,atla_shimokita,下北試験場,防衛装備庁,2022,2022,2
https://warp.ndl.go.jp/20230715/20230715000000/https://www.mod.go.jp/atla/data/info/ny_shimokita/pdf_ichiran/04-ekimu-kyousou-sh-04.pdf,warp_crawler,atla_shimokita,下北試験場,防衛装備庁,2022,2022,19
https://warp.ndl.go.jp/20230715/20230715000000/https://www.mod.go.jp/atla/data/info/ny_shimokita/pdf_ichiran/04-ekimu-kyousou-sh-05.pdf,warp_crawler,atla_shimokita,下北試験場,防衛装備庁,2022,2022,3
https://warp.ndl.go.jp/20230715/20230715000000/https://www.mod.go.jp/atla/data/info/ny_shimokita/pdf_ichiran/04-ekimu-kyousou-sh-06.pdf,warp_crawler,atla_shimokita,下北試験場,防衛装備庁,2022,2022,7
https://warp.ndl.go.jp/20230715/20230715000000/https://www.mod.go.jp/atla/data/info/ny_shimokita/pdf_ichiran/04-ekimu-kyousou-sh-07.pdf,warp_crawler,atla_shimokita,下北試験場,防衛装備庁,2022,2022,6
https://warp.ndl.go.jp/20230715/20230715000000/https://www.mod.go.jp/atla/data/info/ny_shimokita/pdf_ichiran/04-ekimu-kyousou-sh-08.pdf,warp_crawler,atla_shimokita,下北試験場,防衛装備庁,2022,2022,3
https://warp.ndl.go.jp/20230715/20230715000000/https://www.mod.go.jp/atla/data/info/ny_shimokita/pdf_ichiran/04-ekimu-kyousou-sh-09.pdf,warp_crawler,atla_shimokita,下北試験場,防衛装備庁,2022,2022,11
https://warp.ndl.go.jp/20230715/20230715000000/https://www.mod.go.jp/atla/data/info/ny_shimokita/pdf_ichiran/04-ekimu-kyousou-sh-10.pdf,warp_crawler,atla_shimokita,下北試験場,防衛装備庁,2022,2022,5
https://warp.ndl.go.jp/20230715/20230715000000/https://www.mod.go.jp/atla/data/info/ny_shimokita/pdf_ichiran/04-ekimu-kyousou-sh-11.pdf,warp_crawler,atla_shimokita,下北試験場,防衛装備庁,2022,2022,5
https://warp.ndl.go.jp/20230715/20230715000000/https://www.mod.go.jp/atla/data/info/ny_shimokita/pdf_ichiran/04-ekimu-kyousou-sh-12.pdf,warp_crawler,atla_shimokita,下北試験場,防衛装備庁,2022,2022,12
https://warp.ndl.go.jp/20230715/20230715000000/https://www.mod.go.jp/atla/data/info/ny_shimokita/pdf_ichiran/04-ekimu-zuikei-sh-04.pdf,warp_crawler,atla_shimokita,下北試験場,防衛装備庁,2022,2022,2
https://warp.ndl.go.jp/20230715/20230715000000/https://www.mod.go.jp/atla/data/info/ny_shimokita/pdf_ichiran/04-ekimu-zuikei-sh-05.pdf,warp_crawler,atla_shimokita,下北試験場,防衛装備庁,2022,2022,3
https://warp.ndl.go.jp/20230715/20230715000000/https://www.mod.go.jp/atla/data/info/ny_shimokita/pdf_ichiran/04-ekimu-zuikei-sh-06.pdf,warp_crawler,atla_shimokita,下北試験場,防衛装備庁,2022,2022,1
https://warp.ndl.go.jp/20230715/20230715000000/https://www.mod.go.jp/atla/data/info/ny_shimokita/pdf_ichiran/04-ekimu-zuikei-sh-07.pdf,warp_crawler,atla_shimokita,下北試験場,防衛装備庁,2022,2022,1
https://warp.ndl.go.jp/20230715/20230715000000/https://www.mod.go.jp/atla/data/info/ny_shimokita/pdf_ichiran/04-ekimu-zuikei-sh-08.pdf,warp_crawler,atla_shimokita,下北試験場,防衛装備庁,2022,2022,3
https://warp.ndl.go.jp/20230715/20230715000000/https://www.mod.go.jp/atla/data/info/ny_shimokita/pdf_ichiran/04-ekimu-zuikei-sh-09.pdf,warp_crawler,atla_shimokita,下北試験場,防衛装備庁,2022,2022,3
https://warp.ndl.go.jp/20230715/20230715000000/https://www.mod.go.jp/atla/data/info/ny_shimokita/pdf_ichiran/04-ekimu-zuikei-sh-10.pdf,warp_crawler,atla_shimokita,下北試験場,防衛装備庁,2022,2022,2
https://warp.ndl.go.jp/20230715/20230715000000/https://www.mod.go.jp/atla/data/info/ny_shimokita/pdf_ichiran/04-ekimu-zuikei-sh-11.pdf,warp_crawler,atla_shimokita,下北試験場,防衛装備庁,2022,2022,1
https://warp.ndl.go.jp/20230715/20230715000000/https://www.mod.go.jp/atla/data/info/ny_shimokita/pdf_ichiran/04-kouji-kyousou-sh-07.pdf,warp_crawler,atla_shimokita,下北試験場,防衛装備庁,2022,2022,2
https://warp.ndl.go.jp/20230715/20230715000000/https://www.mod.go.jp/atla/data/info/ny_shimokita/pdf_ichiran/04-kouji-kyousou-sh-08.pdf,warp_crawler,atla_shimokita,下北試験場,防衛装備庁,2022,2022,1
https://warp.ndl.go.jp/20230715/20230715000000/https://www.mod.go.jp/atla/data/info/ny_shimokita/pdf_ichiran/05-ekimu-kyousou-sh-01.pdf,warp_crawler,atla_shimokita,下北試験場,防衛装備庁,2022,2022,1
https://warp.ndl.go.jp/20230715/20230715000000/https://www.mod.go.jp/atla/data/info/ny_shimokita/pdf_ichiran/05-ekimu-kyousou-sh-02.pdf,warp_crawler,atla_shimokita,下北試験場,防衛装備庁,2022,2022,3
https://warp.ndl.go.jp/20230715/20230715000000/https://www.mod.go.jp/atla/data/info/ny_shimokita/pdf_ichiran/05-ekimu-zuikei-sh-01.pdf,warp_crawler,atla_shimokita,下北試験場,防衛装備庁,2022,2022,1
https://warp.ndl.go.jp/20230715/20230715000000/https://www.mod.go.jp/atla/data/info/ny_shimokita/pdf_ichiran/05-ekimu-zuikei-sh-02.pdf,warp_crawler,atla_shimokita,下北試験場,防衛装備庁,2022,2022,1
https://warp.ndl.go.jp/20240715/20240715000000/https://www.mod.go.jp/atla/data/info/ny_shimokita/pdf_ichiran/01-ekimu-kyousou-sh-08.xlsx,warp_crawler,atla_shimokita,下北試験場,防衛装備庁,2023,2023,7
https://warp.ndl.go.jp/20240715/20240715000000/https://www.mod.go.jp/atla/data/info/ny_shimokita/pdf_ichiran/01-ekimu-kyousou-sh-09.xlsx,warp_crawler,atla_shimokita,下北試験場,防衛装備庁,2023,2023,7
https://warp.ndl.go.jp/20240715/20240715000000/https://www.mod.go.jp/atla/data/info/ny_shimokita/pdf_ichiran/01-ekimu-kyousou-sh-10.xlsx,warp_crawler,atla_shimokita,下北試験場,防衛装備庁,2023,2023,4
https://warp.ndl.go.jp/20240715/20240715000000/https://www.mod.go.jp/atla/data/info/ny_shimokita/pdf_ichiran/01-ekimu-kyousou-sh-11.xlsx,warp_crawler,atla_shimokita,下北試験場,防衛装備庁,2023,2023,3
https://warp.ndl.go.jp/20240715/20240715000000/https://www.mod.go.jp/atla/data/info/ny_shimokita/pdf_ichiran/01-ekimu-kyousou-sh-12.xlsx,warp_crawler,atla_shimokita,下北試験場,防衛装備庁,2023,2023,5
https://warp.ndl.go.jp/20240715/20240715000000/https://www.mod.go.jp/atla/data/info/ny_shimokita/pdf_ichiran/01-ekimu-zuikei-sh-08.xlsx,warp_crawler,atla_shimokita,下北試験場,防衛装備庁,2023,2023,1
https://warp.ndl.go.jp/20240715/20240715000000/https://www.mod.go.jp/atla/data/info/ny_shimokita/pdf_ichiran/01-ekimu-zuikei-sh-09.xlsx,warp_crawler,atla_shimokita,下北試験場,防衛装備庁,2023,2023,2
https://warp.ndl.go.jp/20240715/20240715000000/https://www.mod.go.jp/atla/data/info/ny_shimokita/pdf_ichiran/01-ekimu-zuikei-sh-10.xlsx,warp_crawler,atla_shimokita,下北試験場,防衛装備庁,2023,2023,3
https://warp.ndl.go.jp/20240715/20240715000000/https://www.mod.go.jp/atla/data/info/ny_shimokita/pdf_ichiran/01-ekimu-zuikei-sh-11.xlsx,warp_crawler,atla_shimokita,下北試験場,防衛装備庁,2023,2023,3
https://warp.ndl.go.jp/20240715/20240715000000/https://www.mod.go.jp/atla/data/info/ny_shimokita/pdf_ichiran/01-ekimu-zuikei-sh-12.xlsx,warp_crawler,atla_shimokita,下北試験場,防衛装備庁,2023,2023,3
https://warp.ndl.go.jp/20240715/20240715000000/https://www.mod.go.jp/atla/data/info/ny_shimokita/pdf_ichiran/01-kouji-kyousou-sh-08.xlsx,warp_crawler,atla_shimokita,下北試験場,防衛装備庁,2023,2023,1
https://warp.ndl.go.jp/20240715/20240715000000/https://www.mod.go.jp/atla/data/info/ny_shimokita/pdf_ichiran/01-kouji-kyousou-sh-12.xlsx,warp_crawler,atla_shimokita,下北試験場,防衛装備庁,2023,2023,2
https://warp.ndl.go.jp/20240715/20240715000000/https://www.mod.go.jp/atla/data/info/ny_shimokita/pdf_ichiran/05-ekimu-kyousou-sh-04.pdf,warp_crawler,atla_shimokita,下北試験場,防衛装備庁,2023,2023,20
https://warp.ndl.go.jp/20240715/20240715000000/https://www.mod.go.jp/atla/data/info/ny_shimokita/pdf_ichiran/05-ekimu-kyousou-sh-05.pdf,warp_crawler,atla_shimokita,下北試験場,防衛装備庁,2023,2023,2
https://warp.ndl.go.jp/20240715/20240715000000/https://www.mod.go.jp/atla/data/info/ny_shimokita/pdf_ichiran/05-ekimu-kyousou-sh-06.pdf,warp_crawler,atla_shimokita,下北試験場,防衛装備庁,2023,2023,10
https://warp.ndl.go.jp/20240715/20240715000000/https://www.mod.go.jp/atla/data/info/ny_shimokita/pdf_ichiran/05-ekimu-kyousou-sh-07.pdf,warp_crawler,atla_shimokita,下北試験場,防衛装備庁,2023,2023,6
https://warp.ndl.go.jp/20240715/20240715000000/https://www.mod.go.jp/atla/data/info/ny_shimokita/pdf_ichiran/05-ekimu-kyousou-sh-08.pdf,warp_crawler,atla_shimokita,下北試験場,防衛装備庁,2023,2023,12
https://warp.ndl.go.jp/20240715/20240715000000/https://www.mod.go.jp/atla/data/info/ny_shimokita/pdf_ichiran/05-ekimu-kyousou-sh-09.pdf,warp_crawler,atla_shimokita,下北試験場,防衛装備庁,2023,2023,8
https://warp.ndl.go.jp/20240715/20240715000000/https://www.mod.go.jp/atla/data/info/ny_shimokita/pdf_ichiran/05-ekimu-kyousou-sh-10.pdf,warp_crawler,atla_shimokita,下北試験場,防衛装備庁,2023,2023,6
https://warp.ndl.go.jp/20240715/20240715000000/https://www.mod.go.jp/atla/data/info/ny_shimokita/pdf_ichiran/05-ekimu-kyousou-sh-11.pdf,warp_crawler,atla_shimokita,下北試験場,防衛装備庁,2023,2023,5
https://warp.ndl.go.jp/20240715/20240715000000/https://www.mod.go.jp/atla/data/info/ny_shimokita/pdf_ichiran/05-ekimu-kyousou-sh-12.pdf,warp_crawler,atla_shimokita,下北試験場,防衛装備庁,2023,2023,9
https://warp.ndl.go.jp/20240715/20240715000000/https://www.mod.go.jp/atla/data/info/ny_shimokita/pdf_ichiran/05-ekimu-zuikei-sh-06.pdf,warp_crawler,atla_shimokita,下北試験場,防衛装備庁,2023,2023,1
https://warp.ndl.go.jp/20240715/20240715000000/https://www.mod.go.jp/atla/data/info/ny_shimokita/pdf_ichiran/05-ekimu-zuikei-sh-08.pdf,warp_crawler,atla_shimokita,下北試験場,防衛装備庁,2023,2023,4
https://warp.ndl.go.jp/20240715/20240715000000/https://www.mod.go.jp/atla/data/info/ny_shimokita/pdf_ichiran/05-ekimu-zuikei-sh-09.pdf,warp_crawler,atla_shimokita,下北試験場,防衛装備庁,2023,2023,1
https://warp.ndl.go.jp/20240715/20240715000000/https://www.mod.go.jp/atla/data/info/ny_shimokita/pdf_ichiran/05-ekimu-zuikei-sh-10.pdf,warp_crawler,atla_shimokita,下北試験場,防衛装備庁,2023,2023,4
https://warp.ndl.go.jp/20240715/20240715000000/https://www.mod.go.jp/atla/data/info/ny_shimokita/pdf_ichiran/05-ekimu-zuikei-sh-11.pdf,warp_crawler,atla_shimokita,下北試験場,防衛装備庁,2023,2023,1
https://warp.ndl.go.jp/20240715/20240715000000/https://www.mod.go.jp/atla/data/info/ny_shimokita/pdf_ichiran/05-kouji-kyousou-sh-08.pdf,warp_crawler,atla_shimokita,下北試験場,防衛装備庁,2023,2023,2
https://warp.ndl.go.jp/20240715/20240715000000/https://www.mod.go.jp/atla/data/info/ny_shimokita/pdf_ichiran/06-ekimu-kyousou-sh-01.pdf,warp_crawler,atla_shimokita,下北試験場,防衛装備庁,2023,2023,8
https://warp.ndl.go.jp/20240715/20240715000000/https://www.mod.go.jp/atla/data/info/ny_shimokita/pdf_ichiran/06-ekimu-kyousou-sh-02.pdf,warp_crawler,atla_shimokita,下北試験場,防衛装備庁,2023,2023,6
https://warp.ndl.go.jp/20240715/20240715000000/https://www.mod.go.jp/atla/data/info/ny_shimokita/pdf_ichiran/06-ekimu-kyousou-sh-03.pdf,warp_crawler,atla_shimokita,下北試験場,防衛装備庁,2023,2023,2
https://warp.ndl.go.jp/20240715/20240715000000/https://www.mod.go.jp/atla/data/info/ny_shimokita/pdf_ichiran/06-ekimu-zuikei-sh-02.pdf,warp_crawler,atla_shimokita,下北試験場,防衛装備庁,2023,2023,1
https://warp.ndl.go.jp/20240715/20240715000000/https://www.mod.go.jp/atla/data/info/ny_kenkyu_shinsedai/pdf_ichiran/05-ekimu-kyousou-ji-04.pdf,warp_crawler,atla_shinsedai,新世代装備研究所,防衛装備庁,2023,2023,17
https://warp.ndl.go.jp/20240715/20240715000000/https://www.mod.go.jp/atla/data/info/ny_kenkyu_shinsedai/pdf_ichiran/05-ekimu-kyousou-ji-05.pdf,warp_crawler,atla_shinsedai,新世代装備研究所,防衛装備庁,2023,2023,4
https://warp.ndl.go.jp/20240715/20240715000000/https://www.mod.go.jp/atla/data/info/ny_kenkyu_shinsedai/pdf_ichiran/05-ekimu-kyousou-ji-06.pdf,warp_crawler,atla_shinsedai,新世代装備研究所,防衛装備庁,2023,2023,4
https://warp.ndl.go.jp/20240715/20240715000000/https://www.mod.go.jp/atla/data/info/ny_kenkyu_shinsedai/pdf_ichiran/05-ekimu-kyousou-ji-07.pdf,warp_crawler,atla_shinsedai,新世代装備研究所,防衛装備庁,2023,2023,1
https://warp.ndl.go.jp/20240715/20240715000000/https://www.mod.go.jp/atla/data/info/ny_kenkyu_shinsedai/pdf_ichiran/05-ekimu-kyousou-ji-08.pdf,warp_crawler,atla_shinsedai,新世代装備研究所,防衛装備庁,2023,2023,1
https://warp.ndl.go.jp/20240715/20240715000000/https://www.mod.go.jp/atla/data/info/ny_kenkyu_shinsedai/pdf_ichiran/05-ekimu-kyousou-ji-09.pdf,warp_crawler,atla_shinsedai,新世代装備研究所,防衛装備庁,2023,2023,4
https://warp.ndl.go.jp/20240715/20240715000000/https://www.mod.go.jp/atla/data/info/ny_kenkyu_shinsedai/pdf_ichiran/05-ekimu-kyousou-ji-10.pdf,warp_crawler,atla_shinsedai,新世代装備研究所,防衛装備庁,2023,2023,4
https://warp.ndl.go.jp/20240715/20240715000000/https://www.mod.go.jp/atla/data/info/ny_kenkyu_shinsedai/pdf_ichiran/05-ekimu-kyousou-ji-11.pdf,warp_crawler,atla_shinsedai,新世代装備研究所,防衛装備庁,2023,2023,7
https://warp.ndl.go.jp/20240715/20240715000000/https://www.mod.go.jp/atla/data/info/ny_kenkyu_shinsedai/pdf_ichiran/05-ekimu-kyousou-ji-12.pdf,warp_crawler,atla_shinsedai,新世代装備研究所,防衛装備庁,2023,2023,11
https://warp.ndl.go.jp/20240715/20240715000000/https://www.mod.go.jp/atla/data/info/ny_kenkyu_shinsedai/pdf_ichiran/05-ekimu-zuikei-ji-04.pdf,warp_crawler,atla_shinsedai,新世代装備研究所,防衛装備庁,2023,2023,10
https://warp.ndl.go.jp/20240715/20240715000000/https://www.mod.go.jp/atla/data/info/ny_kenkyu_shinsedai/pdf_ichiran/05-ekimu-zuikei-ji-05.pdf,warp_crawler,atla_shinsedai,新世代装備研究所,防衛装備庁,2023,2023,5
https://warp.ndl.go.jp/20240715/20240715000000/https://www.mod.go.jp/atla/data/info/ny_kenkyu_shinsedai/pdf_ichiran/05-ekimu-zuikei-ji-06.pdf,warp_crawler,atla_shinsedai,新世代装備研究所,防衛装備庁,2023,2023,4
https://warp.ndl.go.jp/20240715/20240715000000/https://www.mod.go.jp/atla/data/info/ny_kenkyu_shinsedai/pdf_ichiran/05-ekimu-zuikei-ji-07.pdf,warp_crawler,atla_shinsedai,新世代装備研究所,防衛装備庁,2023,2023,4
https://warp.ndl.go.jp/20240715/20240715000000/https://www.mod.go.jp/atla/data/info/ny_kenkyu_shinsedai/pdf_ichiran/05-ekimu-zuikei-ji-08.pdf,warp_crawler,atla_shinsedai,新世代装備研究所,防衛装備庁,2023,2023,6
https://warp.ndl.go.jp/20240715/20240715000000/https://www.mod.go.jp/atla/data/info/ny_kenkyu_shinsedai/pdf_ichiran/05-ekimu-zuikei-ji-09.pdf,warp_crawler,atla_shinsedai,新世代装備研究所,防衛装備庁,2023,2023,8
https://warp.ndl.go.jp/20240715/20240715000000/https://www.mod.go.jp/atla/data/info/ny_kenkyu_shinsedai/pdf_ichiran/05-ekimu-zuikei-ji-10.pdf,warp_crawler,atla_shinsedai,新世代装備研究所,防衛装備庁,2023,2023,16
https://warp.ndl.go.jp/20240715/20240715000000/https://www.mod.go.jp/atla/data/info/ny_kenkyu_shinsedai/pdf_ichiran/05-ekimu-zuikei-ji-11.pdf,warp_crawler,atla_shinsedai,新世代装備研究所,防衛装備庁,2023,2023,7
https://warp.ndl.go.jp/20240715/20240715000000/https://www.mod.go.jp/atla/data/info/ny_kenkyu_shinsedai/pdf_ichiran/05-ekimu-zuikei-ji-12.pdf,warp_crawler,atla_shinsedai,新世代装備研究所,防衛装備庁,2023,2023,8
https://warp.ndl.go.jp/20240715/20240715000000/https://www.mod.go.jp/atla/data/info/ny_kenkyu_shinsedai/pdf_ichiran/06-ekimu-kyousou-ji-01.pdf,warp_crawler,atla_shinsedai,新世代装備研究所,防衛装備庁,2023,2023,5
https://warp.ndl.go.jp/20240715/20240715000000/https://www.mod.go.jp/atla/data/info/ny_kenkyu_shinsedai/pdf_ichiran/06-ekimu-kyousou-ji-02.pdf,warp_crawler,atla_shinsedai,新世代装備研究所,防衛装備庁,2023,2023,6
https://warp.ndl.go.jp/20240715/20240715000000/https://www.mod.go.jp/atla/data/info/ny_kenkyu_shinsedai/pdf_ichiran/06-ekimu-zuikei-ji-01.pdf,warp_crawler,atla_shinsedai,新世代装備研究所,防衛装備庁,2023,2023,8
https://warp.ndl.go.jp/20240715/20240715000000/https://www.mod.go.jp/atla/data/info/ny_kenkyu_shinsedai/pdf_ichiran/06-ekimu-zuikei-ji-02.pdf,warp_crawler,atla_shinsedai,新世代装備研究所,防衛装備庁,2023,2023,2
https://warp.ndl.go.jp/20240715/20240715000000/https://www.mod.go.jp/atla/data/info/ny_kenkyu_shinsedai/pdf_ichiran/06-ekimu-zuikei-ji-03.pdf,warp_crawler,atla_shinsedai,新世代装備研究所,防衛装備庁,2023,2023,3
https://warp.ndl.go.jp/20250105/20250105000000id_/https://www.mod.go.jp/dih/R5.1-kyousou.pdf,pdf,dih,情報本部,情報本部,2022,2022,3
https://warp.ndl.go.jp/20250105/20250105000000id_/https://www.mod.go.jp/dih/R5.1-zuikei.pdf,pdf,dih,情報本部,情報本部,2022,2022,3
https://warp.ndl.go.jp/20250105/20250105000000id_/https://www.mod.go.jp/dih/R5.10-kyousou.pdf,pdf,dih,情報本部,情報本部,2023,2023,6
https://warp.ndl.go.jp/20250105/20250105000000id_/https://www.mod.go.jp/dih/R5.10-zuikei.pdf,pdf,dih,情報本部,情報本部,2023,2023,3
https://warp.ndl.go.jp/20250105/20250105000000id_/https://www.mod.go.jp/dih/R5.11-kyousou.pdf,pdf,dih,情報本部,情報本部,2023,2023,8
https://warp.ndl.go.jp/20250105/20250105000000id_/https://www.mod.go.jp/dih/R5.11-zuikei.pdf,pdf,dih,情報本部,情報本部,2023,2023,6
https://warp.ndl.go.jp/20250105/20250105000000id_/https://www.mod.go.jp/dih/R5.12-kyousou.pdf,pdf,dih,情報本部,情報本部,2023,2023,16
https://warp.ndl.go.jp/20250105/20250105000000id_/https://www.mod.go.jp/dih/R5.12-zuikei.pdf,pdf,dih,情報本部,情報本部,2023,2023,8
https://warp.ndl.go.jp/20250105/20250105000000id_/https://www.mod.go.jp/dih/R5.2-kyousou.pdf,pdf,dih,情報本部,情報本部,2022,2022,1
https://warp.ndl.go.jp/20250105/20250105000000id_/https://www.mod.go.jp/dih/R5.2-zuikei.pdf,pdf,dih,情報本部,情報本部,2022,2022,9
https://warp.ndl.go.jp/20250105/20250105000000id_/https://www.mod.go.jp/dih/R5.3-kyousou.pdf,pdf,dih,情報本部,情報本部,2022,2022,1
https://warp.ndl.go.jp/20250105/20250105000000id_/https://www.mod.go.jp/dih/R5.3-zuikei.pdf,pdf,dih,情報本部,情報本部,2022,2022,2
https://warp.ndl.go.jp/20250105/20250105000000id_/https://www.mod.go.jp/dih/R5.4-kyousou.pdf,pdf,dih,情報本部,情報本部,2023,2023,19
https://warp.ndl.go.jp/20250105/20250105000000id_/https://www.mod.go.jp/dih/R5.4-zuikei.pdf,pdf,dih,情報本部,情報本部,2023,2023,41
https://warp.ndl.go.jp/20250105/20250105000000id_/https://www.mod.go.jp/dih/R5.5-kyousou.pdf,pdf,dih,情報本部,情報本部,2023,2023,3
https://warp.ndl.go.jp/20250105/20250105000000id_/https://www.mod.go.jp/dih/R5.5-zuikei.pdf,pdf,dih,情報本部,情報本部,2023,2023,4
https://warp.ndl.go.jp/20250105/20250105000000id_/https://www.mod.go.jp/dih/R5.6-kyousou.pdf,pdf,dih,情報本部,情報本部,2023,2023,6
https://warp.ndl.go.jp/20250105/20250105000000id_/https://www.mod.go.jp/dih/R5.6-zuikei.pdf,pdf,dih,情報本部,情報本部,2023,2023,3
https://warp.ndl.go.jp/20250105/20250105000000id_/https://www.mod.go.jp/dih/R5.7-kyousou.pdf,pdf,dih,情報本部,情報本部,2023,2023,3
https://warp.ndl.go.jp/20250105/20250105000000id_/https://www.mod.go.jp/dih/R5.7-zuikei.pdf,pdf,dih,情報本部,情報本部,2023,2023,7
https://warp.ndl.go.jp/20250105/20250105000000id_/https://www.mod.go.jp/dih/R5.8-kyousou.pdf,pdf,dih,情報本部,情報本部,2023,2023,5
https://warp.ndl.go.jp/20250105/20250105000000id_/https://www.mod.go.jp/dih/R5.8-zuikei.pdf,pdf,dih,情報本部,情報本部,2023,2023,3
https://warp.ndl.go.jp/20250105/20250105000000id_/https://www.mod.go.jp/dih/R5.9-kyousou.pdf,pdf,dih,情報本部,情報本部,2023,2023,8
https://warp.ndl.go.jp/20250105/20250105000000id_/https://www.mod.go.jp/dih/R5.9-zuikei.pdf,pdf,dih,情報本部,情報本部,2023,2023,8
https://warp.ndl.go.jp/20250105/20250105000000id_/https://www.mod.go.jp/dih/R6.1-kyousou.pdf,pdf,dih,情報本部,情報本部,2023,2023,13
https://warp.ndl.go.jp/20250105/20250105000000id_/https://www.mod.go.jp/dih/R6.1-zuikei.pdf,pdf,dih,情報本部,情報本部,2023,2023,10
https://warp.ndl.go.jp/20250105/20250105000000id_/https://www.mod.go.jp/dih/R6.10-kyousou.pdf,pdf,dih,情報本部,情報本部,2024,2024,12
https://warp.ndl.go.jp/20250105/20250105000000id_/https://www.mod.go.jp/dih/R6.10-zuikei.pdf,pdf,dih,情報本部,情報本部,2024,2024,8
https://warp.ndl.go.jp/20250105/20250105000000id_/https://www.mod.go.jp/dih/R6.11-kyousou.pdf,pdf,dih,情報本部,情報本部,2024,2024,8
https://warp.ndl.go.jp/20250105/20250105000000id_/https://www.mod.go.jp/dih/R6.11-zuikei.pdf,pdf,dih,情報本部,情報本部,2024,2024,6
https://warp.ndl.go.jp/20250105/20250105000000id_/https://www.mod.go.jp/dih/R6.12-kyousou.pdf,pdf,dih,情報本部,情報本部,2024,2024,7
https://warp.ndl.go.jp/20250105/20250105000000id_/https://www.mod.go.jp/dih/R6.12-zuikei.pdf,pdf,dih,情報本部,情報本部,2024,2024,7
https://warp.ndl.go.jp/20250105/20250105000000id_/https://www.mod.go.jp/dih/R6.2-kyousou.pdf,pdf,dih,情報本部,情報本部,2023,2023,7
https://warp.ndl.go.jp/20250105/20250105000000id_/https://www.mod.go.jp/dih/R6.2-zuikei.pdf,pdf,dih,情報本部,情報本部,2023,2023,10
https://warp.ndl.go.jp/20250105/20250105000000id_/https://www.mod.go.jp/dih/R6.3-zuikei.pdf,pdf,dih,情報本部,情報本部,2023,2023,5
https://warp.ndl.go.jp/20250105/20250105000000id_/https://www.mod.go.jp/dih/R6.4-kyousou.pdf,pdf,dih,情報本部,情報本部,2024,2024,19
https://warp.ndl.go.jp/20250105/20250105000000id_/https://www.mod.go.jp/dih/R6.4-zuikei.pdf,pdf,dih,情報本部,情報本部,2024,2024,46
https://warp.ndl.go.jp/20250105/20250105000000id_/https://www.mod.go.jp/dih/R6.5-kyousou.pdf,pdf,dih,情報本部,情報本部,2024,2024,3
https://warp.ndl.go.jp/20250105/20250105000000id_/https://www.mod.go.jp/dih/R6.5-zuikei.pdf,pdf,dih,情報本部,情報本部,2024,2024,3
https://warp.ndl.go.jp/20250105/20250105000000id_/https://www.mod.go.jp/dih/R6.6-kyousou.pdf,pdf,dih,情報本部,情報本部,2024,2024,11
https://warp.ndl.go.jp/20250105/20250105000000id_/https://www.mod.go.jp/dih/R6.6-zuikei.pdf,pdf,dih,情報本部,情報本部,2024,2024,2
https://warp.ndl.go.jp/20250105/20250105000000id_/https://www.mod.go.jp/dih/R6.7-kyousou.pdf,pdf,dih,情報本部,情報本部,2024,2024,7
https://warp.ndl.go.jp/20250105/20250105000000id_/https://www.mod.go.jp/dih/R6.7-zuikei.pdf,pdf,dih,情報本部,情報本部,2024,2024,3
https://warp.ndl.go.jp/20250105/20250105000000id_/https://www.mod.go.jp/dih/R6.8-kyousou.pdf,pdf,dih,情報本部,情報本部,2024,2024,4
https://warp.ndl.go.jp/20250105/20250105000000id_/https://www.mod.go.jp/dih/R6.8-zuikei.pdf,pdf,dih,情報本部,情報本部,2024,2024,6
https://warp.ndl.go.jp/20250105/20250105000000id_/https://www.mod.go.jp/dih/R6.9-kyousou.pdf,pdf,dih,情報本部,情報本部,2024,2024,6
https://warp.ndl.go.jp/20250105/20250105000000id_/https://www.mod.go.jp/dih/R6.9-zuikei.pdf,pdf,dih,情報本部,情報本部,2024,2024,7
https://warp.ndl.go.jp/20250809/20250802034432id_/https://www.mod.go.jp/dih/R7.3-kyousou.pdf,pdf,dih,情報本部,情報本部,2024,2024,8
https://warp.ndl.go.jp/20250809/20250802034432id_/https://www.mod.go.jp/dih/R7.3-zuikei.pdf,pdf,dih,情報本部,情報本部,2024,2024,9
https://web.archive.org/web/20250421125242id_/https://www.mod.go.jp/dih/R7.1-zuikei.pdf,pdf,dih,情報本部,情報本部,2024,2024,4
https://web.archive.org/web/20250421133926id_/https://www.mod.go.jp/dih/R7.2-kyousou.pdf,pdf,dih,情報本部,情報本部,2024,2024,13
https://web.archive.org/web/20250421161149id_/https://www.mod.go.jp/dih/R7.1-kyousou.pdf,pdf,dih,情報本部,情報本部,2024,2024,12
https://web.archive.org/web/20250421165435id_/https://www.mod.go.jp/dih/R7.2-zuikei.pdf,pdf,dih,情報本部,情報本部,2024,2024,9
https://warp.ndl.go.jp/20230809/20230806070705/https://www.mod.go.jp/gsdf/akeno/img/img-fin/koukai/r4/1.pdf,warp_crawler,gsdf_akeno,航空学校,陸上自衛隊,2022,2022,3
https://warp.ndl.go.jp/20230809/20230806070705/https://www.mod.go.jp/gsdf/akeno/img/img-fin/koukai/r4/10.pdf,warp_crawler,gsdf_akeno,航空学校,陸上自衛隊,2022,2022,1
https://warp.ndl.go.jp/20230809/20230806070705/https://www.mod.go.jp/gsdf/akeno/img/img-fin/koukai/r4/11.pdf,warp_crawler,gsdf_akeno,航空学校,陸上自衛隊,2022,2022,1
https://warp.ndl.go.jp/20230809/20230806070705/https://www.mod.go.jp/gsdf/akeno/img/img-fin/koukai/r4/2.pdf,warp_crawler,gsdf_akeno,航空学校,陸上自衛隊,2022,2022,6
https://warp.ndl.go.jp/20230809/20230806070705/https://www.mod.go.jp/gsdf/akeno/img/img-fin/koukai/r4/4.pdf,warp_crawler,gsdf_akeno,航空学校,陸上自衛隊,2022,2022,10
https://warp.ndl.go.jp/20230809/20230806070705/https://www.mod.go.jp/gsdf/akeno/img/img-fin/koukai/r4/6.pdf,warp_crawler,gsdf_akeno,航空学校,陸上自衛隊,2022,2022,3
https://warp.ndl.go.jp/20230809/20230806070705/https://www.mod.go.jp/gsdf/akeno/img/img-fin/koukai/r4/7.pdf,warp_crawler,gsdf_akeno,航空学校,陸上自衛隊,2022,2022,3
https://warp.ndl.go.jp/20230809/20230806070705/https://www.mod.go.jp/gsdf/akeno/img/img-fin/koukai/r4/8.pdf,warp_crawler,gsdf_akeno,航空学校,陸上自衛隊,2022,2022,1
https://warp.ndl.go.jp/20230809/20230806070705/https://www.mod.go.jp/gsdf/akeno/img/img-fin/koukai/r4/9.pdf,warp_crawler,gsdf_akeno,航空学校,陸上自衛隊,2022,2022,3
https://warp.ndl.go.jp/20230715/20230715000000/https://www.mod.go.jp/gsdf/ord_sch/07_fin/pdf/Joho/Buppin/4-10buppinippan.pdf,warp_crawler,gsdf_buki,武器学校,陸上自衛隊,2022,2022,2
https://warp.ndl.go.jp/20230715/20230715000000/https://www.mod.go.jp/gsdf/ord_sch/07_fin/pdf/Joho/Buppin/4-11buppinippan.pdf,warp_crawler,gsdf_buki,武器学校,陸上自衛隊,2022,2022,1
https://warp.ndl.go.jp/20230715/20230715000000/https://www.mod.go.jp/gsdf/ord_sch/07_fin/pdf/Joho/Buppin/4-4buppinippan.pdf,warp_crawler,gsdf_buki,武器学校,陸上自衛隊,2022,2022,1
https://warp.ndl.go.jp/20230715/20230715000000/https://www.mod.go.jp/gsdf/ord_sch/07_fin/pdf/Joho/Buppin/4-5buppinippan.pdf,warp_crawler,gsdf_buki,武器学校,陸上自衛隊,2022,2022,2
https://warp.ndl.go.jp/20230715/20230715000000/https://www.mod.go.jp/gsdf/ord_sch/07_fin/pdf/Joho/Buppin/5-1buppinippan.pdf,warp_crawler,gsdf_buki,武器学校,陸上自衛隊,2022,2022,4
https://warp.ndl.go.jp/20230715/20230715000000/https://www.mod.go.jp/gsdf/ord_sch/07_fin/pdf/Joho/Buppin/5-2buppinippan.pdf,warp_crawler,gsdf_buki,武器学校,陸上自衛隊,2022,2022,6
https://warp.ndl.go.jp/20230715/20230715000000/https://www.mod.go.jp/gsdf/ord_sch/07_fin/pdf/Joho/Kouji/4-10koujiippan.pdf,warp_crawler,gsdf_buki,武器学校,陸上自衛隊,2022,2022,1
https://warp.ndl.go.jp/20230715/20230715000000/https://www.mod.go.jp/gsdf/ord_sch/07_fin/pdf/Joho/Kouji/4-6koujiippan.pdf,warp_crawler,gsdf_buki,武器学校,陸上自衛隊,2022,2022,1
https://warp.ndl.go.jp/20230715/20230715000000/https://www.mod.go.jp/gsdf/ord_sch/07_fin/pdf/Joho/Kouji/4-9koujiippan.pdf,warp_crawler,gsdf_buki,武器学校,陸上自衛隊,2022,2022,1
https://warp.ndl.go.jp/20240715/20240715000000/https://www.mod.go.jp/gsdf/ord_sch/07_fin/pdf/Joho/Buppin/5-10buppinipan.pdf,warp_crawler,gsdf_buki,武器学校,陸上自衛隊,2023,2023,1
https://warp.ndl.go.jp/20240715/20240715000000/https://www.mod.go.jp/gsdf/ord_sch/07_fin/pdf/Joho/Buppin/5-11buppinippan.pdf,warp_crawler,gsdf_buki,武器学校,陸上自衛隊,2023,2023,4
https://warp.ndl.go.jp/20240715/20240715000000/https://www.mod.go.jp/gsdf/ord_sch/07_fin/pdf/Joho/Buppin/5-12buppinippan.pdf,warp_crawler,gsdf_buki,武器学校,陸上自衛隊,2023,2023,4
https://warp.ndl.go.jp/20240715/20240715000000/https://www.mod.go.jp/gsdf/ord_sch/07_fin/pdf/Joho/Buppin/5-4buppinippan.pdf,warp_crawler,gsdf_buki,武器学校,陸上自衛隊,2023,2023,1
https://warp.ndl.go.jp/20240715/20240715000000/https://www.mod.go.jp/gsdf/ord_sch/07_fin/pdf/Joho/Buppin/5-5buppinippan.pdf,warp_crawler,gsdf_buki,武器学校,陸上自衛隊,2023,2023,4
https://warp.ndl.go.jp/20240715/20240715000000/https://www.mod.go.jp/gsdf/ord_sch/07_fin/pdf/Joho/Buppin/5-6buppinippan.pdf,warp_crawler,gsdf_buki,武器学校,陸上自衛隊,2023,2023,3
https://warp.ndl.go.jp/20240715/20240715000000/https://www.mod.go.jp/gsdf/ord_sch/07_fin/pdf/Joho/Buppin/5-7buppinippan.pdf,warp_crawler,gsdf_buki,武器学校,陸上自衛隊,2023,2023,5
https://warp.ndl.go.jp/20240715/20240715000000/https://www.mod.go.jp/gsdf/ord_sch/07_fin/pdf/Joho/Buppin/5-8buppinippan.pdf,warp_crawler,gsdf_buki,武器学校,陸上自衛隊,2023,2023,1
https://warp.ndl.go.jp/20240715/20240715000000/https://www.mod.go.jp/gsdf/ord_sch/07_fin/pdf/Joho/Buppin/6-1buppinippan.pdf,warp_crawler,gsdf_buki,武器学校,陸上自衛隊,2023,2023,3
https://warp.ndl.go.jp/20240715/20240715000000/https://www.mod.go.jp/gsdf/ord_sch/07_fin/pdf/Joho/Buppin/6-2buppinippan.pdf,warp_crawler,gsdf_buki,武器学校,陸上自衛隊,2023,2023,13
https://warp.ndl.go.jp/20240715/20240715000000/https://www.mod.go.jp/gsdf/ord_sch/07_fin/pdf/Joho/Buppin/6-3buppinippan.pdf,warp_crawler,gsdf_buki,武器学校,陸上自衛隊,2023,2023,3
https://warp.ndl.go.jp/20230715/20230715000000/https://www.mod.go.jp/gsdf/chosp/fin/k04-7xlsx.pdf,warp_crawler,gsdf_chosp,中央病院,陸上自衛隊,2022,2022,2
https://warp.ndl.go.jp/20230715/20230715000000/https://www.mod.go.jp/gsdf/chosp/fin/k04-8.pdf,warp_crawler,gsdf_chosp,中央病院,陸上自衛隊,2022,2022,1
https://warp.ndl.go.jp/20230715/20230715000000/https://www.mod.go.jp/gsdf/chosp/fin/k04-9.pdf,warp_crawler,gsdf_chosp,中央病院,陸上自衛隊,2022,2022,11
https://warp.ndl.go.jp/20230715/20230715000000/https://www.mod.go.jp/gsdf/chosp/fin/k04-9kouji.pdf,warp_crawler,gsdf_chosp,中央病院,陸上自衛隊,2022,2022,1
https://warp.ndl.go.jp/20230715/20230715000000/https://www.mod.go.jp/gsdf/chosp/fin/k05-1.pdf,warp_crawler,gsdf_chosp,中央病院,陸上自衛隊,2022,2022,6
https://warp.ndl.go.jp/20230715/20230715000000/https://www.mod.go.jp/gsdf/chosp/fin/k05-2.pdf,warp_crawler,gsdf_chosp,中央病院,陸上自衛隊,2022,2022,1
https://warp.ndl.go.jp/20240715/20240715000000/https://www.mod.go.jp/gsdf/chosp/fin/k05-12kouji.pdf,warp_crawler,gsdf_chosp,中央病院,陸上自衛隊,2023,2023,2
https://warp.ndl.go.jp/20240715/20240715000000/https://www.mod.go.jp/gsdf/chosp/fin/k05-7.pdf,warp_crawler,gsdf_chosp,中央病院,陸上自衛隊,2023,2023,2
https://warp.ndl.go.jp/20240715/20240715000000/https://www.mod.go.jp/gsdf/chosp/fin/k05-8.pdf,warp_crawler,gsdf_chosp,中央病院,陸上自衛隊,2023,2023,3
https://warp.ndl.go.jp/20240715/20240715000000/https://www.mod.go.jp/gsdf/chosp/fin/k05-8kouji.pdf,warp_crawler,gsdf_chosp,中央病院,陸上自衛隊,2023,2023,1
https://warp.ndl.go.jp/20240715/20240715000000/https://www.mod.go.jp/gsdf/chosp/fin/k05-9.pdf,warp_crawler,gsdf_chosp,中央病院,陸上自衛隊,2023,2023,6
https://warp.ndl.go.jp/20240715/20240715000000/https://www.mod.go.jp/gsdf/chosp/fin/k05-9kouji.pdf,warp_crawler,gsdf_chosp,中央病院,陸上自衛隊,2023,2023,1
https://warp.ndl.go.jp/20240715/20240715000000/https://www.mod.go.jp/gsdf/chosp/fin/k06-1.pdf,warp_crawler,gsdf_chosp,中央病院,陸上自衛隊,2023,2023,16
https://warp.ndl.go.jp/20240715/20240715000000/https://www.mod.go.jp/gsdf/chosp/fin/k06-1kouji.pdf,warp_crawler,gsdf_chosp,中央病院,陸上自衛隊,2023,2023,2
https://warp.ndl.go.jp/20240715/20240715000000/https://www.mod.go.jp/gsdf/chosp/fin/k06-2.pdf,warp_crawler,gsdf_chosp,中央病院,陸上自衛隊,2023,2023,30
https://warp.ndl.go.jp/20240715/20240715000000/https://www.mod.go.jp/gsdf/chosp/fin/k06-3.pdf,warp_crawler,gsdf_chosp,中央病院,陸上自衛隊,2023,2023,8
https://warp.ndl.go.jp/20240715/20240715000000/https://www.mod.go.jp/gsdf/chosp/fin/k06-3kouji.pdf,warp_crawler,gsdf_chosp,中央病院,陸上自衛隊,2023,2023,1
https://warp.ndl.go.jp/20240703/20240703084030id_/https://www.mod.go.jp/gsdf/eae/eadep/tyokai/honsyo/R04ippan456789101112123.pdf,pdf_warp,gsdf_eadep,関東補給処,陸上自衛隊,2022,2022,41
https://warp.ndl.go.jp/20240703/20240703084030id_/https://www.mod.go.jp/gsdf/eae/eadep/tyokai/honsyo/R04zuikei456789101112123.pdf,pdf_warp,gsdf_eadep,関東補給処,陸上自衛隊,2022,2022,99
https://warp.ndl.go.jp/20240703/20240703084030id_/https://www.mod.go.jp/gsdf/eae/eadep/tyokai/honsyo/R05ippan456789101112123.pdf,pdf_warp,gsdf_eadep,関東補給処,陸上自衛隊,2023,2023,69
https://warp.ndl.go.jp/20240703/20240703084030id_/https://www.mod.go.jp/gsdf/eae/eadep/tyokai/honsyo/R05zuikei456789101112123.pdf,pdf_warp,gsdf_eadep,関東補給処,陸上自衛隊,2023,2023,156
https://warp.ndl.go.jp/20240703/20240703084030id_/https://www.mod.go.jp/gsdf/eae/eadep/tyokai/honsyo/R6zuikei4.pdf,pdf_warp,gsdf_eadep,関東補給処,陸上自衛隊,2024,2024,6
https://warp.ndl.go.jp/20230715/20230715000000/https://www.mod.go.jp/gsdf/eae/eadep/tyokai/koga/HP/03ippan.pdf,warp_crawler,gsdf_eadep_koga,関東補給処古賀支処,陸上自衛隊,2022,2022,8
https://warp.ndl.go.jp/20230715/20230715000000/https://www.mod.go.jp/gsdf/eae/eadep/tyokai/matudo/matudoHP2015/3youshiki.pdf,warp_crawler,gsdf_eadep_matudo,関東補給処松戸支処,陸上自衛隊,2022,2022,7
https://warp.ndl.go.jp/20240715/20240715000000/https://www.mod.go.jp/gsdf/eae/eadep/tyokai/matudo/matudoHP2015/1115youshiki3.pdf,warp_crawler,gsdf_eadep_matudo,関東補給処松戸支処,陸上自衛隊,2023,2023,1
https://warp.ndl.go.jp/20230715/20230715000000/https://www.mod.go.jp/gsdf/eae/eadep/tyokai/yooga/12kouji.pdf,warp_crawler,gsdf_eadep_yoga,関東補給処用賀支処,,2022,2022,1
https://warp.ndl.go.jp/20230715/20230715000000/https://www.mod.go.jp/gsdf/eae/eadep/tyokai/yooga/ippann.pdf,warp_crawler,gsdf_eadep_yoga,関東補給処用賀支処,,2022,2022,19
https://warp.ndl.go.jp/20230715/20230715000000/https://www.mod.go.jp/gsdf/eae/eadep/tyokai/yooga/jouhou.pdf,warp_crawler,gsdf_eadep_yoga,関東補給処用賀支処,,2022,2022,3
https://warp.ndl.go.jp/20240715/20240715000000/https://www.mod.go.jp/gsdf/eae/eadep/tyokai/yooga/ekimuzuikei4.pdf,warp_crawler,gsdf_eadep_yoga,関東補給処用賀支処,,2023,2023,1
https://warp.ndl.go.jp/20240715/20240715000000/https://www.mod.go.jp/gsdf/eae/eadep/tyokai/yooga/koukyou3232ipan.pdf,warp_crawler,gsdf_eadep_yoga,関東補給処用賀支処,,2023,2023,17
https://warp.ndl.go.jp/20240715/20240715000000/https://www.mod.go.jp/gsdf/kodaira/keiyaku/1gatu.pdf,warp_crawler,gsdf_kodaira,小平駐屯地,陸上自衛隊,2023,2023,4
https://warp.ndl.go.jp/20240715/20240715000000/https://www.mod.go.jp/gsdf/kodaira/keiyaku/3gatu.pdf,warp_crawler,gsdf_kodaira,小平駐屯地,陸上自衛隊,2023,2023,5
https://warp.ndl.go.jp/20240715/20240715000000/https://www.mod.go.jp/gsdf/kodaira/keiyaku/6gatu.pdf,warp_crawler,gsdf_kodaira,小平駐屯地,陸上自衛隊,2023,2023,3
https://warp.ndl.go.jp/20240715/20240715000000/https://www.mod.go.jp/gsdf/kodaira/keiyaku/8gatu.pdf,warp_crawler,gsdf_kodaira,小平駐屯地,陸上自衛隊,2023,2023,2
https://warp.ndl.go.jp/20240715/20240715000000/https://www.mod.go.jp/gsdf/kodaira/keiyaku/9gatu.pdf,warp_crawler,gsdf_kodaira,小平駐屯地,陸上自衛隊,2023,2023,2
https://warp.ndl.go.jp/20240710/20240710000000/https://www.mod.go.jp/gsdf/mae/madep/uji/nyusatsu/0603kouhyoudeta.pdf,warp_crawler,gsdf_madep,関西補給処,陸上自衛隊,2023,2023,269
https://warp.ndl.go.jp/20250702/20250702012911id_/https://www.mod.go.jp/gsdf/nae/nadep/nyuusatujouhou/071kouhyou06/R0604kouhyouabira.pdf,pdf_warp,gsdf_nadep,北海道補給処,陸上自衛隊,2024,2024,3
https://warp.ndl.go.jp/20250702/20250702012911id_/https://www.mod.go.jp/gsdf/nae/nadep/nyuusatujouhou/071kouhyou06/R0604kouhyouashoro.pdf,pdf_warp,gsdf_nadep,北海道補給処,陸上自衛隊,2024,2024,1
https://warp.ndl.go.jp/20250702/20250702012911id_/https://www.mod.go.jp/gsdf/nae/nadep/nyuusatujouhou/071kouhyou06/R0604kouhyouhidaka.pdf,pdf_warp,gsdf_nadep,北海道補給処,陸上自衛隊,2024,2024,2
https://warp.ndl.go.jp/20250702/20250702012911id_/https://www.mod.go.jp/gsdf/nae/nadep/nyuusatujouhou/071kouhyou06/R0604kouhyounaebo.pdf,pdf_warp,gsdf_nadep,北海道補給処,陸上自衛隊,2024,2024,2
https://warp.ndl.go.jp/20250702/20250702012911id_/https://www.mod.go.jp/gsdf/nae/nadep/nyuusatujouhou/071kouhyou06/R0604kouhyounumata.pdf,pdf_warp,gsdf_nadep,北海道補給処,陸上自衛隊,2024,2024,3
https://warp.ndl.go.jp/20250702/20250702012911id_/https://www.mod.go.jp/gsdf/nae/nadep/nyuusatujouhou/071kouhyou06/R0604kouhyoushimamatu.pdf,pdf_warp,gsdf_nadep,北海道補給処,陸上自衛隊,2024,2024,40
https://warp.ndl.go.jp/20250702/20250702012911id_/https://www.mod.go.jp/gsdf/nae/nadep/nyuusatujouhou/071kouhyou06/R0604kouhyoushiraoi.pdf,pdf_warp,gsdf_nadep,北海道補給処,陸上自衛隊,2024,2024,1
https://warp.ndl.go.jp/20250702/20250702012911id_/https://www.mod.go.jp/gsdf/nae/nadep/nyuusatujouhou/071kouhyou06/R0605kouhyouabira.pdf,pdf_warp,gsdf_nadep,北海道補給処,陸上自衛隊,2024,2024,1
https://warp.ndl.go.jp/20250702/20250702012911id_/https://www.mod.go.jp/gsdf/nae/nadep/nyuusatujouhou/071kouhyou06/R0605kouhyounaebo.pdf,pdf_warp,gsdf_nadep,北海道補給処,陸上自衛隊,2024,2024,1
https://warp.ndl.go.jp/20250702/20250702012911id_/https://www.mod.go.jp/gsdf/nae/nadep/nyuusatujouhou/071kouhyou06/R0605kouhyoushimamatu.pdf,pdf_warp,gsdf_nadep,北海道補給処,陸上自衛隊,2024,2024,18
https://warp.ndl.go.jp/20250702/20250702012911id_/https://www.mod.go.jp/gsdf/nae/nadep/nyuusatujouhou/071kouhyou06/R0606kouhyouabira.pdf,pdf_warp,gsdf_nadep,北海道補給処,陸上自衛隊,2024,2024,3
https://warp.ndl.go.jp/20250702/20250702012911id_/https://www.mod.go.jp/gsdf/nae/nadep/nyuusatujouhou/071kouhyou06/R0606kouhyouhidaka.pdf,pdf_warp,gsdf_nadep,北海道補給処,陸上自衛隊,2024,2024,1
https://warp.ndl.go.jp/20250702/20250702012911id_/https://www.mod.go.jp/gsdf/nae/nadep/nyuusatujouhou/071kouhyou06/R0606kouhyounumata.pdf,pdf_warp,gsdf_nadep,北海道補給処,陸上自衛隊,2024,2024,2
https://warp.ndl.go.jp/20250702/20250702012911id_/https://www.mod.go.jp/gsdf/nae/nadep/nyuusatujouhou/071kouhyou06/R0606kouhyoushimamatu.pdf,pdf_warp,gsdf_nadep,北海道補給処,陸上自衛隊,2024,2024,17
https://warp.ndl.go.jp/20250702/20250702012911id_/https://www.mod.go.jp/gsdf/nae/nadep/nyuusatujouhou/071kouhyou06/R0606kouhyoushiraoi.pdf,pdf_warp,gsdf_nadep,北海道補給処,陸上自衛隊,2024,2024,1
https://warp.ndl.go.jp/20250702/20250702012911id_/https://www.mod.go.jp/gsdf/nae/nadep/nyuusatujouhou/071kouhyou06/R0607kouhyouabira.pdf,pdf_warp,gsdf_nadep,北海道補給処,陸上自衛隊,2024,2024,4
https://warp.ndl.go.jp/20250702/20250702012911id_/https://www.mod.go.jp/gsdf/nae/nadep/nyuusatujouhou/071kouhyou06/R0607kouhyouhidaka.pdf,pdf_warp,gsdf_nadep,北海道補給処,陸上自衛隊,2024,2024,1
https://warp.ndl.go.jp/20250702/20250702012911id_/https://www.mod.go.jp/gsdf/nae/nadep/nyuusatujouhou/071kouhyou06/R0607kouhyounaebo.pdf,pdf_warp,gsdf_nadep,北海道補給処,陸上自衛隊,2024,2024,4
https://warp.ndl.go.jp/20250702/20250702012911id_/https://www.mod.go.jp/gsdf/nae/nadep/nyuusatujouhou/071kouhyou06/R0607kouhyoushimamatu.pdf,pdf_warp,gsdf_nadep,北海道補給処,陸上自衛隊,2024,2024,37
https://warp.ndl.go.jp/20250702/20250702012911id_/https://www.mod.go.jp/gsdf/nae/nadep/nyuusatujouhou/071kouhyou06/R0607kouhyoushiraoi.pdf,pdf_warp,gsdf_nadep,北海道補給処,陸上自衛隊,2024,2024,3
https://warp.ndl.go.jp/20250702/20250702012911id_/https://www.mod.go.jp/gsdf/nae/nadep/nyuusatujouhou/071kouhyou06/R0607kounyounumata.pdf,pdf_warp,gsdf_nadep,北海道補給処,陸上自衛隊,2024,2024,2
https://warp.ndl.go.jp/20250702/20250702012911id_/https://www.mod.go.jp/gsdf/nae/nadep/nyuusatujouhou/071kouhyou06/R0608kouhyouabira.pdf,pdf_warp,gsdf_nadep,北海道補給処,陸上自衛隊,2024,2024,1
https://warp.ndl.go.jp/20250702/20250702012911id_/https://www.mod.go.jp/gsdf/nae/nadep/nyuusatujouhou/071kouhyou06/R0608kouhyouhidaka.pdf,pdf_warp,gsdf_nadep,北海道補給処,陸上自衛隊,2024,2024,1
https://warp.ndl.go.jp/20250702/20250702012911id_/https://www.mod.go.jp/gsdf/nae/nadep/nyuusatujouhou/071kouhyou06/R0608kouhyoushimamatu.pdf,pdf_warp,gsdf_nadep,北海道補給処,陸上自衛隊,2024,2024,11
https://warp.ndl.go.jp/20250702/20250702012911id_/https://www.mod.go.jp/gsdf/nae/nadep/nyuusatujouhou/071kouhyou06/R0608kouhyoushiraoi.pdf,pdf_warp,gsdf_nadep,北海道補給処,陸上自衛隊,2023,2024,5
https://warp.ndl.go.jp/20250702/20250702012911id_/https://www.mod.go.jp/gsdf/nae/nadep/nyuusatujouhou/071kouhyou06/R0609kouhyouabira.pdf,pdf_warp,gsdf_nadep,北海道補給処,陸上自衛隊,2024,2024,1
https://warp.ndl.go.jp/20250702/20250702012911id_/https://www.mod.go.jp/gsdf/nae/nadep/nyuusatujouhou/071kouhyou06/R0609kouhyoushimamatu.pdf,pdf_warp,gsdf_nadep,北海道補給処,陸上自衛隊,2024,2024,28
https://warp.ndl.go.jp/20250702/20250702012911id_/https://www.mod.go.jp/gsdf/nae/nadep/nyuusatujouhou/071kouhyou06/R0609kouhyoushiraoi.pdf,pdf_warp,gsdf_nadep,北海道補給処,陸上自衛隊,2024,2024,2
https://warp.ndl.go.jp/20250702/20250702012911id_/https://www.mod.go.jp/gsdf/nae/nadep/nyuusatujouhou/071kouhyou06/R0610kouhyouabira.pdf,pdf_warp,gsdf_nadep,北海道補給処,陸上自衛隊,2024,2024,3
https://warp.ndl.go.jp/20250702/20250702012911id_/https://www.mod.go.jp/gsdf/nae/nadep/nyuusatujouhou/071kouhyou06/R0610kouhyounaebo.pdf,pdf_warp,gsdf_nadep,北海道補給処,陸上自衛隊,2024,2024,1
https://warp.ndl.go.jp/20250702/20250702012911id_/https://www.mod.go.jp/gsdf/nae/nadep/nyuusatujouhou/071kouhyou06/R0610kouhyounumata.pdf,pdf_warp,gsdf_nadep,北海道補給処,陸上自衛隊,2024,2024,1
https://warp.ndl.go.jp/20250702/20250702012911id_/https://www.mod.go.jp/gsdf/nae/nadep/nyuusatujouhou/071kouhyou06/R0610kouhyoushimamatu.pdf,pdf_warp,gsdf_nadep,北海道補給処,陸上自衛隊,2024,2024,32
https://warp.ndl.go.jp/20250702/20250702012911id_/https://www.mod.go.jp/gsdf/nae/nadep/nyuusatujouhou/071kouhyou06/R0611kouhyouabira.pdf,pdf_warp,gsdf_nadep,北海道補給処,陸上自衛隊,2024,2024,1
https://warp.ndl.go.jp/20250702/20250702012911id_/https://www.mod.go.jp/gsdf/nae/nadep/nyuusatujouhou/071kouhyou06/R0611kouhyouhidaka.pdf,pdf_warp,gsdf_nadep,北海道補給処,陸上自衛隊,2024,2024,2
https://warp.ndl.go.jp/20250702/20250702012911id_/https://www.mod.go.jp/gsdf/nae/nadep/nyuusatujouhou/071kouhyou06/R0611kouhyounaebo.pdf,pdf_warp,gsdf_nadep,北海道補給処,陸上自衛隊,2024,2024,1
https://warp.ndl.go.jp/20250702/20250702012911id_/https://www.mod.go.jp/gsdf/nae/nadep/nyuusatujouhou/071kouhyou06/R0611kouhyounumata.pdf,pdf_warp,gsdf_nadep,北海道補給処,陸上自衛隊,2024,2024,3
https://warp.ndl.go.jp/20250702/20250702012911id_/https://www.mod.go.jp/gsdf/nae/nadep/nyuusatujouhou/071kouhyou06/R0611kouhyoushimamatu.pdf,pdf_warp,gsdf_nadep,北海道補給処,陸上自衛隊,2024,2024,45
https://warp.ndl.go.jp/20250702/20250702012911id_/https://www.mod.go.jp/gsdf/nae/nadep/nyuusatujouhou/071kouhyou06/R0612kouhyou-numata.pdf,pdf_warp,gsdf_nadep,北海道補給処,陸上自衛隊,2024,2024,1
https://warp.ndl.go.jp/20250702/20250702012911id_/https://www.mod.go.jp/gsdf/nae/nadep/nyuusatujouhou/071kouhyou06/R0612kouhyouabira.pdf,pdf_warp,gsdf_nadep,北海道補給処,陸上自衛隊,2024,2024,2
https://warp.ndl.go.jp/20250702/20250702012911id_/https://www.mod.go.jp/gsdf/nae/nadep/nyuusatujouhou/071kouhyou06/R0612kouhyoushimamatu.pdf,pdf_warp,gsdf_nadep,北海道補給処,陸上自衛隊,2024,2024,49
https://warp.ndl.go.jp/20250702/20250702012911id_/https://www.mod.go.jp/gsdf/nae/nadep/nyuusatujouhou/071kouhyou06/R0701kouhyouabira.pdf,pdf_warp,gsdf_nadep,北海道補給処,陸上自衛隊,2024,2024,2
https://warp.ndl.go.jp/20250702/20250702012911id_/https://www.mod.go.jp/gsdf/nae/nadep/nyuusatujouhou/071kouhyou06/R0701kouhyounaebo.pdf,pdf_warp,gsdf_nadep,北海道補給処,陸上自衛隊,2024,2024,2
https://warp.ndl.go.jp/20250702/20250702012911id_/https://www.mod.go.jp/gsdf/nae/nadep/nyuusatujouhou/071kouhyou06/R0701kouhyounumata.pdf,pdf_warp,gsdf_nadep,北海道補給処,陸上自衛隊,2024,2024,2
https://warp.ndl.go.jp/20250702/20250702012911id_/https://www.mod.go.jp/gsdf/nae/nadep/nyuusatujouhou/071kouhyou06/R0701kouhyoushimamatu.pdf,pdf_warp,gsdf_nadep,北海道補給処,陸上自衛隊,2024,2024,52
https://warp.ndl.go.jp/20250702/20250702012911id_/https://www.mod.go.jp/gsdf/nae/nadep/nyuusatujouhou/071kouhyou06/R0702-kouhyou-numata.pdf,pdf_warp,gsdf_nadep,北海道補給処,陸上自衛隊,2024,2024,2
https://warp.ndl.go.jp/20250702/20250702012911id_/https://www.mod.go.jp/gsdf/nae/nadep/nyuusatujouhou/071kouhyou06/R0702kouhyouabira.pdf,pdf_warp,gsdf_nadep,北海道補給処,陸上自衛隊,2024,2024,3
https://warp.ndl.go.jp/20250702/20250702012911id_/https://www.mod.go.jp/gsdf/nae/nadep/nyuusatujouhou/071kouhyou06/R0702kouhyounaebo.pdf,pdf_warp,gsdf_nadep,北海道補給処,陸上自衛隊,2024,2024,3
https://warp.ndl.go.jp/20250702/20250702012911id_/https://www.mod.go.jp/gsdf/nae/nadep/nyuusatujouhou/071kouhyou06/R0702kouhyoushimamatu.pdf,pdf_warp,gsdf_nadep,北海道補給処,陸上自衛隊,2024,2024,47
https://warp.ndl.go.jp/20250702/20250702012911id_/https://www.mod.go.jp/gsdf/nae/nadep/nyuusatujouhou/071kouhyou06/R0703-kouhyou-shimamatu.pdf,pdf_warp,gsdf_nadep,北海道補給処,陸上自衛隊,2024,2024,59
https://warp.ndl.go.jp/20250702/20250702012911id_/https://www.mod.go.jp/gsdf/nae/nadep/nyuusatujouhou/071kouhyou06/R0703kouhyou-abira.pdf,pdf_warp,gsdf_nadep,北海道補給処,陸上自衛隊,2024,2024,1
https://warp.ndl.go.jp/20250610/20250607031330/https://www.mod.go.jp/gsdf/wae/info/nyusatu/wa-fin/04/361_6.3_3.pdf,pdf,gsdf_seibu,西部方面会計隊,陸上自衛隊,2024,2024,9
https://warp.ndl.go.jp/20250610/20250607031330/https://www.mod.go.jp/gsdf/wae/info/nyusatu/wa-fin/04/361_6.3_4.pdf,pdf,gsdf_seibu,西部方面会計隊,陸上自衛隊,2024,2024,1
https://warp.ndl.go.jp/20250610/20250607031330/https://www.mod.go.jp/gsdf/wae/info/nyusatu/wa-fin/04/361_7.2_3.pdf,pdf,gsdf_seibu,西部方面会計隊,陸上自衛隊,2024,2024,7
https://warp.ndl.go.jp/20250610/20250607031330/https://www.mod.go.jp/gsdf/wae/info/nyusatu/wa-fin/04/361_ku_6.11_1.pdf,pdf,gsdf_seibu,西部方面会計隊,陸上自衛隊,2024,2024,1
https://warp.ndl.go.jp/20250610/20250607031330/https://www.mod.go.jp/gsdf/wae/info/nyusatu/wa-fin/04/361_ku_6.12_3.pdf,pdf,gsdf_seibu,西部方面会計隊,陸上自衛隊,2024,2024,6
https://warp.ndl.go.jp/20250610/20250607031330/https://www.mod.go.jp/gsdf/wae/info/nyusatu/wa-fin/04/361_ku_6.1_1.pdf,pdf,gsdf_seibu,西部方面会計隊,陸上自衛隊,2024,2024,1
https://warp.ndl.go.jp/20250610/20250607031330/https://www.mod.go.jp/gsdf/wae/info/nyusatu/wa-fin/04/361_ku_6.1_3.pdf,pdf,gsdf_seibu,西部方面会計隊,陸上自衛隊,2024,2024,4
https://warp.ndl.go.jp/20250610/20250607031330/https://www.mod.go.jp/gsdf/wae/info/nyusatu/wa-fin/04/361_ku_6.2_3.pdf,pdf,gsdf_seibu,西部方面会計隊,陸上自衛隊,2024,2024,9
https://warp.ndl.go.jp/20250610/20250607031330/https://www.mod.go.jp/gsdf/wae/info/nyusatu/wa-fin/04/361_ku_7.3_3.pdf,pdf,gsdf_seibu,西部方面会計隊,陸上自衛隊,2024,2024,7
https://warp.ndl.go.jp/20250610/20250607031330/https://www.mod.go.jp/gsdf/wae/info/nyusatu/wa-fin/04/363_7.2_1.pdf,pdf,gsdf_seibu,西部方面会計隊,陸上自衛隊,2024,2024,1
https://warp.ndl.go.jp/20250610/20250607031330/https://www.mod.go.jp/gsdf/wae/info/nyusatu/wa-fin/04/363_7.2_3.pdf,pdf,gsdf_seibu,西部方面会計隊,陸上自衛隊,2024,2024,26
https://warp.ndl.go.jp/20250610/20250607031330/https://www.mod.go.jp/gsdf/wae/info/nyusatu/wa-fin/04/363_oo_6.11_1.pdf,pdf,gsdf_seibu,西部方面会計隊,陸上自衛隊,2024,2024,1
https://warp.ndl.go.jp/20250610/20250607031330/https://www.mod.go.jp/gsdf/wae/info/nyusatu/wa-fin/04/363_oo_6.11_3.pdf,pdf,gsdf_seibu,西部方面会計隊,陸上自衛隊,2024,2024,5
https://warp.ndl.go.jp/20250610/20250607031330/https://www.mod.go.jp/gsdf/wae/info/nyusatu/wa-fin/04/363_oo_6.12_3.pdf,pdf,gsdf_seibu,西部方面会計隊,陸上自衛隊,2024,2024,5
https://warp.ndl.go.jp/20250610/20250607031330/https://www.mod.go.jp/gsdf/wae/info/nyusatu/wa-fin/04/363_oo_6.1_1.pdf,pdf,gsdf_seibu,西部方面会計隊,陸上自衛隊,2024,2024,1
https://warp.ndl.go.jp/20250610/20250607031330/https://www.mod.go.jp/gsdf/wae/info/nyusatu/wa-fin/04/363_oo_6.1_3.pdf,pdf,gsdf_seibu,西部方面会計隊,陸上自衛隊,2024,2024,5
https://warp.ndl.go.jp/20250610/20250607031330/https://www.mod.go.jp/gsdf/wae/info/nyusatu/wa-fin/04/363_oo_7.2_3.pdf,pdf,gsdf_seibu,西部方面会計隊,陸上自衛隊,2024,2024,5
https://warp.ndl.go.jp/20250610/20250607031330/https://www.mod.go.jp/gsdf/wae/info/nyusatu/wa-fin/04/363_oo_7.3_3.pdf,pdf,gsdf_seibu,西部方面会計隊,陸上自衛隊,2024,2024,2
https://warp.ndl.go.jp/20250610/20250607031330/https://www.mod.go.jp/gsdf/wae/info/nyusatu/wa-fin/04/364_7.2_3.pdf,pdf,gsdf_seibu,西部方面会計隊,陸上自衛隊,2024,2024,8
https://warp.ndl.go.jp/20250610/20250607031330/https://www.mod.go.jp/gsdf/wae/info/nyusatu/wa-fin/04/364_7.3_3.pdf,pdf,gsdf_seibu,西部方面会計隊,陸上自衛隊,2024,2024,8
https://warp.ndl.go.jp/20250610/20250607031330/https://www.mod.go.jp/gsdf/wae/info/nyusatu/wa-fin/04/364_eb_6.11_1.pdf,pdf,gsdf_seibu,西部方面会計隊,陸上自衛隊,2024,2024,4
https://warp.ndl.go.jp/20250610/20250607031330/https://www.mod.go.jp/gsdf/wae/info/nyusatu/wa-fin/04/364_eb_6.11_3.pdf,pdf,gsdf_seibu,西部方面会計隊,陸上自衛隊,2024,2024,4
https://warp.ndl.go.jp/20250610/20250607031330/https://www.mod.go.jp/gsdf/wae/info/nyusatu/wa-fin/04/364_eb_6.12_3.pdf,pdf,gsdf_seibu,西部方面会計隊,陸上自衛隊,2024,2024,3
https://warp.ndl.go.jp/20250610/20250607031330/https://www.mod.go.jp/gsdf/wae/info/nyusatu/wa-fin/04/364_eb_6.1_3.pdf,pdf,gsdf_seibu,西部方面会計隊,陸上自衛隊,2024,2024,2
https://warp.ndl.go.jp/20250610/20250607031330/https://www.mod.go.jp/gsdf/wae/info/nyusatu/wa-fin/04/364_eb_7_3_3.pdf,pdf,gsdf_seibu,西部方面会計隊,陸上自衛隊,2024,2024,1
https://warp.ndl.go.jp/20250610/20250607031330/https://www.mod.go.jp/gsdf/wae/info/nyusatu/wa-fin/04/364_se_6.11_3.pdf,pdf,gsdf_seibu,西部方面会計隊,陸上自衛隊,2024,2024,3
https://warp.ndl.go.jp/20250610/20250607031330/https://www.mod.go.jp/gsdf/wae/info/nyusatu/wa-fin/04/364_se_6.12_3.pdf,pdf,gsdf_seibu,西部方面会計隊,陸上自衛隊,2024,2024,2
https://warp.ndl.go.jp/20250610/20250607031330/https://www.mod.go.jp/gsdf/wae/info/nyusatu/wa-fin/04/364_se_6.1_3.pdf,pdf,gsdf_seibu,西部方面会計隊,陸上自衛隊,2024,2024,3
https://warp.ndl.go.jp/20250610/20250607031330/https://www.mod.go.jp/gsdf/wae/info/nyusatu/wa-fin/04/364_se_6.2_3.pdf,pdf,gsdf_seibu,西部方面会計隊,陸上自衛隊,2024,2024,6
https://warp.ndl.go.jp/20250610/20250607031330/https://www.mod.go.jp/gsdf/wae/info/nyusatu/wa-fin/04/366_6.11_3.pdf,pdf,gsdf_seibu,西部方面会計隊,陸上自衛隊,2024,2024,6
https://warp.ndl.go.jp/20250610/20250607031330/https://www.mod.go.jp/gsdf/wae/info/nyusatu/wa-fin/04/366_6.12_3.pdf,pdf,gsdf_seibu,西部方面会計隊,陸上自衛隊,2024,2024,10
https://warp.ndl.go.jp/20250610/20250607031330/https://www.mod.go.jp/gsdf/wae/info/nyusatu/wa-fin/04/366_6.1_3.pdf,pdf,gsdf_seibu,西部方面会計隊,陸上自衛隊,2024,2024,7
https://warp.ndl.go.jp/20250610/20250607031330/https://www.mod.go.jp/gsdf/wae/info/nyusatu/wa-fin/04/366_6.2_3.pdf,pdf,gsdf_seibu,西部方面会計隊,陸上自衛隊,2024,2024,8
https://warp.ndl.go.jp/20250610/20250607031330/https://www.mod.go.jp/gsdf/wae/info/nyusatu/wa-fin/04/366_7.3_3.pdf,pdf,gsdf_seibu,西部方面会計隊,陸上自衛隊,2024,2024,8
https://warp.ndl.go.jp/20250610/20250607031330/https://www.mod.go.jp/gsdf/wae/info/nyusatu/wa-fin/04/366_ii_6_12_1.pdf,pdf,gsdf_seibu,西部方面会計隊,陸上自衛隊,2024,2024,3
https://warp.ndl.go.jp/20250610/20250607031330/https://www.mod.go.jp/gsdf/wae/info/nyusatu/wa-fin/04/366_ii_6_12_3.pdf,pdf,gsdf_seibu,西部方面会計隊,陸上自衛隊,2024,2024,6
https://warp.ndl.go.jp/20250610/20250607031330/https://www.mod.go.jp/gsdf/wae/info/nyusatu/wa-fin/04/366_ii_7_2_1.pdf,pdf,gsdf_seibu,西部方面会計隊,陸上自衛隊,2024,2024,1
https://warp.ndl.go.jp/20250610/20250607031330/https://www.mod.go.jp/gsdf/wae/info/nyusatu/wa-fin/04/366_ii_7_3_3.pdf,pdf,gsdf_seibu,西部方面会計隊,陸上自衛隊,2024,2024,4
https://warp.ndl.go.jp/20250610/20250607031330/https://www.mod.go.jp/gsdf/wae/info/nyusatu/wa-fin/04/366_ko_6.11_1.pdf,pdf,gsdf_seibu,西部方面会計隊,陸上自衛隊,2024,2024,3
https://warp.ndl.go.jp/20250610/20250607031330/https://www.mod.go.jp/gsdf/wae/info/nyusatu/wa-fin/04/366_ko_6.11_3.pdf,pdf,gsdf_seibu,西部方面会計隊,陸上自衛隊,2024,2024,2
https://warp.ndl.go.jp/20250610/20250607031330/https://www.mod.go.jp/gsdf/wae/info/nyusatu/wa-fin/04/366_ko_6.12_1.pdf,pdf,gsdf_seibu,西部方面会計隊,陸上自衛隊,2024,2024,1
https://warp.ndl.go.jp/20250610/20250607031330/https://www.mod.go.jp/gsdf/wae/info/nyusatu/wa-fin/04/366_ko_6.1_3.pdf,pdf,gsdf_seibu,西部方面会計隊,陸上自衛隊,2024,2024,2
https://warp.ndl.go.jp/20250610/20250607031330/https://www.mod.go.jp/gsdf/wae/info/nyusatu/wa-fin/04/366_ko_6.2_1.pdf,pdf,gsdf_seibu,西部方面会計隊,陸上自衛隊,2024,2024,1
https://warp.ndl.go.jp/20250610/20250607031330/https://www.mod.go.jp/gsdf/wae/info/nyusatu/wa-fin/04/366_ko_6.2_3.pdf,pdf,gsdf_seibu,西部方面会計隊,陸上自衛隊,2024,2024,6
https://warp.ndl.go.jp/20250610/20250607031330/https://www.mod.go.jp/gsdf/wae/info/nyusatu/wa-fin/04/366ii_7.2.3.pdf,pdf,gsdf_seibu,西部方面会計隊,陸上自衛隊,2024,2024,11
https://warp.ndl.go.jp/20250610/20250607031330/https://www.mod.go.jp/gsdf/wae/info/nyusatu/wa-fin/04/392_6.11_1.pdf,pdf,gsdf_seibu,西部方面会計隊,陸上自衛隊,2024,2024,1
https://warp.ndl.go.jp/20250610/20250607031330/https://www.mod.go.jp/gsdf/wae/info/nyusatu/wa-fin/04/392_6.11_3.pdf,pdf,gsdf_seibu,西部方面会計隊,陸上自衛隊,2024,2024,13
https://warp.ndl.go.jp/20250610/20250607031330/https://www.mod.go.jp/gsdf/wae/info/nyusatu/wa-fin/04/392_6.12_3.pdf,pdf,gsdf_seibu,西部方面会計隊,陸上自衛隊,2024,2024,14
https://warp.ndl.go.jp/20250610/20250607031330/https://www.mod.go.jp/gsdf/wae/info/nyusatu/wa-fin/04/392_6.1_3.pdf,pdf,gsdf_seibu,西部方面会計隊,陸上自衛隊,2024,2024,14
https://warp.ndl.go.jp/20250610/20250607031330/https://www.mod.go.jp/gsdf/wae/info/nyusatu/wa-fin/04/392_7.3_3.pdf,pdf,gsdf_seibu,西部方面会計隊,陸上自衛隊,2024,2024,22
https://warp.ndl.go.jp/20250610/20250607031330/https://www.mod.go.jp/gsdf/wae/info/nyusatu/wa-fin/04/392_7_2_1.pdf,pdf,gsdf_seibu,西部方面会計隊,陸上自衛隊,2024,2024,1
https://warp.ndl.go.jp/20250610/20250607031330/https://www.mod.go.jp/gsdf/wae/info/nyusatu/wa-fin/04/392_7_2_3.pdf,pdf,gsdf_seibu,西部方面会計隊,陸上自衛隊,2024,2024,27
https://warp.ndl.go.jp/20250610/20250607031330/https://www.mod.go.jp/gsdf/wae/info/nyusatu/wa-fin/04/404_6.10_1.pdf,pdf,gsdf_seibu,西部方面会計隊,陸上自衛隊,2024,2024,1
https://warp.ndl.go.jp/20250610/20250607031330/https://www.mod.go.jp/gsdf/wae/info/nyusatu/wa-fin/04/404_6.10_3.pdf,pdf,gsdf_seibu,西部方面会計隊,陸上自衛隊,2024,2024,2
https://warp.ndl.go.jp/20250610/20250607031330/https://www.mod.go.jp/gsdf/wae/info/nyusatu/wa-fin/04/404_6.11_1.pdf,pdf,gsdf_seibu,西部方面会計隊,陸上自衛隊,2024,2024,1
https://warp.ndl.go.jp/20250610/20250607031330/https://www.mod.go.jp/gsdf/wae/info/nyusatu/wa-fin/04/404_6.11_3.pdf,pdf,gsdf_seibu,西部方面会計隊,陸上自衛隊,2024,2024,4
https://warp.ndl.go.jp/20250610/20250607031330/https://www.mod.go.jp/gsdf/wae/info/nyusatu/wa-fin/04/404_6.1_3.pdf,pdf,gsdf_seibu,西部方面会計隊,陸上自衛隊,2024,2024,7
https://warp.ndl.go.jp/20250610/20250607031330/https://www.mod.go.jp/gsdf/wae/info/nyusatu/wa-fin/04/404_yu_6.11_1.pdf,pdf,gsdf_seibu,西部方面会計隊,陸上自衛隊,2024,2024,3
https://warp.ndl.go.jp/20250610/20250607031330/https://www.mod.go.jp/gsdf/wae/info/nyusatu/wa-fin/04/404_yu_6.11_3.pdf,pdf,gsdf_seibu,西部方面会計隊,陸上自衛隊,2024,2024,21
https://warp.ndl.go.jp/20250610/20250607031330/https://www.mod.go.jp/gsdf/wae/info/nyusatu/wa-fin/04/404_yu_6.12_3.pdf,pdf,gsdf_seibu,西部方面会計隊,陸上自衛隊,2024,2024,14
https://warp.ndl.go.jp/20250610/20250607031330/https://www.mod.go.jp/gsdf/wae/info/nyusatu/wa-fin/04/404_yu_6.1_1.pdf,pdf,gsdf_seibu,西部方面会計隊,陸上自衛隊,2024,2024,5
https://warp.ndl.go.jp/20250610/20250607031330/https://www.mod.go.jp/gsdf/wae/info/nyusatu/wa-fin/04/404_yu_6.1_3.pdf,pdf,gsdf_seibu,西部方面会計隊,陸上自衛隊,2024,2024,4
https://warp.ndl.go.jp/20250610/20250607031330/https://www.mod.go.jp/gsdf/wae/info/nyusatu/wa-fin/04/404_yu_7.2_3.pdf,pdf,gsdf_seibu,西部方面会計隊,陸上自衛隊,2024,2024,9
https://warp.ndl.go.jp/20250610/20250607031330/https://www.mod.go.jp/gsdf/wae/info/nyusatu/wa-fin/04/404_yu_7.3_3.pdf,pdf,gsdf_seibu,西部方面会計隊,陸上自衛隊,2024,2024,9
https://warp.ndl.go.jp/20250610/20250607031330/https://www.mod.go.jp/gsdf/wae/info/nyusatu/wa-fin/04/404ku_7.1_0.pdf,pdf,gsdf_seibu,西部方面会計隊,陸上自衛隊,2024,2024,1
https://warp.ndl.go.jp/20250610/20250607031330/https://www.mod.go.jp/gsdf/wae/info/nyusatu/wa-fin/04/404ku_7.2_0.pdf,pdf,gsdf_seibu,西部方面会計隊,陸上自衛隊,2024,2024,7
https://warp.ndl.go.jp/20250610/20250607031330/https://www.mod.go.jp/gsdf/wae/info/nyusatu/wa-fin/04/404ku_7.3_0.pdf,pdf,gsdf_seibu,西部方面会計隊,陸上自衛隊,2024,2024,1
https://warp.ndl.go.jp/20250610/20250607031330/https://www.mod.go.jp/gsdf/wae/info/nyusatu/wa-fin/04/430_6.10_1.pdf,pdf,gsdf_seibu,西部方面会計隊,陸上自衛隊,2024,2024,4
https://warp.ndl.go.jp/20250610/20250607031330/https://www.mod.go.jp/gsdf/wae/info/nyusatu/wa-fin/04/430_6.10_3.pdf,pdf,gsdf_seibu,西部方面会計隊,陸上自衛隊,2024,2024,7
https://warp.ndl.go.jp/20250610/20250607031330/https://www.mod.go.jp/gsdf/wae/info/nyusatu/wa-fin/04/430_6.11_1.pdf,pdf,gsdf_seibu,西部方面会計隊,陸上自衛隊,2024,2024,4
https://warp.ndl.go.jp/20250610/20250607031330/https://www.mod.go.jp/gsdf/wae/info/nyusatu/wa-fin/04/430_6.11_3.pdf,pdf,gsdf_seibu,西部方面会計隊,陸上自衛隊,2024,2024,10
https://warp.ndl.go.jp/20250610/20250607031330/https://www.mod.go.jp/gsdf/wae/info/nyusatu/wa-fin/04/430_6.12_1.pdf,pdf,gsdf_seibu,西部方面会計隊,陸上自衛隊,2024,2024,4
https://warp.ndl.go.jp/20250610/20250607031330/https://www.mod.go.jp/gsdf/wae/info/nyusatu/wa-fin/04/430_6.12_3.pdf,pdf,gsdf_seibu,西部方面会計隊,陸上自衛隊,2024,2024,6
https://warp.ndl.go.jp/20250610/20250607031330/https://www.mod.go.jp/gsdf/wae/info/nyusatu/wa-fin/04/430_6.7_1.pdf,pdf,gsdf_seibu,西部方面会計隊,陸上自衛隊,2024,2024,5
https://warp.ndl.go.jp/20250610/20250607031330/https://www.mod.go.jp/gsdf/wae/info/nyusatu/wa-fin/04/430_6.7_3.pdf,pdf,gsdf_seibu,西部方面会計隊,陸上自衛隊,2024,2024,10
https://warp.ndl.go.jp/20250610/20250607031330/https://www.mod.go.jp/gsdf/wae/info/nyusatu/wa-fin/04/430_6.8_1.pdf,pdf,gsdf_seibu,西部方面会計隊,陸上自衛隊,2024,2024,3
https://warp.ndl.go.jp/20250610/20250607031330/https://www.mod.go.jp/gsdf/wae/info/nyusatu/wa-fin/04/430_6.8_3.pdf,pdf,gsdf_seibu,西部方面会計隊,陸上自衛隊,2024,2024,5
https://warp.ndl.go.jp/20250610/20250607031330/https://www.mod.go.jp/gsdf/wae/info/nyusatu/wa-fin/04/430_6.9_1.pdf,pdf,gsdf_seibu,西部方面会計隊,陸上自衛隊,2024,2024,3
https://warp.ndl.go.jp/20250610/20250607031330/https://www.mod.go.jp/gsdf/wae/info/nyusatu/wa-fin/04/430_6.9_3.pdf,pdf,gsdf_seibu,西部方面会計隊,陸上自衛隊,2024,2024,12
https://warp.ndl.go.jp/20250610/20250607031330/https://www.mod.go.jp/gsdf/wae/info/nyusatu/wa-fin/04/430_7.1_1.pdf,pdf,gsdf_seibu,西部方面会計隊,陸上自衛隊,2024,2024,5
https://warp.ndl.go.jp/20250610/20250607031330/https://www.mod.go.jp/gsdf/wae/info/nyusatu/wa-fin/04/430_7.1_3.pdf,pdf,gsdf_seibu,西部方面会計隊,陸上自衛隊,2024,2024,6
https://warp.ndl.go.jp/20250610/20250607031330/https://www.mod.go.jp/gsdf/wae/info/nyusatu/wa-fin/04/430_7.2_3.pdf,pdf,gsdf_seibu,西部方面会計隊,陸上自衛隊,2024,2024,6
https://warp.ndl.go.jp/20250610/20250607031330/https://www.mod.go.jp/gsdf/wae/info/nyusatu/wa-fin/04/430_7.3_3.pdf,pdf,gsdf_seibu,西部方面会計隊,陸上自衛隊,2024,2024,6
https://warp.ndl.go.jp/20250610/20250607031330/https://www.mod.go.jp/gsdf/wae/info/nyusatu/wa-fin/04/436_6.1.3.pdf,pdf,gsdf_seibu,西部方面会計隊,陸上自衛隊,2024,2024,3
https://warp.ndl.go.jp/20250610/20250607031330/https://www.mod.go.jp/gsdf/wae/info/nyusatu/wa-fin/04/436_6.11.3.pdf,pdf,gsdf_seibu,西部方面会計隊,陸上自衛隊,2024,2024,3
https://warp.ndl.go.jp/20250610/20250607031330/https://www.mod.go.jp/gsdf/wae/info/nyusatu/wa-fin/04/436_6.12.3.pdf,pdf,gsdf_seibu,西部方面会計隊,陸上自衛隊,2024,2024,1
https://warp.ndl.go.jp/20250610/20250607031330/https://www.mod.go.jp/gsdf/wae/info/nyusatu/wa-fin/04/436_7.2.3.pdf,pdf,gsdf_seibu,西部方面会計隊,陸上自衛隊,2024,2024,3
https://warp.ndl.go.jp/20250610/20250607031330/https://www.mod.go.jp/gsdf/wae/info/nyusatu/wa-fin/04/436_7.3.3.pdf,pdf,gsdf_seibu,西部方面会計隊,陸上自衛隊,2024,2024,2
https://warp.ndl.go.jp/20250610/20250607031330/https://www.mod.go.jp/gsdf/wae/info/nyusatu/wa-fin/04/444_7_1_1.pdf,pdf,gsdf_seibu,西部方面会計隊,陸上自衛隊,2024,2024,1
https://warp.ndl.go.jp/20250610/20250607031330/https://www.mod.go.jp/gsdf/wae/info/nyusatu/wa-fin/04/444_7_1_3.pdf,pdf,gsdf_seibu,西部方面会計隊,陸上自衛隊,2024,2024,8
https://warp.ndl.go.jp/20250610/20250607031330/https://www.mod.go.jp/gsdf/wae/info/nyusatu/wa-fin/04/444_7_2_2.pdf,pdf,gsdf_seibu,西部方面会計隊,陸上自衛隊,2024,2024,1
https://warp.ndl.go.jp/20250610/20250607031330/https://www.mod.go.jp/gsdf/wae/info/nyusatu/wa-fin/04/444_7_2_3.pdf,pdf,gsdf_seibu,西部方面会計隊,陸上自衛隊,2024,2024,14
https://warp.ndl.go.jp/20250610/20250607031330/https://www.mod.go.jp/gsdf/wae/info/nyusatu/wa-fin/04/444_7_3_3.pdf,pdf,gsdf_seibu,西部方面会計隊,陸上自衛隊,2024,2024,5
https://warp.ndl.go.jp/20250610/20250607031330/https://www.mod.go.jp/gsdf/wae/info/nyusatu/wa-fin/04/445_5.11_3.pdf,pdf,gsdf_seibu,西部方面会計隊,陸上自衛隊,2023,2023,3
https://warp.ndl.go.jp/20250610/20250607031330/https://www.mod.go.jp/gsdf/wae/info/nyusatu/wa-fin/04/445_5.12_3.pdf,pdf,gsdf_seibu,西部方面会計隊,陸上自衛隊,2023,2023,7
https://warp.ndl.go.jp/20250610/20250607031330/https://www.mod.go.jp/gsdf/wae/info/nyusatu/wa-fin/04/445_6.10_3.pdf,pdf,gsdf_seibu,西部方面会計隊,陸上自衛隊,2024,2024,3
https://warp.ndl.go.jp/20250610/20250607031330/https://www.mod.go.jp/gsdf/wae/info/nyusatu/wa-fin/04/445_6.1_3.pdf,pdf,gsdf_seibu,西部方面会計隊,陸上自衛隊,2023,2023,3
https://warp.ndl.go.jp/20250610/20250607031330/https://www.mod.go.jp/gsdf/wae/info/nyusatu/wa-fin/04/445_6.2_3.pdf,pdf,gsdf_seibu,西部方面会計隊,陸上自衛隊,2023,2023,23
https://warp.ndl.go.jp/20250610/20250607031330/https://www.mod.go.jp/gsdf/wae/info/nyusatu/wa-fin/04/445_6.2_4.pdf,pdf,gsdf_seibu,西部方面会計隊,陸上自衛隊,2023,2023,3
https://warp.ndl.go.jp/20250610/20250607031330/https://www.mod.go.jp/gsdf/wae/info/nyusatu/wa-fin/04/445_6.3_3.pdf,pdf,gsdf_seibu,西部方面会計隊,陸上自衛隊,2023,2023,2
https://warp.ndl.go.jp/20250610/20250607031330/https://www.mod.go.jp/gsdf/wae/info/nyusatu/wa-fin/04/445_6.4_3.pdf,pdf,gsdf_seibu,西部方面会計隊,陸上自衛隊,2024,2024,3
https://warp.ndl.go.jp/20250610/20250607031330/https://www.mod.go.jp/gsdf/wae/info/nyusatu/wa-fin/04/445_6.4_4.pdf,pdf,gsdf_seibu,西部方面会計隊,陸上自衛隊,2024,2024,3
https://warp.ndl.go.jp/20250610/20250607031330/https://www.mod.go.jp/gsdf/wae/info/nyusatu/wa-fin/04/445_6.5_3.pdf,pdf,gsdf_seibu,西部方面会計隊,陸上自衛隊,2024,2024,1
https://warp.ndl.go.jp/20250610/20250607031330/https://www.mod.go.jp/gsdf/wae/info/nyusatu/wa-fin/04/445_6.7_3.pdf,pdf,gsdf_seibu,西部方面会計隊,陸上自衛隊,2024,2024,2
https://warp.ndl.go.jp/20250610/20250607031330/https://www.mod.go.jp/gsdf/wae/info/nyusatu/wa-fin/04/445_6.8_3.pdf,pdf,gsdf_seibu,西部方面会計隊,陸上自衛隊,2024,2024,1
https://warp.ndl.go.jp/20250610/20250607031330/https://www.mod.go.jp/gsdf/wae/info/nyusatu/wa-fin/04/445_6.9_3.pdf,pdf,gsdf_seibu,西部方面会計隊,陸上自衛隊,2024,2024,1
https://warp.ndl.go.jp/20250610/20250607031330/https://www.mod.go.jp/gsdf/wae/info/nyusatu/wa-fin/04/445_6_11_3.pdf,pdf,gsdf_seibu,西部方面会計隊,陸上自衛隊,2024,2024,3
https://warp.ndl.go.jp/20250610/20250607031330/https://www.mod.go.jp/gsdf/wae/info/nyusatu/wa-fin/04/445_6_12_3.pdf,pdf,gsdf_seibu,西部方面会計隊,陸上自衛隊,2024,2024,3
https://warp.ndl.go.jp/20250610/20250607031330/https://www.mod.go.jp/gsdf/wae/info/nyusatu/wa-fin/04/445_6_12_4.pdf,pdf,gsdf_seibu,西部方面会計隊,陸上自衛隊,2024,2024,1
https://warp.ndl.go.jp/20250610/20250607031330/https://www.mod.go.jp/gsdf/wae/info/nyusatu/wa-fin/04/445_7_1_3.pdf,pdf,gsdf_seibu,西部方面会計隊,陸上自衛隊,2024,2024,4
https://warp.ndl.go.jp/20250610/20250607031330/https://www.mod.go.jp/gsdf/wae/info/nyusatu/wa-fin/04/445_7_2_3.pdf,pdf,gsdf_seibu,西部方面会計隊,陸上自衛隊,2024,2024,8
https://warp.ndl.go.jp/20250610/20250607031330/https://www.mod.go.jp/gsdf/wae/info/nyusatu/wa-fin/04/445_7_3_3.pdf,pdf,gsdf_seibu,西部方面会計隊,陸上自衛隊,2024,2024,6
https://warp.ndl.go.jp/20250610/20250607031330/https://www.mod.go.jp/gsdf/wae/info/nyusatu/wa-fin/04/445_7_3_4.pdf,pdf,gsdf_seibu,西部方面会計隊,陸上自衛隊,2024,2024,2
https://warp.ndl.go.jp/20250610/20250607031330/https://www.mod.go.jp/gsdf/wae/info/nyusatu/wa-fin/04/R501_361_ku_b1.pdf,pdf,gsdf_seibu,西部方面会計隊,陸上自衛隊,2023,2023,1
https://warp.ndl.go.jp/20250610/20250607031330/https://www.mod.go.jp/gsdf/wae/info/nyusatu/wa-fin/04/R501_361_ku_b3.pdf,pdf,gsdf_seibu,西部方面会計隊,陸上自衛隊,2023,2023,1
https://warp.ndl.go.jp/20250610/20250607031330/https://www.mod.go.jp/gsdf/wae/info/nyusatu/wa-fin/04/R501_363_b3.pdf,pdf,gsdf_seibu,西部方面会計隊,陸上自衛隊,2023,2023,9
https://warp.ndl.go.jp/20250610/20250607031330/https://www.mod.go.jp/gsdf/wae/info/nyusatu/wa-fin/04/R501_363_oo_b3.pdf,pdf,gsdf_seibu,西部方面会計隊,陸上自衛隊,2023,2023,5
https://warp.ndl.go.jp/20250610/20250607031330/https://www.mod.go.jp/gsdf/wae/info/nyusatu/wa-fin/04/R501_363ta_b3.pdf,pdf,gsdf_seibu,西部方面会計隊,陸上自衛隊,2023,2023,7
https://warp.ndl.go.jp/20250610/20250607031330/https://www.mod.go.jp/gsdf/wae/info/nyusatu/wa-fin/04/R501_364_b3.pdf,pdf,gsdf_seibu,西部方面会計隊,陸上自衛隊,2023,2023,3
https://warp.ndl.go.jp/20250610/20250607031330/https://www.mod.go.jp/gsdf/wae/info/nyusatu/wa-fin/04/R501_364_se_b1.pdf,pdf,gsdf_seibu,西部方面会計隊,陸上自衛隊,2023,2023,1
https://warp.ndl.go.jp/20250610/20250607031330/https://www.mod.go.jp/gsdf/wae/info/nyusatu/wa-fin/04/R501_364_se_b3.pdf,pdf,gsdf_seibu,西部方面会計隊,陸上自衛隊,2023,2023,2
https://warp.ndl.go.jp/20250610/20250607031330/https://www.mod.go.jp/gsdf/wae/info/nyusatu/wa-fin/04/R501_392_b3.pdf,pdf,gsdf_seibu,西部方面会計隊,陸上自衛隊,2023,2023,9
https://warp.ndl.go.jp/20250610/20250607031330/https://www.mod.go.jp/gsdf/wae/info/nyusatu/wa-fin/04/R501_404_b1.pdf,pdf,gsdf_seibu,西部方面会計隊,陸上自衛隊,2023,2023,1
https://warp.ndl.go.jp/20250610/20250607031330/https://www.mod.go.jp/gsdf/wae/info/nyusatu/wa-fin/04/R501_404_b3.pdf,pdf,gsdf_seibu,西部方面会計隊,陸上自衛隊,2023,2023,6
https://warp.ndl.go.jp/20250610/20250607031330/https://www.mod.go.jp/gsdf/wae/info/nyusatu/wa-fin/04/R501_404_b32.pdf,pdf,gsdf_seibu,西部方面会計隊,陸上自衛隊,2023,2023,6
https://warp.ndl.go.jp/20250610/20250607031330/https://www.mod.go.jp/gsdf/wae/info/nyusatu/wa-fin/04/R501_404_b33.pdf,pdf,gsdf_seibu,西部方面会計隊,陸上自衛隊,2023,2023,2
https://warp.ndl.go.jp/20250610/20250607031330/https://www.mod.go.jp/gsdf/wae/info/nyusatu/wa-fin/04/R501_404_yu_b3.pdf,pdf,gsdf_seibu,西部方面会計隊,陸上自衛隊,2023,2023,9
https://warp.ndl.go.jp/20250610/20250607031330/https://www.mod.go.jp/gsdf/wae/info/nyusatu/wa-fin/04/R501_404_yu_b4.pdf,pdf,gsdf_seibu,西部方面会計隊,陸上自衛隊,2023,2023,1
https://warp.ndl.go.jp/20250610/20250607031330/https://www.mod.go.jp/gsdf/wae/info/nyusatu/wa-fin/04/R501_gyo_b1.pdf,pdf,gsdf_seibu,西部方面会計隊,陸上自衛隊,2023,2023,2
https://warp.ndl.go.jp/20250610/20250607031330/https://www.mod.go.jp/gsdf/wae/info/nyusatu/wa-fin/04/R501_gyo_b3.pdf,pdf,gsdf_seibu,西部方面会計隊,陸上自衛隊,2023,2023,13
https://warp.ndl.go.jp/20250610/20250607031330/https://www.mod.go.jp/gsdf/wae/info/nyusatu/wa-fin/04/R501_hosp_ku_b1.pdf,pdf,gsdf_seibu,西部方面会計隊,陸上自衛隊,2023,2023,1
https://warp.ndl.go.jp/20250610/20250607031330/https://www.mod.go.jp/gsdf/wae/info/nyusatu/wa-fin/04/R501_hosp_ku_b3.pdf,pdf,gsdf_seibu,西部方面会計隊,陸上自衛隊,2023,2023,1
https://warp.ndl.go.jp/20250610/20250607031330/https://www.mod.go.jp/gsdf/wae/info/nyusatu/wa-fin/04/R501_hosp_na_b4.pdf,pdf,gsdf_seibu,西部方面会計隊,陸上自衛隊,2023,2023,1
https://warp.ndl.go.jp/20250610/20250607031330/https://www.mod.go.jp/gsdf/wae/info/nyusatu/wa-fin/04/R502_361_b3.pdf,pdf,gsdf_seibu,西部方面会計隊,陸上自衛隊,2023,2023,15
https://warp.ndl.go.jp/20250610/20250607031330/https://www.mod.go.jp/gsdf/wae/info/nyusatu/wa-fin/04/R502_361_b4.pdf,pdf,gsdf_seibu,西部方面会計隊,陸上自衛隊,2023,2023,1
https://warp.ndl.go.jp/20250610/20250607031330/https://www.mod.go.jp/gsdf/wae/info/nyusatu/wa-fin/04/R502_361_ku_b1.pdf,pdf,gsdf_seibu,西部方面会計隊,陸上自衛隊,2023,2023,1
https://warp.ndl.go.jp/20250610/20250607031330/https://www.mod.go.jp/gsdf/wae/info/nyusatu/wa-fin/04/R502_361_ku_b3.pdf,pdf,gsdf_seibu,西部方面会計隊,陸上自衛隊,2023,2023,4
https://warp.ndl.go.jp/20250610/20250607031330/https://www.mod.go.jp/gsdf/wae/info/nyusatu/wa-fin/04/R502_363_b3.pdf,pdf,gsdf_seibu,西部方面会計隊,陸上自衛隊,2023,2023,32
https://warp.ndl.go.jp/20250610/20250607031330/https://www.mod.go.jp/gsdf/wae/info/nyusatu/wa-fin/04/R502_363_b4.pdf,pdf,gsdf_seibu,西部方面会計隊,陸上自衛隊,2023,2023,2
https://warp.ndl.go.jp/20250610/20250607031330/https://www.mod.go.jp/gsdf/wae/info/nyusatu/wa-fin/04/R502_363_oo_b3.pdf,pdf,gsdf_seibu,西部方面会計隊,陸上自衛隊,2023,2023,7
https://warp.ndl.go.jp/20250610/20250607031330/https://www.mod.go.jp/gsdf/wae/info/nyusatu/wa-fin/04/R502_363ta_b3.pdf,pdf,gsdf_seibu,西部方面会計隊,陸上自衛隊,2023,2023,4
https://warp.ndl.go.jp/20250610/20250607031330/https://www.mod.go.jp/gsdf/wae/info/nyusatu/wa-fin/04/R502_364_b3.pdf,pdf,gsdf_seibu,西部方面会計隊,陸上自衛隊,2023,2023,2
https://warp.ndl.go.jp/20250610/20250607031330/https://www.mod.go.jp/gsdf/wae/info/nyusatu/wa-fin/04/R502_364_se_b3.pdf,pdf,gsdf_seibu,西部方面会計隊,陸上自衛隊,2023,2023,8
https://warp.ndl.go.jp/20250610/20250607031330/https://www.mod.go.jp/gsdf/wae/info/nyusatu/wa-fin/04/R502_366_b3.pdf,pdf,gsdf_seibu,西部方面会計隊,陸上自衛隊,2023,2023,4
https://warp.ndl.go.jp/20250610/20250607031330/https://www.mod.go.jp/gsdf/wae/info/nyusatu/wa-fin/04/R502_366_ii_b1.pdf,pdf,gsdf_seibu,西部方面会計隊,陸上自衛隊,2023,2023,1
https://warp.ndl.go.jp/20250610/20250607031330/https://www.mod.go.jp/gsdf/wae/info/nyusatu/wa-fin/04/R502_366_ii_b3.pdf,pdf,gsdf_seibu,西部方面会計隊,陸上自衛隊,2023,2023,5
https://warp.ndl.go.jp/20250610/20250607031330/https://www.mod.go.jp/gsdf/wae/info/nyusatu/wa-fin/04/R502_366_ii_b32.pdf,pdf,gsdf_seibu,西部方面会計隊,陸上自衛隊,2023,2023,4
https://warp.ndl.go.jp/20250610/20250607031330/https://www.mod.go.jp/gsdf/wae/info/nyusatu/wa-fin/04/R502_373_b1.pdf,pdf,gsdf_seibu,西部方面会計隊,陸上自衛隊,2023,2023,2
https://warp.ndl.go.jp/20250610/20250607031330/https://www.mod.go.jp/gsdf/wae/info/nyusatu/wa-fin/04/R502_373_b3.pdf,pdf,gsdf_seibu,西部方面会計隊,陸上自衛隊,2023,2023,6
https://warp.ndl.go.jp/20250610/20250607031330/https://www.mod.go.jp/gsdf/wae/info/nyusatu/wa-fin/04/R502_392_b3.pdf,pdf,gsdf_seibu,西部方面会計隊,陸上自衛隊,2023,2023,26
https://warp.ndl.go.jp/20250610/20250607031330/https://www.mod.go.jp/gsdf/wae/info/nyusatu/wa-fin/04/R502_404_ku_b3.pdf,pdf,gsdf_seibu,西部方面会計隊,陸上自衛隊,2023,2023,3
https://warp.ndl.go.jp/20250610/20250607031330/https://www.mod.go.jp/gsdf/wae/info/nyusatu/wa-fin/04/R502_404_yu_b3.pdf,pdf,gsdf_seibu,西部方面会計隊,陸上自衛隊,2023,2023,15
https://warp.ndl.go.jp/20250610/20250607031330/https://www.mod.go.jp/gsdf/wae/info/nyusatu/wa-fin/04/R502_436_b1.pdf,pdf,gsdf_seibu,西部方面会計隊,陸上自衛隊,2023,2023,1
https://warp.ndl.go.jp/20250610/20250607031330/https://www.mod.go.jp/gsdf/wae/info/nyusatu/wa-fin/04/R502_436_b3.pdf,pdf,gsdf_seibu,西部方面会計隊,陸上自衛隊,2023,2023,8
https://warp.ndl.go.jp/20250610/20250607031330/https://www.mod.go.jp/gsdf/wae/info/nyusatu/wa-fin/04/R502_gyo_b3.pdf,pdf,gsdf_seibu,西部方面会計隊,陸上自衛隊,2023,2023,35
https://warp.ndl.go.jp/20250610/20250607031330/https://www.mod.go.jp/gsdf/wae/info/nyusatu/wa-fin/04/R502_hosp_fu_b3.pdf,pdf,gsdf_seibu,西部方面会計隊,陸上自衛隊,2023,2023,6
https://warp.ndl.go.jp/20250610/20250607031330/https://www.mod.go.jp/gsdf/wae/info/nyusatu/wa-fin/04/R502_hosp_fu_b4.pdf,pdf,gsdf_seibu,西部方面会計隊,陸上自衛隊,2023,2023,1
https://warp.ndl.go.jp/20250610/20250607031330/https://www.mod.go.jp/gsdf/wae/info/nyusatu/wa-fin/04/R502_hosp_ku_b3.pdf,pdf,gsdf_seibu,西部方面会計隊,陸上自衛隊,2023,2023,4
https://warp.ndl.go.jp/20250610/20250607031330/https://www.mod.go.jp/gsdf/wae/info/nyusatu/wa-fin/04/R503_361_b3.pdf,pdf,gsdf_seibu,西部方面会計隊,陸上自衛隊,2023,2023,7
https://warp.ndl.go.jp/20250610/20250607031330/https://www.mod.go.jp/gsdf/wae/info/nyusatu/wa-fin/04/R503_361_ku_b3.pdf,pdf,gsdf_seibu,西部方面会計隊,陸上自衛隊,2023,2023,2
https://warp.ndl.go.jp/20250610/20250607031330/https://www.mod.go.jp/gsdf/wae/info/nyusatu/wa-fin/04/R503_363_b3.pdf,pdf,gsdf_seibu,西部方面会計隊,陸上自衛隊,2023,2023,20
https://warp.ndl.go.jp/20250610/20250607031330/https://www.mod.go.jp/gsdf/wae/info/nyusatu/wa-fin/04/R503_363_b4.pdf,pdf,gsdf_seibu,西部方面会計隊,陸上自衛隊,2023,2023,1
https://warp.ndl.go.jp/20250610/20250607031330/https://www.mod.go.jp/gsdf/wae/info/nyusatu/wa-fin/04/R503_364_b3.pdf,pdf,gsdf_seibu,西部方面会計隊,陸上自衛隊,2023,2023,2
https://warp.ndl.go.jp/20250610/20250607031330/https://www.mod.go.jp/gsdf/wae/info/nyusatu/wa-fin/04/R503_364_se_b3.pdf,pdf,gsdf_seibu,西部方面会計隊,陸上自衛隊,2023,2023,5
https://warp.ndl.go.jp/20250610/20250607031330/https://www.mod.go.jp/gsdf/wae/info/nyusatu/wa-fin/04/R503_366_b3.pdf,pdf,gsdf_seibu,西部方面会計隊,陸上自衛隊,2023,2023,14
https://warp.ndl.go.jp/20250610/20250607031330/https://www.mod.go.jp/gsdf/wae/info/nyusatu/wa-fin/04/R503_366_b4.pdf,pdf,gsdf_seibu,西部方面会計隊,陸上自衛隊,2023,2023,1
https://warp.ndl.go.jp/20250610/20250607031330/https://www.mod.go.jp/gsdf/wae/info/nyusatu/wa-fin/04/R503_366_ii_b3.pdf,pdf,gsdf_seibu,西部方面会計隊,陸上自衛隊,2023,2023,4
https://warp.ndl.go.jp/20250610/20250607031330/https://www.mod.go.jp/gsdf/wae/info/nyusatu/wa-fin/04/R503_392_b3.pdf,pdf,gsdf_seibu,西部方面会計隊,陸上自衛隊,2023,2023,25
https://warp.ndl.go.jp/20250610/20250607031330/https://www.mod.go.jp/gsdf/wae/info/nyusatu/wa-fin/04/R503_404_ku_b3.pdf,pdf,gsdf_seibu,西部方面会計隊,陸上自衛隊,2023,2023,4
https://warp.ndl.go.jp/20250610/20250607031330/https://www.mod.go.jp/gsdf/wae/info/nyusatu/wa-fin/04/R503_404_yu_b3.pdf,pdf,gsdf_seibu,西部方面会計隊,陸上自衛隊,2023,2023,8
https://warp.ndl.go.jp/20250610/20250607031330/https://www.mod.go.jp/gsdf/wae/info/nyusatu/wa-fin/04/R503_436_b1.pdf,pdf,gsdf_seibu,西部方面会計隊,陸上自衛隊,2023,2023,1
https://warp.ndl.go.jp/20250610/20250607031330/https://www.mod.go.jp/gsdf/wae/info/nyusatu/wa-fin/04/R503_436_b3.pdf,pdf,gsdf_seibu,西部方面会計隊,陸上自衛隊,2023,2023,5
https://warp.ndl.go.jp/20250610/20250607031330/https://www.mod.go.jp/gsdf/wae/info/nyusatu/wa-fin/04/R503_gyo_b3.pdf,pdf,gsdf_seibu,西部方面会計隊,陸上自衛隊,2023,2023,21
https://warp.ndl.go.jp/20250610/20250607031330/https://www.mod.go.jp/gsdf/wae/info/nyusatu/wa-fin/04/R503_hosp_fu_b4.pdf,pdf,gsdf_seibu,西部方面会計隊,陸上自衛隊,2023,2023,1
https://warp.ndl.go.jp/20250610/20250607031330/https://www.mod.go.jp/gsdf/wae/info/nyusatu/wa-fin/04/R503_hosp_na_b4.pdf,pdf,gsdf_seibu,西部方面会計隊,陸上自衛隊,2023,2023,2
https://warp.ndl.go.jp/20250610/20250607031330/https://www.mod.go.jp/gsdf/wae/info/nyusatu/wa-fin/04/R504_361_b3.pdf,pdf,gsdf_seibu,西部方面会計隊,陸上自衛隊,2024,2024,10
https://warp.ndl.go.jp/20250610/20250607031330/https://www.mod.go.jp/gsdf/wae/info/nyusatu/wa-fin/04/R511_361_b3.pdf,pdf,gsdf_seibu,西部方面会計隊,陸上自衛隊,2023,2023,8
https://warp.ndl.go.jp/20250610/20250607031330/https://www.mod.go.jp/gsdf/wae/info/nyusatu/wa-fin/04/R511_361_ku_b1.pdf,pdf,gsdf_seibu,西部方面会計隊,陸上自衛隊,2023,2023,1
https://warp.ndl.go.jp/20250610/20250607031330/https://www.mod.go.jp/gsdf/wae/info/nyusatu/wa-fin/04/R511_363_b1.pdf,pdf,gsdf_seibu,西部方面会計隊,陸上自衛隊,2023,2023,2
https://warp.ndl.go.jp/20250610/20250607031330/https://www.mod.go.jp/gsdf/wae/info/nyusatu/wa-fin/04/R511_363_b3.pdf,pdf,gsdf_seibu,西部方面会計隊,陸上自衛隊,2023,2023,4
https://warp.ndl.go.jp/20250610/20250607031330/https://www.mod.go.jp/gsdf/wae/info/nyusatu/wa-fin/04/R511_363_oo_b1.pdf,pdf,gsdf_seibu,西部方面会計隊,陸上自衛隊,2023,2023,1
https://warp.ndl.go.jp/20250610/20250607031330/https://www.mod.go.jp/gsdf/wae/info/nyusatu/wa-fin/04/R511_363_oo_b3.pdf,pdf,gsdf_seibu,西部方面会計隊,陸上自衛隊,2023,2023,1
https://warp.ndl.go.jp/20250610/20250607031330/https://www.mod.go.jp/gsdf/wae/info/nyusatu/wa-fin/04/R511_364_b3.pdf,pdf,gsdf_seibu,西部方面会計隊,陸上自衛隊,2023,2023,3
https://warp.ndl.go.jp/20250610/20250607031330/https://www.mod.go.jp/gsdf/wae/info/nyusatu/wa-fin/04/R511_364_b4.pdf,pdf,gsdf_seibu,西部方面会計隊,陸上自衛隊,2023,2023,1
https://warp.ndl.go.jp/20250610/20250607031330/https://www.mod.go.jp/gsdf/wae/info/nyusatu/wa-fin/04/R511_364_se_b3.pdf,pdf,gsdf_seibu,西部方面会計隊,陸上自衛隊,2023,2023,2
https://warp.ndl.go.jp/20250610/20250607031330/https://www.mod.go.jp/gsdf/wae/info/nyusatu/wa-fin/04/R511_366_b3.pdf,pdf,gsdf_seibu,西部方面会計隊,陸上自衛隊,2023,2023,1
https://warp.ndl.go.jp/20250610/20250607031330/https://www.mod.go.jp/gsdf/wae/info/nyusatu/wa-fin/04/R511_373_b1.pdf,pdf,gsdf_seibu,西部方面会計隊,陸上自衛隊,2023,2023,3
https://warp.ndl.go.jp/20250610/20250607031330/https://www.mod.go.jp/gsdf/wae/info/nyusatu/wa-fin/04/R511_373_b3.pdf,pdf,gsdf_seibu,西部方面会計隊,陸上自衛隊,2023,2023,2
https://warp.ndl.go.jp/20250610/20250607031330/https://www.mod.go.jp/gsdf/wae/info/nyusatu/wa-fin/04/R511_392_b1.pdf,pdf,gsdf_seibu,西部方面会計隊,陸上自衛隊,2023,2023,1
https://warp.ndl.go.jp/20250610/20250607031330/https://www.mod.go.jp/gsdf/wae/info/nyusatu/wa-fin/04/R511_392_b3.pdf,pdf,gsdf_seibu,西部方面会計隊,陸上自衛隊,2023,2023,7
https://warp.ndl.go.jp/20250610/20250607031330/https://www.mod.go.jp/gsdf/wae/info/nyusatu/wa-fin/04/R511_404_b3.pdf,pdf,gsdf_seibu,西部方面会計隊,陸上自衛隊,2023,2023,1
https://warp.ndl.go.jp/20250610/20250607031330/https://www.mod.go.jp/gsdf/wae/info/nyusatu/wa-fin/04/R511_404_yu_b1.pdf,pdf,gsdf_seibu,西部方面会計隊,陸上自衛隊,2023,2023,2
https://warp.ndl.go.jp/20250610/20250607031330/https://www.mod.go.jp/gsdf/wae/info/nyusatu/wa-fin/04/R511_404_yu_b3.pdf,pdf,gsdf_seibu,西部方面会計隊,陸上自衛隊,2023,2023,1
https://warp.ndl.go.jp/20250610/20250607031330/https://www.mod.go.jp/gsdf/wae/info/nyusatu/wa-fin/04/R511_430_b1.pdf,pdf,gsdf_seibu,西部方面会計隊,陸上自衛隊,2023,2023,3
https://warp.ndl.go.jp/20250610/20250607031330/https://www.mod.go.jp/gsdf/wae/info/nyusatu/wa-fin/04/R511_430_b3.pdf,pdf,gsdf_seibu,西部方面会計隊,陸上自衛隊,2023,2023,5
https://warp.ndl.go.jp/20250610/20250607031330/https://www.mod.go.jp/gsdf/wae/info/nyusatu/wa-fin/04/R511_436_b1.pdf,pdf,gsdf_seibu,西部方面会計隊,陸上自衛隊,2023,2023,1
https://warp.ndl.go.jp/20250610/20250607031330/https://www.mod.go.jp/gsdf/wae/info/nyusatu/wa-fin/04/R511_436_b3.pdf,pdf,gsdf_seibu,西部方面会計隊,陸上自衛隊,2023,2023,1
https://warp.ndl.go.jp/20250610/20250607031330/https://www.mod.go.jp/gsdf/wae/info/nyusatu/wa-fin/04/R511_436_b4.pdf,pdf,gsdf_seibu,西部方面会計隊,陸上自衛隊,2023,2023,2
https://warp.ndl.go.jp/20250610/20250607031330/https://www.mod.go.jp/gsdf/wae/info/nyusatu/wa-fin/04/R511_442_b1.pdf,pdf,gsdf_seibu,西部方面会計隊,陸上自衛隊,2023,2023,1
https://warp.ndl.go.jp/20250610/20250607031330/https://www.mod.go.jp/gsdf/wae/info/nyusatu/wa-fin/04/R511_442_b3.pdf,pdf,gsdf_seibu,西部方面会計隊,陸上自衛隊,2023,2023,3
https://warp.ndl.go.jp/20250610/20250607031330/https://www.mod.go.jp/gsdf/wae/info/nyusatu/wa-fin/04/R511_444_b3.pdf,pdf,gsdf_seibu,西部方面会計隊,陸上自衛隊,2023,2023,2
https://warp.ndl.go.jp/20250610/20250607031330/https://www.mod.go.jp/gsdf/wae/info/nyusatu/wa-fin/04/R511_gyo_b3.pdf,pdf,gsdf_seibu,西部方面会計隊,陸上自衛隊,2023,2023,10
https://warp.ndl.go.jp/20250610/20250607031330/https://www.mod.go.jp/gsdf/wae/info/nyusatu/wa-fin/04/R511_gyo_b4.pdf,pdf,gsdf_seibu,西部方面会計隊,陸上自衛隊,2023,2023,1
https://warp.ndl.go.jp/20250610/20250607031330/https://www.mod.go.jp/gsdf/wae/info/nyusatu/wa-fin/04/R511_hosp_na_b3.pdf,pdf,gsdf_seibu,西部方面会計隊,陸上自衛隊,2023,2023,1
https://warp.ndl.go.jp/20250610/20250607031330/https://www.mod.go.jp/gsdf/wae/info/nyusatu/wa-fin/04/R512_361_b1.pdf,pdf,gsdf_seibu,西部方面会計隊,陸上自衛隊,2023,2023,1
https://warp.ndl.go.jp/20250610/20250607031330/https://www.mod.go.jp/gsdf/wae/info/nyusatu/wa-fin/04/R512_361_b3.pdf,pdf,gsdf_seibu,西部方面会計隊,陸上自衛隊,2023,2023,1
https://warp.ndl.go.jp/20250610/20250607031330/https://www.mod.go.jp/gsdf/wae/info/nyusatu/wa-fin/04/R512_361_ku_b1.pdf,pdf,gsdf_seibu,西部方面会計隊,陸上自衛隊,2023,2023,1
https://warp.ndl.go.jp/20250610/20250607031330/https://www.mod.go.jp/gsdf/wae/info/nyusatu/wa-fin/04/R512_361_ku_b3.pdf,pdf,gsdf_seibu,西部方面会計隊,陸上自衛隊,2023,2023,3
https://warp.ndl.go.jp/20250610/20250607031330/https://www.mod.go.jp/gsdf/wae/info/nyusatu/wa-fin/04/R512_363_b3.pdf,pdf,gsdf_seibu,西部方面会計隊,陸上自衛隊,2023,2023,11
https://warp.ndl.go.jp/20250610/20250607031330/https://www.mod.go.jp/gsdf/wae/info/nyusatu/wa-fin/04/R512_363_oo_b1.pdf,pdf,gsdf_seibu,西部方面会計隊,陸上自衛隊,2023,2023,2
https://warp.ndl.go.jp/20250610/20250607031330/https://www.mod.go.jp/gsdf/wae/info/nyusatu/wa-fin/04/R512_363ta_b1.pdf,pdf,gsdf_seibu,西部方面会計隊,陸上自衛隊,2023,2023,1
https://warp.ndl.go.jp/20250610/20250607031330/https://www.mod.go.jp/gsdf/wae/info/nyusatu/wa-fin/04/R512_364_b1_.pdf,pdf,gsdf_seibu,西部方面会計隊,陸上自衛隊,2023,2023,1
https://warp.ndl.go.jp/20250610/20250607031330/https://www.mod.go.jp/gsdf/wae/info/nyusatu/wa-fin/04/R512_364_b3.pdf,pdf,gsdf_seibu,西部方面会計隊,陸上自衛隊,2023,2023,4
https://warp.ndl.go.jp/20250610/20250607031330/https://www.mod.go.jp/gsdf/wae/info/nyusatu/wa-fin/04/R512_392_b1.pdf,pdf,gsdf_seibu,西部方面会計隊,陸上自衛隊,2023,2023,1
https://warp.ndl.go.jp/20250610/20250607031330/https://www.mod.go.jp/gsdf/wae/info/nyusatu/wa-fin/04/R512_392_b3.pdf,pdf,gsdf_seibu,西部方面会計隊,陸上自衛隊,2023,2023,4
https://warp.ndl.go.jp/20250610/20250607031330/https://www.mod.go.jp/gsdf/wae/info/nyusatu/wa-fin/04/R512_404_b3.pdf,pdf,gsdf_seibu,西部方面会計隊,陸上自衛隊,2023,2023,7
https://warp.ndl.go.jp/20250610/20250607031330/https://www.mod.go.jp/gsdf/wae/info/nyusatu/wa-fin/04/R512_404_yu_b1.pdf,pdf,gsdf_seibu,西部方面会計隊,陸上自衛隊,2023,2023,2
https://warp.ndl.go.jp/20250610/20250607031330/https://www.mod.go.jp/gsdf/wae/info/nyusatu/wa-fin/04/R512_404_yu_b3.pdf,pdf,gsdf_seibu,西部方面会計隊,陸上自衛隊,2023,2023,9
https://warp.ndl.go.jp/20250610/20250607031330/https://www.mod.go.jp/gsdf/wae/info/nyusatu/wa-fin/04/R512_436_b3.pdf,pdf,gsdf_seibu,西部方面会計隊,陸上自衛隊,2023,2023,1
https://warp.ndl.go.jp/20250610/20250607031330/https://www.mod.go.jp/gsdf/wae/info/nyusatu/wa-fin/04/R512_442_b3.pdf,pdf,gsdf_seibu,西部方面会計隊,陸上自衛隊,2023,2023,6
https://warp.ndl.go.jp/20250610/20250607031330/https://www.mod.go.jp/gsdf/wae/info/nyusatu/wa-fin/04/R512_442_b4.pdf,pdf,gsdf_seibu,西部方面会計隊,陸上自衛隊,2023,2023,1
https://warp.ndl.go.jp/20250610/20250607031330/https://www.mod.go.jp/gsdf/wae/info/nyusatu/wa-fin/04/R512_444_b3.pdf,pdf,gsdf_seibu,西部方面会計隊,陸上自衛隊,2023,2023,10
https://warp.ndl.go.jp/20250610/20250607031330/https://www.mod.go.jp/gsdf/wae/info/nyusatu/wa-fin/04/R512_gyo_b1.pdf,pdf,gsdf_seibu,西部方面会計隊,陸上自衛隊,2023,2023,2
https://warp.ndl.go.jp/20250610/20250607031330/https://www.mod.go.jp/gsdf/wae/info/nyusatu/wa-fin/04/R512_gyo_b3.pdf,pdf,gsdf_seibu,西部方面会計隊,陸上自衛隊,2023,2023,11
https://warp.ndl.go.jp/20250610/20250607031330/https://www.mod.go.jp/gsdf/wae/info/nyusatu/wa-fin/04/R512_hosp_ku_b1.pdf,pdf,gsdf_seibu,西部方面会計隊,陸上自衛隊,2023,2023,2
https://warp.ndl.go.jp/20250610/20250607031330/https://www.mod.go.jp/gsdf/wae/info/nyusatu/wa-fin/04/R512_hosp_ku_b3.pdf,pdf,gsdf_seibu,西部方面会計隊,陸上自衛隊,2023,2023,1
https://warp.ndl.go.jp/20250610/20250607031330/https://www.mod.go.jp/gsdf/wae/info/nyusatu/wa-fin/04/R512_hosp_na_b3.pdf,pdf,gsdf_seibu,西部方面会計隊,陸上自衛隊,2023,2023,2
https://warp.ndl.go.jp/20250610/20250607031330/https://www.mod.go.jp/gsdf/wae/info/nyusatu/wa-fin/04/R601_361_b1.pdf,pdf,gsdf_seibu,西部方面会計隊,陸上自衛隊,2024,2024,2
https://warp.ndl.go.jp/20250610/20250607031330/https://www.mod.go.jp/gsdf/wae/info/nyusatu/wa-fin/04/R601_404_yu_b4.pdf,pdf,gsdf_seibu,西部方面会計隊,陸上自衛隊,2024,2024,1
https://warp.ndl.go.jp/20250610/20250607031330/https://www.mod.go.jp/gsdf/wae/info/nyusatu/wa-fin/04/R601_430_b1.pdf,pdf,gsdf_seibu,西部方面会計隊,陸上自衛隊,2023,2023,1
https://warp.ndl.go.jp/20250610/20250607031330/https://www.mod.go.jp/gsdf/wae/info/nyusatu/wa-fin/04/R601_430_b3.pdf,pdf,gsdf_seibu,西部方面会計隊,陸上自衛隊,2024,2024,16
https://warp.ndl.go.jp/20250610/20250607031330/https://www.mod.go.jp/gsdf/wae/info/nyusatu/wa-fin/04/R601_430_b4.pdf,pdf,gsdf_seibu,西部方面会計隊,陸上自衛隊,2023,2023,1
https://warp.ndl.go.jp/20250610/20250607031330/https://www.mod.go.jp/gsdf/wae/info/nyusatu/wa-fin/04/R601_442_b3.pdf,pdf,gsdf_seibu,西部方面会計隊,陸上自衛隊,2023,2023,4
https://warp.ndl.go.jp/20250610/20250607031330/https://www.mod.go.jp/gsdf/wae/info/nyusatu/wa-fin/04/R601_444_b3.pdf,pdf,gsdf_seibu,西部方面会計隊,陸上自衛隊,2023,2023,3
https://warp.ndl.go.jp/20250610/20250607031330/https://www.mod.go.jp/gsdf/wae/info/nyusatu/wa-fin/04/R601_hosp_na_b4.pdf,pdf,gsdf_seibu,西部方面会計隊,陸上自衛隊,2024,2024,2
https://warp.ndl.go.jp/20250610/20250607031330/https://www.mod.go.jp/gsdf/wae/info/nyusatu/wa-fin/04/R601_pco_ka_b3.pdf,pdf,gsdf_seibu,西部方面会計隊,陸上自衛隊,2024,2024,2
https://warp.ndl.go.jp/20250610/20250607031330/https://www.mod.go.jp/gsdf/wae/info/nyusatu/wa-fin/04/R602_430_b1.pdf,pdf,gsdf_seibu,西部方面会計隊,陸上自衛隊,2023,2023,2
https://warp.ndl.go.jp/20250610/20250607031330/https://www.mod.go.jp/gsdf/wae/info/nyusatu/wa-fin/04/R602_430_b3.pdf,pdf,gsdf_seibu,西部方面会計隊,陸上自衛隊,2023,2023,25
https://warp.ndl.go.jp/20250610/20250607031330/https://www.mod.go.jp/gsdf/wae/info/nyusatu/wa-fin/04/R602_442_b3.pdf,pdf,gsdf_seibu,西部方面会計隊,陸上自衛隊,2023,2023,12
https://warp.ndl.go.jp/20250610/20250607031330/https://www.mod.go.jp/gsdf/wae/info/nyusatu/wa-fin/04/R602_442_b4.pdf,pdf,gsdf_seibu,西部方面会計隊,陸上自衛隊,2023,2023,1
https://warp.ndl.go.jp/20250610/20250607031330/https://www.mod.go.jp/gsdf/wae/info/nyusatu/wa-fin/04/R602_444_b1.pdf,pdf,gsdf_seibu,西部方面会計隊,陸上自衛隊,2023,2023,1
https://warp.ndl.go.jp/20250610/20250607031330/https://www.mod.go.jp/gsdf/wae/info/nyusatu/wa-fin/04/R602_444_b3.pdf,pdf,gsdf_seibu,西部方面会計隊,陸上自衛隊,2023,2023,19
https://warp.ndl.go.jp/20250610/20250607031330/https://www.mod.go.jp/gsdf/wae/info/nyusatu/wa-fin/04/R602_hosp_fu_b4.pdf,pdf,gsdf_seibu,西部方面会計隊,陸上自衛隊,2024,2024,3
https://warp.ndl.go.jp/20250610/20250607031330/https://www.mod.go.jp/gsdf/wae/info/nyusatu/wa-fin/04/R602_hosp_na_b4.pdf,pdf,gsdf_seibu,西部方面会計隊,陸上自衛隊,2024,2024,3
https://warp.ndl.go.jp/20250610/20250607031330/https://www.mod.go.jp/gsdf/wae/info/nyusatu/wa-fin/04/R602_pco_ku_b3.pdf,pdf,gsdf_seibu,西部方面会計隊,陸上自衛隊,2023,2023,2
https://warp.ndl.go.jp/20250610/20250607031330/https://www.mod.go.jp/gsdf/wae/info/nyusatu/wa-fin/04/R603_363_oo_b3.pdf,pdf,gsdf_seibu,西部方面会計隊,陸上自衛隊,2023,2023,6
https://warp.ndl.go.jp/20250610/20250607031330/https://www.mod.go.jp/gsdf/wae/info/nyusatu/wa-fin/04/R603_430_b3.pdf,pdf,gsdf_seibu,西部方面会計隊,陸上自衛隊,2023,2023,16
https://warp.ndl.go.jp/20250610/20250607031330/https://www.mod.go.jp/gsdf/wae/info/nyusatu/wa-fin/04/R603_430_b4.pdf,pdf,gsdf_seibu,西部方面会計隊,陸上自衛隊,2023,2023,2
https://warp.ndl.go.jp/20250610/20250607031330/https://www.mod.go.jp/gsdf/wae/info/nyusatu/wa-fin/04/R603_444_b3.pdf,pdf,gsdf_seibu,西部方面会計隊,陸上自衛隊,2023,2023,3
https://warp.ndl.go.jp/20250610/20250607031330/https://www.mod.go.jp/gsdf/wae/info/nyusatu/wa-fin/04/R603_pco_ku_b3.pdf,pdf,gsdf_seibu,西部方面会計隊,陸上自衛隊,2024,2024,1
https://warp.ndl.go.jp/20250610/20250607031330/https://www.mod.go.jp/gsdf/wae/info/nyusatu/wa-fin/04/R604_361_ku_b3.pdf,pdf,gsdf_seibu,西部方面会計隊,陸上自衛隊,2024,2024,6
https://warp.ndl.go.jp/20250610/20250607031330/https://www.mod.go.jp/gsdf/wae/info/nyusatu/wa-fin/04/R604_361_ku_b4.pdf,pdf,gsdf_seibu,西部方面会計隊,陸上自衛隊,2024,2024,3
https://warp.ndl.go.jp/20250610/20250607031330/https://www.mod.go.jp/gsdf/wae/info/nyusatu/wa-fin/04/R604_363_b3.pdf,pdf,gsdf_seibu,西部方面会計隊,陸上自衛隊,2024,2024,9
https://warp.ndl.go.jp/20250610/20250607031330/https://www.mod.go.jp/gsdf/wae/info/nyusatu/wa-fin/04/R604_363_b4.pdf,pdf,gsdf_seibu,西部方面会計隊,陸上自衛隊,2024,2024,9
https://warp.ndl.go.jp/20250610/20250607031330/https://www.mod.go.jp/gsdf/wae/info/nyusatu/wa-fin/04/R604_363_oo_b3.pdf,pdf,gsdf_seibu,西部方面会計隊,陸上自衛隊,2024,2024,3
https://warp.ndl.go.jp/20250610/20250607031330/https://www.mod.go.jp/gsdf/wae/info/nyusatu/wa-fin/04/R604_363_oo_b4.pdf,pdf,gsdf_seibu,西部方面会計隊,陸上自衛隊,2024,2024,1
https://warp.ndl.go.jp/20250610/20250607031330/https://www.mod.go.jp/gsdf/wae/info/nyusatu/wa-fin/04/R604_363ta_b3.pdf,pdf,gsdf_seibu,西部方面会計隊,陸上自衛隊,2024,2024,1
https://warp.ndl.go.jp/20250610/20250607031330/https://www.mod.go.jp/gsdf/wae/info/nyusatu/wa-fin/04/R604_363ta_b4.pdf,pdf,gsdf_seibu,西部方面会計隊,陸上自衛隊,2024,2024,4
https://warp.ndl.go.jp/20250610/20250607031330/https://www.mod.go.jp/gsdf/wae/info/nyusatu/wa-fin/04/R604_364_b3.pdf,pdf,gsdf_seibu,西部方面会計隊,陸上自衛隊,2024,2024,6
https://warp.ndl.go.jp/20250610/20250607031330/https://www.mod.go.jp/gsdf/wae/info/nyusatu/wa-fin/04/R604_364_b4.pdf,pdf,gsdf_seibu,西部方面会計隊,陸上自衛隊,2024,2024,3
https://warp.ndl.go.jp/20250610/20250607031330/https://www.mod.go.jp/gsdf/wae/info/nyusatu/wa-fin/04/R604_364_se_b3.pdf,pdf,gsdf_seibu,西部方面会計隊,陸上自衛隊,2024,2024,3
https://warp.ndl.go.jp/20250610/20250607031330/https://www.mod.go.jp/gsdf/wae/info/nyusatu/wa-fin/04/R604_364_se_b4.pdf,pdf,gsdf_seibu,西部方面会計隊,陸上自衛隊,2024,2024,2
https://warp.ndl.go.jp/20250610/20250607031330/https://www.mod.go.jp/gsdf/wae/info/nyusatu/wa-fin/04/R604_366_b3.pdf,pdf,gsdf_seibu,西部方面会計隊,陸上自衛隊,2024,2024,15
https://warp.ndl.go.jp/20250610/20250607031330/https://www.mod.go.jp/gsdf/wae/info/nyusatu/wa-fin/04/R604_366_b4.pdf,pdf,gsdf_seibu,西部方面会計隊,陸上自衛隊,2024,2024,7
https://warp.ndl.go.jp/20250610/20250607031330/https://www.mod.go.jp/gsdf/wae/info/nyusatu/wa-fin/04/R604_366_ii_b3.pdf,pdf,gsdf_seibu,西部方面会計隊,陸上自衛隊,2024,2024,3
https://warp.ndl.go.jp/20250610/20250607031330/https://www.mod.go.jp/gsdf/wae/info/nyusatu/wa-fin/04/R604_373_b3.pdf,pdf,gsdf_seibu,西部方面会計隊,陸上自衛隊,2024,2024,6
https://warp.ndl.go.jp/20250610/20250607031330/https://www.mod.go.jp/gsdf/wae/info/nyusatu/wa-fin/04/R604_373_b4.pdf,pdf,gsdf_seibu,西部方面会計隊,陸上自衛隊,2024,2024,4
https://warp.ndl.go.jp/20250610/20250607031330/https://www.mod.go.jp/gsdf/wae/info/nyusatu/wa-fin/04/R604_392_b1.pdf,pdf,gsdf_seibu,西部方面会計隊,陸上自衛隊,2024,2024,1
https://warp.ndl.go.jp/20250610/20250607031330/https://www.mod.go.jp/gsdf/wae/info/nyusatu/wa-fin/04/R604_392_b3.pdf,pdf,gsdf_seibu,西部方面会計隊,陸上自衛隊,2024,2024,12
https://warp.ndl.go.jp/20250610/20250607031330/https://www.mod.go.jp/gsdf/wae/info/nyusatu/wa-fin/04/R604_392_b4.pdf,pdf,gsdf_seibu,西部方面会計隊,陸上自衛隊,2024,2024,4
https://warp.ndl.go.jp/20250610/20250607031330/https://www.mod.go.jp/gsdf/wae/info/nyusatu/wa-fin/04/R604_404_b3.pdf,pdf,gsdf_seibu,西部方面会計隊,陸上自衛隊,2024,2024,2
https://warp.ndl.go.jp/20250610/20250607031330/https://www.mod.go.jp/gsdf/wae/info/nyusatu/wa-fin/04/R604_404_ku_b3.pdf,pdf,gsdf_seibu,西部方面会計隊,陸上自衛隊,2024,2024,3
https://warp.ndl.go.jp/20250610/20250607031330/https://www.mod.go.jp/gsdf/wae/info/nyusatu/wa-fin/04/R604_404_ku_b4.pdf,pdf,gsdf_seibu,西部方面会計隊,陸上自衛隊,2024,2024,1
https://warp.ndl.go.jp/20250610/20250607031330/https://www.mod.go.jp/gsdf/wae/info/nyusatu/wa-fin/04/R604_404_yu_b3.pdf,pdf,gsdf_seibu,西部方面会計隊,陸上自衛隊,2024,2024,7
https://warp.ndl.go.jp/20250610/20250607031330/https://www.mod.go.jp/gsdf/wae/info/nyusatu/wa-fin/04/R604_430_b3.pdf,pdf,gsdf_seibu,西部方面会計隊,陸上自衛隊,2024,2024,8
https://warp.ndl.go.jp/20250610/20250607031330/https://www.mod.go.jp/gsdf/wae/info/nyusatu/wa-fin/04/R604_430_b4.pdf,pdf,gsdf_seibu,西部方面会計隊,陸上自衛隊,2024,2024,7
https://warp.ndl.go.jp/20250610/20250607031330/https://www.mod.go.jp/gsdf/wae/info/nyusatu/wa-fin/04/R604_436_b3.pdf,pdf,gsdf_seibu,西部方面会計隊,陸上自衛隊,2024,2024,5
https://warp.ndl.go.jp/20250610/20250607031330/https://www.mod.go.jp/gsdf/wae/info/nyusatu/wa-fin/04/R604_436_b4.pdf,pdf,gsdf_seibu,西部方面会計隊,陸上自衛隊,2024,2024,2
https://warp.ndl.go.jp/20250610/20250607031330/https://www.mod.go.jp/gsdf/wae/info/nyusatu/wa-fin/04/R604_442_b1.pdf,pdf,gsdf_seibu,西部方面会計隊,陸上自衛隊,2024,2024,4
https://warp.ndl.go.jp/20250610/20250607031330/https://www.mod.go.jp/gsdf/wae/info/nyusatu/wa-fin/04/R604_442_b3.pdf,pdf,gsdf_seibu,西部方面会計隊,陸上自衛隊,2024,2024,4
https://warp.ndl.go.jp/20250610/20250607031330/https://www.mod.go.jp/gsdf/wae/info/nyusatu/wa-fin/04/R604_442_b4.pdf,pdf,gsdf_seibu,西部方面会計隊,陸上自衛隊,2024,2024,2
https://warp.ndl.go.jp/20250610/20250607031330/https://www.mod.go.jp/gsdf/wae/info/nyusatu/wa-fin/04/R604_444_b3.pdf,pdf,gsdf_seibu,西部方面会計隊,陸上自衛隊,2024,2024,13
https://warp.ndl.go.jp/20250610/20250607031330/https://www.mod.go.jp/gsdf/wae/info/nyusatu/wa-fin/04/R604_444_b4.pdf,pdf,gsdf_seibu,西部方面会計隊,陸上自衛隊,2024,2024,3
https://warp.ndl.go.jp/20250610/20250607031330/https://www.mod.go.jp/gsdf/wae/info/nyusatu/wa-fin/04/R604_gyo_b3.pdf,pdf,gsdf_seibu,西部方面会計隊,陸上自衛隊,2024,2024,16
https://warp.ndl.go.jp/20250610/20250607031330/https://www.mod.go.jp/gsdf/wae/info/nyusatu/wa-fin/04/R604_hosp_fu_b3.pdf,pdf,gsdf_seibu,西部方面会計隊,陸上自衛隊,2024,2024,24
https://warp.ndl.go.jp/20250610/20250607031330/https://www.mod.go.jp/gsdf/wae/info/nyusatu/wa-fin/04/R604_hosp_fu_b4.pdf,pdf,gsdf_seibu,西部方面会計隊,陸上自衛隊,2024,2024,9
https://warp.ndl.go.jp/20250610/20250607031330/https://www.mod.go.jp/gsdf/wae/info/nyusatu/wa-fin/04/R604_hosp_ku_b3.pdf,pdf,gsdf_seibu,西部方面会計隊,陸上自衛隊,2024,2024,20
https://warp.ndl.go.jp/20250610/20250607031330/https://www.mod.go.jp/gsdf/wae/info/nyusatu/wa-fin/04/R604_hosp_ku_b4.pdf,pdf,gsdf_seibu,西部方面会計隊,陸上自衛隊,2024,2024,6
https://warp.ndl.go.jp/20250610/20250607031330/https://www.mod.go.jp/gsdf/wae/info/nyusatu/wa-fin/04/R604_hosp_na_b3.pdf,pdf,gsdf_seibu,西部方面会計隊,陸上自衛隊,2024,2024,2
https://warp.ndl.go.jp/20250610/20250607031330/https://www.mod.go.jp/gsdf/wae/info/nyusatu/wa-fin/04/R604_hosp_na_b4.pdf,pdf,gsdf_seibu,西部方面会計隊,陸上自衛隊,2024,2024,4
https://warp.ndl.go.jp/20250610/20250607031330/https://www.mod.go.jp/gsdf/wae/info/nyusatu/wa-fin/04/R604_pco_ka_b3.pdf,pdf,gsdf_seibu,西部方面会計隊,陸上自衛隊,2024,2024,1
https://warp.ndl.go.jp/20250610/20250607031330/https://www.mod.go.jp/gsdf/wae/info/nyusatu/wa-fin/04/R604_pco_ku_b4.pdf,pdf,gsdf_seibu,西部方面会計隊,陸上自衛隊,2024,2024,1
https://warp.ndl.go.jp/20250610/20250607031330/https://www.mod.go.jp/gsdf/wae/info/nyusatu/wa-fin/04/R604_pco_ok_b3.pdf,pdf,gsdf_seibu,西部方面会計隊,陸上自衛隊,2024,2024,1
https://warp.ndl.go.jp/20250610/20250607031330/https://www.mod.go.jp/gsdf/wae/info/nyusatu/wa-fin/04/R604_pco_ok_b4.pdf,pdf,gsdf_seibu,西部方面会計隊,陸上自衛隊,2024,2024,2
https://warp.ndl.go.jp/20250610/20250607031330/https://www.mod.go.jp/gsdf/wae/info/nyusatu/wa-fin/04/R604_pco_sa_b3.pdf,pdf,gsdf_seibu,西部方面会計隊,陸上自衛隊,2024,2024,1
https://warp.ndl.go.jp/20250610/20250607031330/https://www.mod.go.jp/gsdf/wae/info/nyusatu/wa-fin/04/R605_361_b3.pdf,pdf,gsdf_seibu,西部方面会計隊,陸上自衛隊,2024,2024,2
https://warp.ndl.go.jp/20250610/20250607031330/https://www.mod.go.jp/gsdf/wae/info/nyusatu/wa-fin/04/R605_361_ku_b3.pdf,pdf,gsdf_seibu,西部方面会計隊,陸上自衛隊,2024,2024,3
https://warp.ndl.go.jp/20250610/20250607031330/https://www.mod.go.jp/gsdf/wae/info/nyusatu/wa-fin/04/R605_363_b3.pdf,pdf,gsdf_seibu,西部方面会計隊,陸上自衛隊,2024,2024,9
https://warp.ndl.go.jp/20250610/20250607031330/https://www.mod.go.jp/gsdf/wae/info/nyusatu/wa-fin/04/R605_363_oo_b1.pdf,pdf,gsdf_seibu,西部方面会計隊,陸上自衛隊,2024,2024,1
https://warp.ndl.go.jp/20250610/20250607031330/https://www.mod.go.jp/gsdf/wae/info/nyusatu/wa-fin/04/R605_363_oo_b3.pdf,pdf,gsdf_seibu,西部方面会計隊,陸上自衛隊,2024,2024,5
https://warp.ndl.go.jp/20250610/20250607031330/https://www.mod.go.jp/gsdf/wae/info/nyusatu/wa-fin/04/R605_363ta_b3.pdf,pdf,gsdf_seibu,西部方面会計隊,陸上自衛隊,2024,2024,1
https://warp.ndl.go.jp/20250610/20250607031330/https://www.mod.go.jp/gsdf/wae/info/nyusatu/wa-fin/04/R605_364_b4.pdf,pdf,gsdf_seibu,西部方面会計隊,陸上自衛隊,2024,2024,1
https://warp.ndl.go.jp/20250610/20250607031330/https://www.mod.go.jp/gsdf/wae/info/nyusatu/wa-fin/04/R605_366_b1.pdf,pdf,gsdf_seibu,西部方面会計隊,陸上自衛隊,2024,2024,1
https://warp.ndl.go.jp/20250610/20250607031330/https://www.mod.go.jp/gsdf/wae/info/nyusatu/wa-fin/04/R605_366_b3.pdf,pdf,gsdf_seibu,西部方面会計隊,陸上自衛隊,2024,2024,3
https://warp.ndl.go.jp/20250610/20250607031330/https://www.mod.go.jp/gsdf/wae/info/nyusatu/wa-fin/04/R605_366_ii_b3.pdf,pdf,gsdf_seibu,西部方面会計隊,陸上自衛隊,2024,2024,3
https://warp.ndl.go.jp/20250610/20250607031330/https://www.mod.go.jp/gsdf/wae/info/nyusatu/wa-fin/04/R605_373_b3.pdf,pdf,gsdf_seibu,西部方面会計隊,陸上自衛隊,2024,2024,1
https://warp.ndl.go.jp/20250610/20250607031330/https://www.mod.go.jp/gsdf/wae/info/nyusatu/wa-fin/04/R605_392_b3.pdf,pdf,gsdf_seibu,西部方面会計隊,陸上自衛隊,2024,2024,6
https://warp.ndl.go.jp/20250610/20250607031330/https://www.mod.go.jp/gsdf/wae/info/nyusatu/wa-fin/04/R605_404_b3.pdf,pdf,gsdf_seibu,西部方面会計隊,陸上自衛隊,2024,2024,1
https://warp.ndl.go.jp/20250610/20250607031330/https://www.mod.go.jp/gsdf/wae/info/nyusatu/wa-fin/04/R605_404_ku_b3.pdf,pdf,gsdf_seibu,西部方面会計隊,陸上自衛隊,2024,2024,2
https://warp.ndl.go.jp/20250610/20250607031330/https://www.mod.go.jp/gsdf/wae/info/nyusatu/wa-fin/04/R605_404_yu_b1.pdf,pdf,gsdf_seibu,西部方面会計隊,陸上自衛隊,2024,2024,2
https://warp.ndl.go.jp/20250610/20250607031330/https://www.mod.go.jp/gsdf/wae/info/nyusatu/wa-fin/04/R605_404_yu_b3.pdf,pdf,gsdf_seibu,西部方面会計隊,陸上自衛隊,2024,2024,4
https://warp.ndl.go.jp/20250610/20250607031330/https://www.mod.go.jp/gsdf/wae/info/nyusatu/wa-fin/04/R605_430_b3.pdf,pdf,gsdf_seibu,西部方面会計隊,陸上自衛隊,2024,2024,3
https://warp.ndl.go.jp/20250610/20250607031330/https://www.mod.go.jp/gsdf/wae/info/nyusatu/wa-fin/04/R605_444_b3.pdf,pdf,gsdf_seibu,西部方面会計隊,陸上自衛隊,2024,2024,2
https://warp.ndl.go.jp/20250610/20250607031330/https://www.mod.go.jp/gsdf/wae/info/nyusatu/wa-fin/04/R605_gyo_b3.pdf,pdf,gsdf_seibu,西部方面会計隊,陸上自衛隊,2024,2024,8
https://warp.ndl.go.jp/20250610/20250607031330/https://www.mod.go.jp/gsdf/wae/info/nyusatu/wa-fin/04/R605_hosp_na_b3.pdf,pdf,gsdf_seibu,西部方面会計隊,陸上自衛隊,2024,2024,1
https://warp.ndl.go.jp/20250610/20250607031330/https://www.mod.go.jp/gsdf/wae/info/nyusatu/wa-fin/04/R605_pco_ka_b4.pdf,pdf,gsdf_seibu,西部方面会計隊,陸上自衛隊,2024,2024,1
https://warp.ndl.go.jp/20250610/20250607031330/https://www.mod.go.jp/gsdf/wae/info/nyusatu/wa-fin/04/R606_361_b1.pdf,pdf,gsdf_seibu,西部方面会計隊,陸上自衛隊,2024,2024,1
https://warp.ndl.go.jp/20250610/20250607031330/https://www.mod.go.jp/gsdf/wae/info/nyusatu/wa-fin/04/R606_361_b3.pdf,pdf,gsdf_seibu,西部方面会計隊,陸上自衛隊,2024,2024,3
https://warp.ndl.go.jp/20250610/20250607031330/https://www.mod.go.jp/gsdf/wae/info/nyusatu/wa-fin/04/R606_363_b1.pdf,pdf,gsdf_seibu,西部方面会計隊,陸上自衛隊,2024,2024,1
https://warp.ndl.go.jp/20250610/20250607031330/https://www.mod.go.jp/gsdf/wae/info/nyusatu/wa-fin/04/R606_363_b3.pdf,pdf,gsdf_seibu,西部方面会計隊,陸上自衛隊,2024,2024,2
https://warp.ndl.go.jp/20250610/20250607031330/https://www.mod.go.jp/gsdf/wae/info/nyusatu/wa-fin/04/R606_363_oo_b1.pdf,pdf,gsdf_seibu,西部方面会計隊,陸上自衛隊,2024,2024,1
https://warp.ndl.go.jp/20250610/20250607031330/https://www.mod.go.jp/gsdf/wae/info/nyusatu/wa-fin/04/R606_363ta_b1.pdf,pdf,gsdf_seibu,西部方面会計隊,陸上自衛隊,2024,2024,1
https://warp.ndl.go.jp/20250610/20250607031330/https://www.mod.go.jp/gsdf/wae/info/nyusatu/wa-fin/04/R606_363ta_b3.pdf,pdf,gsdf_seibu,西部方面会計隊,陸上自衛隊,2024,2024,1
https://warp.ndl.go.jp/20250610/20250607031330/https://www.mod.go.jp/gsdf/wae/info/nyusatu/wa-fin/04/R606_364_b1_.pdf,pdf,gsdf_seibu,西部方面会計隊,陸上自衛隊,2024,2024,1
https://warp.ndl.go.jp/20250610/20250607031330/https://www.mod.go.jp/gsdf/wae/info/nyusatu/wa-fin/04/R606_364_b3.pdf,pdf,gsdf_seibu,西部方面会計隊,陸上自衛隊,2024,2024,1
https://warp.ndl.go.jp/20250610/20250607031330/https://www.mod.go.jp/gsdf/wae/info/nyusatu/wa-fin/04/R606_364_ebi_b3.pdf,pdf,gsdf_seibu,西部方面会計隊,陸上自衛隊,2024,2024,1
https://warp.ndl.go.jp/20250610/20250607031330/https://www.mod.go.jp/gsdf/wae/info/nyusatu/wa-fin/04/R606_364_se_b1.pdf,pdf,gsdf_seibu,西部方面会計隊,陸上自衛隊,2024,2024,1
https://warp.ndl.go.jp/20250610/20250607031330/https://www.mod.go.jp/gsdf/wae/info/nyusatu/wa-fin/04/R606_364_se_b3.pdf,pdf,gsdf_seibu,西部方面会計隊,陸上自衛隊,2024,2024,1
https://warp.ndl.go.jp/20250610/20250607031330/https://www.mod.go.jp/gsdf/wae/info/nyusatu/wa-fin/04/R606_366_b3.pdf,pdf,gsdf_seibu,西部方面会計隊,陸上自衛隊,2024,2024,3
https://warp.ndl.go.jp/20250610/20250607031330/https://www.mod.go.jp/gsdf/wae/info/nyusatu/wa-fin/04/R606_366_ii_b3.pdf,pdf,gsdf_seibu,西部方面会計隊,陸上自衛隊,2024,2024,1
https://warp.ndl.go.jp/20250610/20250607031330/https://www.mod.go.jp/gsdf/wae/info/nyusatu/wa-fin/04/R606_373_b3.pdf,pdf,gsdf_seibu,西部方面会計隊,陸上自衛隊,2024,2024,1
https://warp.ndl.go.jp/20250610/20250607031330/https://www.mod.go.jp/gsdf/wae/info/nyusatu/wa-fin/04/R606_392_b3.pdf,pdf,gsdf_seibu,西部方面会計隊,陸上自衛隊,2024,2024,2
https://warp.ndl.go.jp/20250610/20250607031330/https://www.mod.go.jp/gsdf/wae/info/nyusatu/wa-fin/04/R606_404_b3.pdf,pdf,gsdf_seibu,西部方面会計隊,陸上自衛隊,2024,2024,3
https://warp.ndl.go.jp/20250610/20250607031330/https://www.mod.go.jp/gsdf/wae/info/nyusatu/wa-fin/04/R606_404_ku_b3.pdf,pdf,gsdf_seibu,西部方面会計隊,陸上自衛隊,2024,2024,2
https://warp.ndl.go.jp/20250610/20250607031330/https://www.mod.go.jp/gsdf/wae/info/nyusatu/wa-fin/04/R606_404_yu_b3.pdf,pdf,gsdf_seibu,西部方面会計隊,陸上自衛隊,2024,2024,5
https://warp.ndl.go.jp/20250610/20250607031330/https://www.mod.go.jp/gsdf/wae/info/nyusatu/wa-fin/04/R606_430_b3.pdf,pdf,gsdf_seibu,西部方面会計隊,陸上自衛隊,2024,2024,6
https://warp.ndl.go.jp/20250610/20250607031330/https://www.mod.go.jp/gsdf/wae/info/nyusatu/wa-fin/04/R606_436_b3.pdf,pdf,gsdf_seibu,西部方面会計隊,陸上自衛隊,2024,2024,4
https://warp.ndl.go.jp/20250610/20250607031330/https://www.mod.go.jp/gsdf/wae/info/nyusatu/wa-fin/04/R606_444_b3.pdf,pdf,gsdf_seibu,西部方面会計隊,陸上自衛隊,2024,2024,6
https://warp.ndl.go.jp/20250610/20250607031330/https://www.mod.go.jp/gsdf/wae/info/nyusatu/wa-fin/04/R606_gyo_b3.pdf,pdf,gsdf_seibu,西部方面会計隊,陸上自衛隊,2024,2024,5
https://warp.ndl.go.jp/20250610/20250607031330/https://www.mod.go.jp/gsdf/wae/info/nyusatu/wa-fin/04/R606_gyo_b4.pdf,pdf,gsdf_seibu,西部方面会計隊,陸上自衛隊,2024,2024,1
https://warp.ndl.go.jp/20250610/20250607031330/https://www.mod.go.jp/gsdf/wae/info/nyusatu/wa-fin/04/R607_361_b3.pdf,pdf,gsdf_seibu,西部方面会計隊,陸上自衛隊,2024,2024,3
https://warp.ndl.go.jp/20250610/20250607031330/https://www.mod.go.jp/gsdf/wae/info/nyusatu/wa-fin/04/R607_361_ku_b3.pdf,pdf,gsdf_seibu,西部方面会計隊,陸上自衛隊,2024,2024,1
https://warp.ndl.go.jp/20250610/20250607031330/https://www.mod.go.jp/gsdf/wae/info/nyusatu/wa-fin/04/R607_363_b3.pdf,pdf,gsdf_seibu,西部方面会計隊,陸上自衛隊,2024,2024,6
https://warp.ndl.go.jp/20250610/20250607031330/https://www.mod.go.jp/gsdf/wae/info/nyusatu/wa-fin/04/R607_363_oo_b1.pdf,pdf,gsdf_seibu,西部方面会計隊,陸上自衛隊,2024,2024,1
https://warp.ndl.go.jp/20250610/20250607031330/https://www.mod.go.jp/gsdf/wae/info/nyusatu/wa-fin/04/R607_363_oo_b3.pdf,pdf,gsdf_seibu,西部方面会計隊,陸上自衛隊,2024,2024,2
https://warp.ndl.go.jp/20250610/20250607031330/https://www.mod.go.jp/gsdf/wae/info/nyusatu/wa-fin/04/R607_363ta_b1.pdf,pdf,gsdf_seibu,西部方面会計隊,陸上自衛隊,2024,2024,2
https://warp.ndl.go.jp/20250610/20250607031330/https://www.mod.go.jp/gsdf/wae/info/nyusatu/wa-fin/04/R607_363ta_b3.pdf,pdf,gsdf_seibu,西部方面会計隊,陸上自衛隊,2024,2024,2
https://warp.ndl.go.jp/20250610/20250607031330/https://www.mod.go.jp/gsdf/wae/info/nyusatu/wa-fin/04/R607_364_b3.pdf,pdf,gsdf_seibu,西部方面会計隊,陸上自衛隊,2024,2024,1
https://warp.ndl.go.jp/20250610/20250607031330/https://www.mod.go.jp/gsdf/wae/info/nyusatu/wa-fin/04/R607_364_ebi_b3.pdf,pdf,gsdf_seibu,西部方面会計隊,陸上自衛隊,2024,2024,4
https://warp.ndl.go.jp/20250610/20250607031330/https://www.mod.go.jp/gsdf/wae/info/nyusatu/wa-fin/04/R607_364_se_b1.pdf,pdf,gsdf_seibu,西部方面会計隊,陸上自衛隊,2024,2024,1
https://warp.ndl.go.jp/20250610/20250607031330/https://www.mod.go.jp/gsdf/wae/info/nyusatu/wa-fin/04/R607_364_se_b3.pdf,pdf,gsdf_seibu,西部方面会計隊,陸上自衛隊,2024,2024,1
https://warp.ndl.go.jp/20250610/20250607031330/https://www.mod.go.jp/gsdf/wae/info/nyusatu/wa-fin/04/R607_366_b3.pdf,pdf,gsdf_seibu,西部方面会計隊,陸上自衛隊,2024,2024,5
https://warp.ndl.go.jp/20250610/20250607031330/https://www.mod.go.jp/gsdf/wae/info/nyusatu/wa-fin/04/R607_366_ii_b3.pdf,pdf,gsdf_seibu,西部方面会計隊,陸上自衛隊,2024,2024,3
https://warp.ndl.go.jp/20250610/20250607031330/https://www.mod.go.jp/gsdf/wae/info/nyusatu/wa-fin/04/R607_373_b1.pdf,pdf,gsdf_seibu,西部方面会計隊,陸上自衛隊,2024,2024,2
https://warp.ndl.go.jp/20250610/20250607031330/https://www.mod.go.jp/gsdf/wae/info/nyusatu/wa-fin/04/R607_373_b3.pdf,pdf,gsdf_seibu,西部方面会計隊,陸上自衛隊,2022,2022,1
https://warp.ndl.go.jp/20250610/20250607031330/https://www.mod.go.jp/gsdf/wae/info/nyusatu/wa-fin/04/R607_392_b1.pdf,pdf,gsdf_seibu,西部方面会計隊,陸上自衛隊,2024,2024,2
https://warp.ndl.go.jp/20250610/20250607031330/https://www.mod.go.jp/gsdf/wae/info/nyusatu/wa-fin/04/R607_392_b3.pdf,pdf,gsdf_seibu,西部方面会計隊,陸上自衛隊,2024,2024,7
https://warp.ndl.go.jp/20250610/20250607031330/https://www.mod.go.jp/gsdf/wae/info/nyusatu/wa-fin/04/R607_404_b3.pdf,pdf,gsdf_seibu,西部方面会計隊,陸上自衛隊,2024,2024,1
https://warp.ndl.go.jp/20250610/20250607031330/https://www.mod.go.jp/gsdf/wae/info/nyusatu/wa-fin/04/R607_404_ku_b1.pdf,pdf,gsdf_seibu,西部方面会計隊,陸上自衛隊,2024,2024,3
https://warp.ndl.go.jp/20250610/20250607031330/https://www.mod.go.jp/gsdf/wae/info/nyusatu/wa-fin/04/R607_436_b3.pdf,pdf,gsdf_seibu,西部方面会計隊,陸上自衛隊,2024,2024,3
https://warp.ndl.go.jp/20250610/20250607031330/https://www.mod.go.jp/gsdf/wae/info/nyusatu/wa-fin/04/R607_442_b1.pdf,pdf,gsdf_seibu,西部方面会計隊,陸上自衛隊,2024,2024,2
https://warp.ndl.go.jp/20250610/20250607031330/https://www.mod.go.jp/gsdf/wae/info/nyusatu/wa-fin/04/R607_442_b3.pdf,pdf,gsdf_seibu,西部方面会計隊,陸上自衛隊,2024,2024,6
https://warp.ndl.go.jp/20250610/20250607031330/https://www.mod.go.jp/gsdf/wae/info/nyusatu/wa-fin/04/R607_443_b3_.pdf,pdf,gsdf_seibu,西部方面会計隊,陸上自衛隊,2024,2024,4
https://warp.ndl.go.jp/20250610/20250607031330/https://www.mod.go.jp/gsdf/wae/info/nyusatu/wa-fin/04/R607_444_b3.pdf,pdf,gsdf_seibu,西部方面会計隊,陸上自衛隊,2024,2024,2
https://warp.ndl.go.jp/20250610/20250607031330/https://www.mod.go.jp/gsdf/wae/info/nyusatu/wa-fin/04/R607_gyo_b3.pdf,pdf,gsdf_seibu,西部方面会計隊,陸上自衛隊,2024,2024,8
https://warp.ndl.go.jp/20250610/20250607031330/https://www.mod.go.jp/gsdf/wae/info/nyusatu/wa-fin/04/R607_gyo_b4.pdf,pdf,gsdf_seibu,西部方面会計隊,陸上自衛隊,2024,2024,1
https://warp.ndl.go.jp/20250610/20250607031330/https://www.mod.go.jp/gsdf/wae/info/nyusatu/wa-fin/04/R607_hosp_ku_b1.pdf,pdf,gsdf_seibu,西部方面会計隊,陸上自衛隊,2024,2024,3
https://warp.ndl.go.jp/20250610/20250607031330/https://www.mod.go.jp/gsdf/wae/info/nyusatu/wa-fin/04/R607_hosp_ku_b3.pdf,pdf,gsdf_seibu,西部方面会計隊,陸上自衛隊,2024,2024,1
https://warp.ndl.go.jp/20250610/20250607031330/https://www.mod.go.jp/gsdf/wae/info/nyusatu/wa-fin/04/R607_pco_ka_b3.pdf,pdf,gsdf_seibu,西部方面会計隊,陸上自衛隊,2024,2024,1
https://warp.ndl.go.jp/20250610/20250607031330/https://www.mod.go.jp/gsdf/wae/info/nyusatu/wa-fin/04/R607_pco_ku_b4.pdf,pdf,gsdf_seibu,西部方面会計隊,陸上自衛隊,2024,2024,1
https://warp.ndl.go.jp/20250610/20250607031330/https://www.mod.go.jp/gsdf/wae/info/nyusatu/wa-fin/04/R608_361_b3.pdf,pdf,gsdf_seibu,西部方面会計隊,陸上自衛隊,2024,2024,1
https://warp.ndl.go.jp/20250610/20250607031330/https://www.mod.go.jp/gsdf/wae/info/nyusatu/wa-fin/04/R608_361_ku_b3.pdf,pdf,gsdf_seibu,西部方面会計隊,陸上自衛隊,2024,2024,1
https://warp.ndl.go.jp/20250610/20250607031330/https://www.mod.go.jp/gsdf/wae/info/nyusatu/wa-fin/04/R608_363_oo_b1.pdf,pdf,gsdf_seibu,西部方面会計隊,陸上自衛隊,2024,2024,1
https://warp.ndl.go.jp/20250610/20250607031330/https://www.mod.go.jp/gsdf/wae/info/nyusatu/wa-fin/04/R608_363_oo_b3.pdf,pdf,gsdf_seibu,西部方面会計隊,陸上自衛隊,2024,2024,1
https://warp.ndl.go.jp/20250610/20250607031330/https://www.mod.go.jp/gsdf/wae/info/nyusatu/wa-fin/04/R608_364_b3.pdf,pdf,gsdf_seibu,西部方面会計隊,陸上自衛隊,2024,2024,5
https://warp.ndl.go.jp/20250610/20250607031330/https://www.mod.go.jp/gsdf/wae/info/nyusatu/wa-fin/04/R608_364_ebi_b3.pdf,pdf,gsdf_seibu,西部方面会計隊,陸上自衛隊,2024,2024,1
https://warp.ndl.go.jp/20250610/20250607031330/https://www.mod.go.jp/gsdf/wae/info/nyusatu/wa-fin/04/R608_364_se_b3.pdf,pdf,gsdf_seibu,西部方面会計隊,陸上自衛隊,2024,2024,2
https://warp.ndl.go.jp/20250610/20250607031330/https://www.mod.go.jp/gsdf/wae/info/nyusatu/wa-fin/04/R608_366_b3.pdf,pdf,gsdf_seibu,西部方面会計隊,陸上自衛隊,2024,2024,5
https://warp.ndl.go.jp/20250610/20250607031330/https://www.mod.go.jp/gsdf/wae/info/nyusatu/wa-fin/04/R608_366_ko_b1.pdf,pdf,gsdf_seibu,西部方面会計隊,陸上自衛隊,2024,2024,1
https://warp.ndl.go.jp/20250610/20250607031330/https://www.mod.go.jp/gsdf/wae/info/nyusatu/wa-fin/04/R608_366_ko_b3.pdf,pdf,gsdf_seibu,西部方面会計隊,陸上自衛隊,2024,2024,3
https://warp.ndl.go.jp/20250610/20250607031330/https://www.mod.go.jp/gsdf/wae/info/nyusatu/wa-fin/04/R608_373_b1.pdf,pdf,gsdf_seibu,西部方面会計隊,陸上自衛隊,2024,2024,2
https://warp.ndl.go.jp/20250610/20250607031330/https://www.mod.go.jp/gsdf/wae/info/nyusatu/wa-fin/04/R608_392_b3.pdf,pdf,gsdf_seibu,西部方面会計隊,陸上自衛隊,2024,2024,4
https://warp.ndl.go.jp/20250610/20250607031330/https://www.mod.go.jp/gsdf/wae/info/nyusatu/wa-fin/04/R608_404_b3.pdf,pdf,gsdf_seibu,西部方面会計隊,陸上自衛隊,2024,2024,1
https://warp.ndl.go.jp/20250610/20250607031330/https://www.mod.go.jp/gsdf/wae/info/nyusatu/wa-fin/04/R608_404_ku_b1.pdf,pdf,gsdf_seibu,西部方面会計隊,陸上自衛隊,2024,2024,1
https://warp.ndl.go.jp/20250610/20250607031330/https://www.mod.go.jp/gsdf/wae/info/nyusatu/wa-fin/04/R608_404_ku_b3.pdf,pdf,gsdf_seibu,西部方面会計隊,陸上自衛隊,2024,2024,1
https://warp.ndl.go.jp/20250610/20250607031330/https://www.mod.go.jp/gsdf/wae/info/nyusatu/wa-fin/04/R608_404_ku_b4.pdf,pdf,gsdf_seibu,西部方面会計隊,陸上自衛隊,2024,2024,1
https://warp.ndl.go.jp/20250610/20250607031330/https://www.mod.go.jp/gsdf/wae/info/nyusatu/wa-fin/04/R608_404_yu_b3.pdf,pdf,gsdf_seibu,西部方面会計隊,陸上自衛隊,2024,2024,4
https://warp.ndl.go.jp/20250610/20250607031330/https://www.mod.go.jp/gsdf/wae/info/nyusatu/wa-fin/04/R608_436_b3.pdf,pdf,gsdf_seibu,西部方面会計隊,陸上自衛隊,2024,2024,5
https://warp.ndl.go.jp/20250610/20250607031330/https://www.mod.go.jp/gsdf/wae/info/nyusatu/wa-fin/04/R608_443_b3_.pdf,pdf,gsdf_seibu,西部方面会計隊,陸上自衛隊,2024,2024,1
https://warp.ndl.go.jp/20250610/20250607031330/https://www.mod.go.jp/gsdf/wae/info/nyusatu/wa-fin/04/R608_444_b3.pdf,pdf,gsdf_seibu,西部方面会計隊,陸上自衛隊,2024,2024,1
https://warp.ndl.go.jp/20250610/20250607031330/https://www.mod.go.jp/gsdf/wae/info/nyusatu/wa-fin/04/R608_gyo_b1.pdf,pdf,gsdf_seibu,西部方面会計隊,陸上自衛隊,2024,2024,4
https://warp.ndl.go.jp/20250610/20250607031330/https://www.mod.go.jp/gsdf/wae/info/nyusatu/wa-fin/04/R608_gyo_b3.pdf,pdf,gsdf_seibu,西部方面会計隊,陸上自衛隊,2024,2024,4
https://warp.ndl.go.jp/20250610/20250607031330/https://www.mod.go.jp/gsdf/wae/info/nyusatu/wa-fin/04/R608_hosp_fu_b3.pdf,pdf,gsdf_seibu,西部方面会計隊,陸上自衛隊,2024,2024,2
https://warp.ndl.go.jp/20250610/20250607031330/https://www.mod.go.jp/gsdf/wae/info/nyusatu/wa-fin/04/R608_pco_ku_b3.pdf,pdf,gsdf_seibu,西部方面会計隊,陸上自衛隊,2024,2024,1
https://warp.ndl.go.jp/20250610/20250607031330/https://www.mod.go.jp/gsdf/wae/info/nyusatu/wa-fin/04/R609_361_b3.pdf,pdf,gsdf_seibu,西部方面会計隊,陸上自衛隊,2024,2024,5
https://warp.ndl.go.jp/20250610/20250607031330/https://www.mod.go.jp/gsdf/wae/info/nyusatu/wa-fin/04/R609_363_b1.pdf,pdf,gsdf_seibu,西部方面会計隊,陸上自衛隊,2024,2024,5
https://warp.ndl.go.jp/20250610/20250607031330/https://www.mod.go.jp/gsdf/wae/info/nyusatu/wa-fin/04/R609_363_oo_b3.pdf,pdf,gsdf_seibu,西部方面会計隊,陸上自衛隊,2024,2024,3
https://warp.ndl.go.jp/20250610/20250607031330/https://www.mod.go.jp/gsdf/wae/info/nyusatu/wa-fin/04/R609_363ta_b1.pdf,pdf,gsdf_seibu,西部方面会計隊,陸上自衛隊,2024,2024,1
https://warp.ndl.go.jp/20250610/20250607031330/https://www.mod.go.jp/gsdf/wae/info/nyusatu/wa-fin/04/R609_364_b1_.pdf,pdf,gsdf_seibu,西部方面会計隊,陸上自衛隊,2024,2024,1
https://warp.ndl.go.jp/20250610/20250607031330/https://www.mod.go.jp/gsdf/wae/info/nyusatu/wa-fin/04/R609_364_ebi_b4.pdf,pdf,gsdf_seibu,西部方面会計隊,陸上自衛隊,2024,2024,1
https://warp.ndl.go.jp/20250610/20250607031330/https://www.mod.go.jp/gsdf/wae/info/nyusatu/wa-fin/04/R609_364_se_b1.pdf,pdf,gsdf_seibu,西部方面会計隊,陸上自衛隊,2024,2024,1
https://warp.ndl.go.jp/20250610/20250607031330/https://www.mod.go.jp/gsdf/wae/info/nyusatu/wa-fin/04/R609_364_se_b3.pdf,pdf,gsdf_seibu,西部方面会計隊,陸上自衛隊,2024,2024,1
https://warp.ndl.go.jp/20250610/20250607031330/https://www.mod.go.jp/gsdf/wae/info/nyusatu/wa-fin/04/R609_366_b3.pdf,pdf,gsdf_seibu,西部方面会計隊,陸上自衛隊,2024,2024,5
https://warp.ndl.go.jp/20250610/20250607031330/https://www.mod.go.jp/gsdf/wae/info/nyusatu/wa-fin/04/R609_366_ii_b3.pdf,pdf,gsdf_seibu,西部方面会計隊,陸上自衛隊,2024,2024,1
https://warp.ndl.go.jp/20250610/20250607031330/https://www.mod.go.jp/gsdf/wae/info/nyusatu/wa-fin/04/R609_366_ko_b1.pdf,pdf,gsdf_seibu,西部方面会計隊,陸上自衛隊,2024,2024,3
https://warp.ndl.go.jp/20250610/20250607031330/https://www.mod.go.jp/gsdf/wae/info/nyusatu/wa-fin/04/R609_366_ko_b3.pdf,pdf,gsdf_seibu,西部方面会計隊,陸上自衛隊,2024,2024,3
https://warp.ndl.go.jp/20250610/20250607031330/https://www.mod.go.jp/gsdf/wae/info/nyusatu/wa-fin/04/R609_373_b3.pdf,pdf,gsdf_seibu,西部方面会計隊,陸上自衛隊,2024,2024,4
https://warp.ndl.go.jp/20250610/20250607031330/https://www.mod.go.jp/gsdf/wae/info/nyusatu/wa-fin/04/R609_392_b3.pdf,pdf,gsdf_seibu,西部方面会計隊,陸上自衛隊,2024,2024,3
https://warp.ndl.go.jp/20250610/20250607031330/https://www.mod.go.jp/gsdf/wae/info/nyusatu/wa-fin/04/R609_392_b4.pdf,pdf,gsdf_seibu,西部方面会計隊,陸上自衛隊,2024,2024,1
https://warp.ndl.go.jp/20250610/20250607031330/https://www.mod.go.jp/gsdf/wae/info/nyusatu/wa-fin/04/R609_404_b1.pdf,pdf,gsdf_seibu,西部方面会計隊,陸上自衛隊,2024,2024,1
https://warp.ndl.go.jp/20250610/20250607031330/https://www.mod.go.jp/gsdf/wae/info/nyusatu/wa-fin/04/R609_404_b3.pdf,pdf,gsdf_seibu,西部方面会計隊,陸上自衛隊,2024,2024,2
https://warp.ndl.go.jp/20250610/20250607031330/https://www.mod.go.jp/gsdf/wae/info/nyusatu/wa-fin/04/R609_404_b4.pdf,pdf,gsdf_seibu,西部方面会計隊,陸上自衛隊,2024,2024,1
https://warp.ndl.go.jp/20250610/20250607031330/https://www.mod.go.jp/gsdf/wae/info/nyusatu/wa-fin/04/R609_404_ku_b3.pdf,pdf,gsdf_seibu,西部方面会計隊,陸上自衛隊,2024,2024,1
https://warp.ndl.go.jp/20250610/20250607031330/https://www.mod.go.jp/gsdf/wae/info/nyusatu/wa-fin/04/R609_404_yu_b1.pdf,pdf,gsdf_seibu,西部方面会計隊,陸上自衛隊,2024,2024,1
https://warp.ndl.go.jp/20250610/20250607031330/https://www.mod.go.jp/gsdf/wae/info/nyusatu/wa-fin/04/R609_404_yu_b3.pdf,pdf,gsdf_seibu,西部方面会計隊,陸上自衛隊,2024,2024,8
https://warp.ndl.go.jp/20250610/20250607031330/https://www.mod.go.jp/gsdf/wae/info/nyusatu/wa-fin/04/R609_436_b3.pdf,pdf,gsdf_seibu,西部方面会計隊,陸上自衛隊,2024,2024,1
https://warp.ndl.go.jp/20250610/20250607031330/https://www.mod.go.jp/gsdf/wae/info/nyusatu/wa-fin/04/R609_444_b3.pdf,pdf,gsdf_seibu,西部方面会計隊,陸上自衛隊,2024,2024,7
https://warp.ndl.go.jp/20250610/20250607031330/https://www.mod.go.jp/gsdf/wae/info/nyusatu/wa-fin/04/R609_gyo_b1.pdf,pdf,gsdf_seibu,西部方面会計隊,陸上自衛隊,2024,2024,3
https://warp.ndl.go.jp/20250610/20250607031330/https://www.mod.go.jp/gsdf/wae/info/nyusatu/wa-fin/04/R609_gyo_b3.pdf,pdf,gsdf_seibu,西部方面会計隊,陸上自衛隊,2024,2024,4
https://warp.ndl.go.jp/20250610/20250607031330/https://www.mod.go.jp/gsdf/wae/info/nyusatu/wa-fin/04/R609_hosp_fu_b1.pdf,pdf,gsdf_seibu,西部方面会計隊,陸上自衛隊,2024,2024,1
https://warp.ndl.go.jp/20250610/20250607031330/https://www.mod.go.jp/gsdf/wae/info/nyusatu/wa-fin/04/R609_hosp_fu_b3.pdf,pdf,gsdf_seibu,西部方面会計隊,陸上自衛隊,2024,2024,2
https://warp.ndl.go.jp/20250610/20250607031330/https://www.mod.go.jp/gsdf/wae/info/nyusatu/wa-fin/04/R609_hosp_ku_b3.pdf,pdf,gsdf_seibu,西部方面会計隊,陸上自衛隊,2024,2024,2
https://warp.ndl.go.jp/20250610/20250607031330/https://www.mod.go.jp/gsdf/wae/info/nyusatu/wa-fin/04/R609_hosp_na_b1.pdf,pdf,gsdf_seibu,西部方面会計隊,陸上自衛隊,2024,2024,1
https://warp.ndl.go.jp/20250610/20250607031330/https://www.mod.go.jp/gsdf/wae/info/nyusatu/wa-fin/04/R609_pco_ok_b4.pdf,pdf,gsdf_seibu,西部方面会計隊,陸上自衛隊,2024,2024,2
https://warp.ndl.go.jp/20250610/20250607031330/https://www.mod.go.jp/gsdf/wae/info/nyusatu/wa-fin/04/R610_361_b3.pdf,pdf,gsdf_seibu,西部方面会計隊,陸上自衛隊,2024,2024,6
https://warp.ndl.go.jp/20250610/20250607031330/https://www.mod.go.jp/gsdf/wae/info/nyusatu/wa-fin/04/R610_361_ku_b1.pdf,pdf,gsdf_seibu,西部方面会計隊,陸上自衛隊,2024,2024,1
https://warp.ndl.go.jp/20250610/20250607031330/https://www.mod.go.jp/gsdf/wae/info/nyusatu/wa-fin/04/R610_361_ku_b3.pdf,pdf,gsdf_seibu,西部方面会計隊,陸上自衛隊,2024,2024,1
https://warp.ndl.go.jp/20250610/20250607031330/https://www.mod.go.jp/gsdf/wae/info/nyusatu/wa-fin/04/R610_363_1.pdf,pdf,gsdf_seibu,西部方面会計隊,陸上自衛隊,2024,2024,4
https://warp.ndl.go.jp/20250610/20250607031330/https://www.mod.go.jp/gsdf/wae/info/nyusatu/wa-fin/04/R610_363_b3.pdf,pdf,gsdf_seibu,西部方面会計隊,陸上自衛隊,2024,2024,8
https://warp.ndl.go.jp/20250610/20250607031330/https://www.mod.go.jp/gsdf/wae/info/nyusatu/wa-fin/04/R610_363_oo_b1.pdf,pdf,gsdf_seibu,西部方面会計隊,陸上自衛隊,2024,2024,2
https://warp.ndl.go.jp/20250610/20250607031330/https://www.mod.go.jp/gsdf/wae/info/nyusatu/wa-fin/04/R610_363_oo_b3.pdf,pdf,gsdf_seibu,西部方面会計隊,陸上自衛隊,2024,2024,3
https://warp.ndl.go.jp/20250610/20250607031330/https://www.mod.go.jp/gsdf/wae/info/nyusatu/wa-fin/04/R610_363ta_b1.pdf,pdf,gsdf_seibu,西部方面会計隊,陸上自衛隊,2024,2024,1
https://warp.ndl.go.jp/20250610/20250607031330/https://www.mod.go.jp/gsdf/wae/info/nyusatu/wa-fin/04/R610_363ta_b3.pdf,pdf,gsdf_seibu,西部方面会計隊,陸上自衛隊,2024,2024,5
https://warp.ndl.go.jp/20250610/20250607031330/https://www.mod.go.jp/gsdf/wae/info/nyusatu/wa-fin/04/R610_364_b1_.pdf,pdf,gsdf_seibu,西部方面会計隊,陸上自衛隊,2024,2024,1
https://warp.ndl.go.jp/20250610/20250607031330/https://www.mod.go.jp/gsdf/wae/info/nyusatu/wa-fin/04/R610_364_b3.pdf,pdf,gsdf_seibu,西部方面会計隊,陸上自衛隊,2024,2024,3
https://warp.ndl.go.jp/20250610/20250607031330/https://www.mod.go.jp/gsdf/wae/info/nyusatu/wa-fin/04/R610_364_ebi_b3.pdf,pdf,gsdf_seibu,西部方面会計隊,陸上自衛隊,2024,2024,2
https://warp.ndl.go.jp/20250610/20250607031330/https://www.mod.go.jp/gsdf/wae/info/nyusatu/wa-fin/04/R610_364_se_b1.pdf,pdf,gsdf_seibu,西部方面会計隊,陸上自衛隊,2024,2024,2
https://warp.ndl.go.jp/20250610/20250607031330/https://www.mod.go.jp/gsdf/wae/info/nyusatu/wa-fin/04/R610_364_se_b3.pdf,pdf,gsdf_seibu,西部方面会計隊,陸上自衛隊,2024,2024,2
https://warp.ndl.go.jp/20250610/20250607031330/https://www.mod.go.jp/gsdf/wae/info/nyusatu/wa-fin/04/R610_366_b1.pdf,pdf,gsdf_seibu,西部方面会計隊,陸上自衛隊,2024,2024,1
https://warp.ndl.go.jp/20250610/20250607031330/https://www.mod.go.jp/gsdf/wae/info/nyusatu/wa-fin/04/R610_366_b3.pdf,pdf,gsdf_seibu,西部方面会計隊,陸上自衛隊,2024,2024,10
https://warp.ndl.go.jp/20250610/20250607031330/https://www.mod.go.jp/gsdf/wae/info/nyusatu/wa-fin/04/R610_366_ii_b3.pdf,pdf,gsdf_seibu,西部方面会計隊,陸上自衛隊,2024,2024,3
https://warp.ndl.go.jp/20250610/20250607031330/https://www.mod.go.jp/gsdf/wae/info/nyusatu/wa-fin/04/R610_366_ko_b3.pdf,pdf,gsdf_seibu,西部方面会計隊,陸上自衛隊,2024,2024,3
https://warp.ndl.go.jp/20250610/20250607031330/https://www.mod.go.jp/gsdf/wae/info/nyusatu/wa-fin/04/R610_373_b3.pdf,pdf,gsdf_seibu,西部方面会計隊,陸上自衛隊,2024,2024,2
https://warp.ndl.go.jp/20250610/20250607031330/https://www.mod.go.jp/gsdf/wae/info/nyusatu/wa-fin/04/R610_392_b1.pdf,pdf,gsdf_seibu,西部方面会計隊,陸上自衛隊,2024,2024,1
https://warp.ndl.go.jp/20250610/20250607031330/https://www.mod.go.jp/gsdf/wae/info/nyusatu/wa-fin/04/R610_392_b3.pdf,pdf,gsdf_seibu,西部方面会計隊,陸上自衛隊,2024,2024,13
https://warp.ndl.go.jp/20250610/20250607031330/https://www.mod.go.jp/gsdf/wae/info/nyusatu/wa-fin/04/R610_404_ku_3.pdf,pdf,gsdf_seibu,西部方面会計隊,陸上自衛隊,2024,2024,3
https://warp.ndl.go.jp/20250610/20250607031330/https://www.mod.go.jp/gsdf/wae/info/nyusatu/wa-fin/04/R610_404_yu_b1.pdf,pdf,gsdf_seibu,西部方面会計隊,陸上自衛隊,2024,2024,2
https://warp.ndl.go.jp/20250610/20250607031330/https://www.mod.go.jp/gsdf/wae/info/nyusatu/wa-fin/04/R610_404_yu_b3.pdf,pdf,gsdf_seibu,西部方面会計隊,陸上自衛隊,2024,2024,6
https://warp.ndl.go.jp/20250610/20250607031330/https://www.mod.go.jp/gsdf/wae/info/nyusatu/wa-fin/04/R610_436_b1.pdf,pdf,gsdf_seibu,西部方面会計隊,陸上自衛隊,2024,2024,1
https://warp.ndl.go.jp/20250610/20250607031330/https://www.mod.go.jp/gsdf/wae/info/nyusatu/wa-fin/04/R610_436_b3.pdf,pdf,gsdf_seibu,西部方面会計隊,陸上自衛隊,2024,2024,2
https://warp.ndl.go.jp/20250610/20250607031330/https://www.mod.go.jp/gsdf/wae/info/nyusatu/wa-fin/04/R610_444_b3.pdf,pdf,gsdf_seibu,西部方面会計隊,陸上自衛隊,2024,2024,8
https://warp.ndl.go.jp/20250610/20250607031330/https://www.mod.go.jp/gsdf/wae/info/nyusatu/wa-fin/04/R610_444_b4.pdf,pdf,gsdf_seibu,西部方面会計隊,陸上自衛隊,2024,2024,1
https://warp.ndl.go.jp/20250610/20250607031330/https://www.mod.go.jp/gsdf/wae/info/nyusatu/wa-fin/04/R610_gyo_b1.pdf,pdf,gsdf_seibu,西部方面会計隊,陸上自衛隊,2024,2024,1
https://warp.ndl.go.jp/20250610/20250607031330/https://www.mod.go.jp/gsdf/wae/info/nyusatu/wa-fin/04/R610_gyo_b3.pdf,pdf,gsdf_seibu,西部方面会計隊,陸上自衛隊,2024,2024,17
https://warp.ndl.go.jp/20250610/20250607031330/https://www.mod.go.jp/gsdf/wae/info/nyusatu/wa-fin/04/R610_gyo_b4.pdf,pdf,gsdf_seibu,西部方面会計隊,陸上自衛隊,2024,2024,1
https://warp.ndl.go.jp/20250610/20250607031330/https://www.mod.go.jp/gsdf/wae/info/nyusatu/wa-fin/04/R610_hosp_fu_b3.pdf,pdf,gsdf_seibu,西部方面会計隊,陸上自衛隊,2024,2024,2
https://warp.ndl.go.jp/20250610/20250607031330/https://www.mod.go.jp/gsdf/wae/info/nyusatu/wa-fin/04/R610_hosp_fu_b4.pdf,pdf,gsdf_seibu,西部方面会計隊,陸上自衛隊,2024,2024,2
https://warp.ndl.go.jp/20250610/20250607031330/https://www.mod.go.jp/gsdf/wae/info/nyusatu/wa-fin/04/R610_hosp_ku_b3.pdf,pdf,gsdf_seibu,西部方面会計隊,陸上自衛隊,2024,2024,3
https://warp.ndl.go.jp/20250610/20250607031330/https://www.mod.go.jp/gsdf/wae/info/nyusatu/wa-fin/04/R610_hosp_ku_b4.pdf,pdf,gsdf_seibu,西部方面会計隊,陸上自衛隊,2024,2024,1
https://warp.ndl.go.jp/20250610/20250607031330/https://www.mod.go.jp/gsdf/wae/info/nyusatu/wa-fin/04/R610_hosp_na_b3.pdf,pdf,gsdf_seibu,西部方面会計隊,陸上自衛隊,2024,2024,1
https://warp.ndl.go.jp/20250610/20250607031330/https://www.mod.go.jp/gsdf/wae/info/nyusatu/wa-fin/04/R610_pco_ka_b3.pdf,pdf,gsdf_seibu,西部方面会計隊,陸上自衛隊,2024,2024,2
https://warp.ndl.go.jp/20250610/20250607031330/https://www.mod.go.jp/gsdf/wae/info/nyusatu/wa-fin/04/R611_361_b3.pdf,pdf,gsdf_seibu,西部方面会計隊,陸上自衛隊,2024,2024,4
https://warp.ndl.go.jp/20250610/20250607031330/https://www.mod.go.jp/gsdf/wae/info/nyusatu/wa-fin/04/R611_364_b1_.pdf,pdf,gsdf_seibu,西部方面会計隊,陸上自衛隊,2024,2024,2
https://warp.ndl.go.jp/20250610/20250607031330/https://www.mod.go.jp/gsdf/wae/info/nyusatu/wa-fin/04/R611_364_b3.pdf,pdf,gsdf_seibu,西部方面会計隊,陸上自衛隊,2024,2024,2
https://warp.ndl.go.jp/20250610/20250607031330/https://www.mod.go.jp/gsdf/wae/info/nyusatu/wa-fin/04/R611_364_b4.pdf,pdf,gsdf_seibu,西部方面会計隊,陸上自衛隊,2024,2024,1
https://warp.ndl.go.jp/20250610/20250607031330/https://www.mod.go.jp/gsdf/wae/info/nyusatu/wa-fin/04/R611_373_b3.pdf,pdf,gsdf_seibu,西部方面会計隊,陸上自衛隊,2024,2024,4
https://warp.ndl.go.jp/20250610/20250607031330/https://www.mod.go.jp/gsdf/wae/info/nyusatu/wa-fin/04/R611_404_ku_3.pdf,pdf,gsdf_seibu,西部方面会計隊,陸上自衛隊,2024,2024,2
https://warp.ndl.go.jp/20250610/20250607031330/https://www.mod.go.jp/gsdf/wae/info/nyusatu/wa-fin/04/R611_404_ku_b1.pdf,pdf,gsdf_seibu,西部方面会計隊,陸上自衛隊,2024,2024,1
https://warp.ndl.go.jp/20250610/20250607031330/https://www.mod.go.jp/gsdf/wae/info/nyusatu/wa-fin/04/R611_444_b3.pdf,pdf,gsdf_seibu,西部方面会計隊,陸上自衛隊,2024,2024,4
https://warp.ndl.go.jp/20250610/20250607031330/https://www.mod.go.jp/gsdf/wae/info/nyusatu/wa-fin/04/R611_hosp_fu_b1.pdf,pdf,gsdf_seibu,西部方面会計隊,陸上自衛隊,2024,2024,1
https://warp.ndl.go.jp/20250610/20250607031330/https://www.mod.go.jp/gsdf/wae/info/nyusatu/wa-fin/04/R611_hosp_ku_b1.pdf,pdf,gsdf_seibu,西部方面会計隊,陸上自衛隊,2024,2024,1
https://warp.ndl.go.jp/20250610/20250607031330/https://www.mod.go.jp/gsdf/wae/info/nyusatu/wa-fin/04/R611_hosp_ku_b3.pdf,pdf,gsdf_seibu,西部方面会計隊,陸上自衛隊,2024,2024,2
https://warp.ndl.go.jp/20250610/20250607031330/https://www.mod.go.jp/gsdf/wae/info/nyusatu/wa-fin/04/R612_361_b1.pdf,pdf,gsdf_seibu,西部方面会計隊,陸上自衛隊,2024,2024,1
https://warp.ndl.go.jp/20250610/20250607031330/https://www.mod.go.jp/gsdf/wae/info/nyusatu/wa-fin/04/R612_361_b3.pdf,pdf,gsdf_seibu,西部方面会計隊,陸上自衛隊,2024,2024,7
https://warp.ndl.go.jp/20250610/20250607031330/https://www.mod.go.jp/gsdf/wae/info/nyusatu/wa-fin/04/R612_363_1.pdf,pdf,gsdf_seibu,西部方面会計隊,陸上自衛隊,2024,2024,3
https://warp.ndl.go.jp/20250610/20250607031330/https://www.mod.go.jp/gsdf/wae/info/nyusatu/wa-fin/04/R612_363_b3.pdf,pdf,gsdf_seibu,西部方面会計隊,陸上自衛隊,2024,2024,19
https://warp.ndl.go.jp/20250610/20250607031330/https://www.mod.go.jp/gsdf/wae/info/nyusatu/wa-fin/04/R612_363_b4.pdf,pdf,gsdf_seibu,西部方面会計隊,陸上自衛隊,2024,2024,1
https://warp.ndl.go.jp/20250610/20250607031330/https://www.mod.go.jp/gsdf/wae/info/nyusatu/wa-fin/04/R612_364_b1.pdf,pdf,gsdf_seibu,西部方面会計隊,陸上自衛隊,2024,2024,1
https://warp.ndl.go.jp/20250610/20250607031330/https://www.mod.go.jp/gsdf/wae/info/nyusatu/wa-fin/04/R612_364_b3.pdf,pdf,gsdf_seibu,西部方面会計隊,陸上自衛隊,2024,2024,4
https://warp.ndl.go.jp/20250610/20250607031330/https://www.mod.go.jp/gsdf/wae/info/nyusatu/wa-fin/04/R612_364_ebi_b4.pdf,pdf,gsdf_seibu,西部方面会計隊,陸上自衛隊,2024,2024,1
https://warp.ndl.go.jp/20250610/20250607031330/https://www.mod.go.jp/gsdf/wae/info/nyusatu/wa-fin/04/R612_364_se_b1.pdf,pdf,gsdf_seibu,西部方面会計隊,陸上自衛隊,2024,2024,1
https://warp.ndl.go.jp/20250610/20250607031330/https://www.mod.go.jp/gsdf/wae/info/nyusatu/wa-fin/04/R612_373_b1.pdf,pdf,gsdf_seibu,西部方面会計隊,陸上自衛隊,2024,2024,3
https://warp.ndl.go.jp/20250610/20250607031330/https://www.mod.go.jp/gsdf/wae/info/nyusatu/wa-fin/04/R612_404_ku_3.pdf,pdf,gsdf_seibu,西部方面会計隊,陸上自衛隊,2024,2024,6
https://warp.ndl.go.jp/20250610/20250607031330/https://www.mod.go.jp/gsdf/wae/info/nyusatu/wa-fin/04/R612_436_b1.pdf,pdf,gsdf_seibu,西部方面会計隊,陸上自衛隊,2024,2024,1
https://warp.ndl.go.jp/20250610/20250607031330/https://www.mod.go.jp/gsdf/wae/info/nyusatu/wa-fin/04/R612_444_b3.pdf,pdf,gsdf_seibu,西部方面会計隊,陸上自衛隊,2024,2024,7
https://warp.ndl.go.jp/20250610/20250607031330/https://www.mod.go.jp/gsdf/wae/info/nyusatu/wa-fin/04/R612_hosp_fu_b3.pdf,pdf,gsdf_seibu,西部方面会計隊,陸上自衛隊,2024,2024,5
https://warp.ndl.go.jp/20250610/20250607031330/https://www.mod.go.jp/gsdf/wae/info/nyusatu/wa-fin/04/R612_hosp_ku_b1.pdf,pdf,gsdf_seibu,西部方面会計隊,陸上自衛隊,2024,2024,2
https://warp.ndl.go.jp/20250610/20250607031330/https://www.mod.go.jp/gsdf/wae/info/nyusatu/wa-fin/04/R612_hosp_ku_b3.pdf,pdf,gsdf_seibu,西部方面会計隊,陸上自衛隊,2024,2024,4
https://warp.ndl.go.jp/20250610/20250607031330/https://www.mod.go.jp/gsdf/wae/info/nyusatu/wa-fin/04/R612_pco_ka_b3.pdf,pdf,gsdf_seibu,西部方面会計隊,陸上自衛隊,2024,2024,1
https://warp.ndl.go.jp/20250610/20250607031330/https://www.mod.go.jp/gsdf/wae/info/nyusatu/wa-fin/04/R61_361_b3.pdf,pdf,gsdf_seibu,西部方面会計隊,陸上自衛隊,2024,2024,6
https://warp.ndl.go.jp/20250610/20250607031330/https://www.mod.go.jp/gsdf/wae/info/nyusatu/wa-fin/04/R61_363_b4.pdf,pdf,gsdf_seibu,西部方面会計隊,陸上自衛隊,2024,2024,1
https://warp.ndl.go.jp/20250610/20250607031330/https://www.mod.go.jp/gsdf/wae/info/nyusatu/wa-fin/04/R61_hosp_fu_b3.pdf,pdf,gsdf_seibu,西部方面会計隊,陸上自衛隊,2024,2024,1
https://warp.ndl.go.jp/20250610/20250607031330/https://www.mod.go.jp/gsdf/wae/info/nyusatu/wa-fin/04/R61_hosp_ku_b3.pdf,pdf,gsdf_seibu,西部方面会計隊,陸上自衛隊,2024,2024,3
https://warp.ndl.go.jp/20250610/20250607031330/https://www.mod.go.jp/gsdf/wae/info/nyusatu/wa-fin/04/R62_hosp_fu_b3.pdf,pdf,gsdf_seibu,西部方面会計隊,陸上自衛隊,2024,2024,4
https://warp.ndl.go.jp/20250610/20250607031330/https://www.mod.go.jp/gsdf/wae/info/nyusatu/wa-fin/04/gyo_6.1.3.pdf,pdf,gsdf_seibu,西部方面会計隊,陸上自衛隊,2024,2024,13
https://warp.ndl.go.jp/20250610/20250607031330/https://www.mod.go.jp/gsdf/wae/info/nyusatu/wa-fin/04/gyo_6.11.1.pdf,pdf,gsdf_seibu,西部方面会計隊,陸上自衛隊,2024,2024,2
https://warp.ndl.go.jp/20250610/20250607031330/https://www.mod.go.jp/gsdf/wae/info/nyusatu/wa-fin/04/gyo_6.11.3.pdf,pdf,gsdf_seibu,西部方面会計隊,陸上自衛隊,2024,2024,9
https://warp.ndl.go.jp/20250610/20250607031330/https://www.mod.go.jp/gsdf/wae/info/nyusatu/wa-fin/04/gyo_6.12.1.pdf,pdf,gsdf_seibu,西部方面会計隊,陸上自衛隊,2024,2024,3
https://warp.ndl.go.jp/20250610/20250607031330/https://www.mod.go.jp/gsdf/wae/info/nyusatu/wa-fin/04/gyo_6.12.3.pdf,pdf,gsdf_seibu,西部方面会計隊,陸上自衛隊,2024,2024,19
https://warp.ndl.go.jp/20250610/20250607031330/https://www.mod.go.jp/gsdf/wae/info/nyusatu/wa-fin/04/gyo_6.2.1.pdf,pdf,gsdf_seibu,西部方面会計隊,陸上自衛隊,2024,2024,1
https://warp.ndl.go.jp/20250610/20250607031330/https://www.mod.go.jp/gsdf/wae/info/nyusatu/wa-fin/04/gyo_6.2.3_1.pdf,pdf,gsdf_seibu,西部方面会計隊,陸上自衛隊,2024,2024,30
https://warp.ndl.go.jp/20250610/20250607031330/https://www.mod.go.jp/gsdf/wae/info/nyusatu/wa-fin/04/gyo_6.2.3_2.pdf,pdf,gsdf_seibu,西部方面会計隊,陸上自衛隊,2024,2024,17
https://warp.ndl.go.jp/20250610/20250607031330/https://www.mod.go.jp/gsdf/wae/info/nyusatu/wa-fin/04/gyo_7.3.3.pdf,pdf,gsdf_seibu,西部方面会計隊,陸上自衛隊,2024,2024,19
https://warp.ndl.go.jp/20250610/20250607031330/https://www.mod.go.jp/gsdf/wae/info/nyusatu/wa-fin/04/ku_6.12_3.pdf,pdf,gsdf_seibu,西部方面会計隊,陸上自衛隊,2024,2024,1
https://warp.ndl.go.jp/20250610/20250607031330/https://www.mod.go.jp/gsdf/wae/info/nyusatu/wa-fin/04/na_7.2_4.pdf,pdf,gsdf_seibu,西部方面会計隊,陸上自衛隊,2024,2024,1
https://warp.ndl.go.jp/20250610/20250607031330/https://www.mod.go.jp/gsdf/wae/info/nyusatu/wa-fin/04/pco_fu_6.10_3.pdf,pdf,gsdf_seibu,西部方面会計隊,陸上自衛隊,2024,2024,2
https://warp.ndl.go.jp/20250610/20250607031330/https://www.mod.go.jp/gsdf/wae/info/nyusatu/wa-fin/04/pco_fu_6.12_3.pdf,pdf,gsdf_seibu,西部方面会計隊,陸上自衛隊,2024,2024,1
https://warp.ndl.go.jp/20250610/20250607031330/https://www.mod.go.jp/gsdf/wae/info/nyusatu/wa-fin/04/pco_fu_6.1_3.pdf,pdf,gsdf_seibu,西部方面会計隊,陸上自衛隊,2024,2024,1
https://warp.ndl.go.jp/20250610/20250607031330/https://www.mod.go.jp/gsdf/wae/info/nyusatu/wa-fin/04/pco_fu_6.4_3.pdf,pdf,gsdf_seibu,西部方面会計隊,陸上自衛隊,2024,2024,5
https://warp.ndl.go.jp/20250610/20250607031330/https://www.mod.go.jp/gsdf/wae/info/nyusatu/wa-fin/04/pco_fu_6.5_3.pdf,pdf,gsdf_seibu,西部方面会計隊,陸上自衛隊,2024,2024,1
https://warp.ndl.go.jp/20250610/20250607031330/https://www.mod.go.jp/gsdf/wae/info/nyusatu/wa-fin/04/pco_fu_6.7_4.pdf,pdf,gsdf_seibu,西部方面会計隊,陸上自衛隊,2024,2024,1
https://warp.ndl.go.jp/20250610/20250607031330/https://www.mod.go.jp/gsdf/wae/info/nyusatu/wa-fin/04/pco_fu_7.2_3.pdf,pdf,gsdf_seibu,西部方面会計隊,陸上自衛隊,2024,2024,1
https://warp.ndl.go.jp/20250610/20250607031330/https://www.mod.go.jp/gsdf/wae/info/nyusatu/wa-fin/04/pco_ku_6.12_3.pdf,pdf,gsdf_seibu,西部方面会計隊,陸上自衛隊,2024,2024,1
https://warp.ndl.go.jp/20250610/20250607031330/https://www.mod.go.jp/gsdf/wae/info/nyusatu/wa-fin/04/pco_mi_6.12_3.pdf,pdf,gsdf_seibu,西部方面会計隊,陸上自衛隊,2024,2024,1
https://warp.ndl.go.jp/20250610/20250607031330/https://www.mod.go.jp/gsdf/wae/info/nyusatu/wa-fin/04/pco_mi_7.2_3.pdf,pdf,gsdf_seibu,西部方面会計隊,陸上自衛隊,2024,2024,2
https://warp.ndl.go.jp/20250610/20250607031330/https://www.mod.go.jp/gsdf/wae/info/nyusatu/wa-fin/04/pco_na_6.12.3.pdf,pdf,gsdf_seibu,西部方面会計隊,陸上自衛隊,2024,2024,1
https://warp.ndl.go.jp/20250610/20250607031330/https://www.mod.go.jp/gsdf/wae/info/nyusatu/wa-fin/04/pco_na_6.2.3.pdf,pdf,gsdf_seibu,西部方面会計隊,陸上自衛隊,2023,2023,2
https://warp.ndl.go.jp/20250610/20250607031330/https://www.mod.go.jp/gsdf/wae/info/nyusatu/wa-fin/04/pco_oki_6.11_3.pdf,pdf,gsdf_seibu,西部方面会計隊,陸上自衛隊,2024,2024,1
https://warp.ndl.go.jp/20250610/20250607031330/https://www.mod.go.jp/gsdf/wae/info/nyusatu/wa-fin/04/pco_oo_6.12_3.pdf,pdf,gsdf_seibu,西部方面会計隊,陸上自衛隊,2024,2024,1
https://warp.ndl.go.jp/20250610/20250607031330/https://www.mod.go.jp/gsdf/wae/info/nyusatu/wa-fin/04/pco_sa_6.12_3.pdf,pdf,gsdf_seibu,西部方面会計隊,陸上自衛隊,2024,2024,1
https://warp.ndl.go.jp/20250610/20250607031330/https://www.mod.go.jp/gsdf/wae/info/nyusatu/wa-fin/04/pco_sa_6.2_3.pdf,pdf,gsdf_seibu,西部方面会計隊,陸上自衛隊,2024,2024,1
https://warp.ndl.go.jp/20250610/20250607031330/https://www.mod.go.jp/gsdf/wae/info/nyusatu/wa-fin/04/syu_5.11_3.pdf,pdf,gsdf_seibu,西部方面会計隊,陸上自衛隊,2023,2023,1
https://warp.ndl.go.jp/20250610/20250607031330/https://www.mod.go.jp/gsdf/wae/info/nyusatu/wa-fin/04/syu_5.12_3.pdf,pdf,gsdf_seibu,西部方面会計隊,陸上自衛隊,2023,2023,1
https://warp.ndl.go.jp/20250610/20250607031330/https://www.mod.go.jp/gsdf/wae/info/nyusatu/wa-fin/04/syu_5.12_4.pdf,pdf,gsdf_seibu,西部方面会計隊,陸上自衛隊,2023,2023,1
https://warp.ndl.go.jp/20250610/20250607031330/https://www.mod.go.jp/gsdf/wae/info/nyusatu/wa-fin/04/syu_6.10_3.pdf,pdf,gsdf_seibu,西部方面会計隊,陸上自衛隊,2024,2024,2
https://warp.ndl.go.jp/20250610/20250607031330/https://www.mod.go.jp/gsdf/wae/info/nyusatu/wa-fin/04/syu_6.1_3.pdf,pdf,gsdf_seibu,西部方面会計隊,陸上自衛隊,2023,2023,4
https://warp.ndl.go.jp/20250610/20250607031330/https://www.mod.go.jp/gsdf/wae/info/nyusatu/wa-fin/04/syu_6.1_4.pdf,pdf,gsdf_seibu,西部方面会計隊,陸上自衛隊,2023,2023,1
https://warp.ndl.go.jp/20250610/20250607031330/https://www.mod.go.jp/gsdf/wae/info/nyusatu/wa-fin/04/syu_6.2_3.pdf,pdf,gsdf_seibu,西部方面会計隊,陸上自衛隊,2023,2023,1
https://warp.ndl.go.jp/20250610/20250607031330/https://www.mod.go.jp/gsdf/wae/info/nyusatu/wa-fin/04/syu_6.3_3.pdf,pdf,gsdf_seibu,西部方面会計隊,陸上自衛隊,2023,2023,5
https://warp.ndl.go.jp/20250610/20250607031330/https://www.mod.go.jp/gsdf/wae/info/nyusatu/wa-fin/04/syu_6.4_3.pdf,pdf,gsdf_seibu,西部方面会計隊,陸上自衛隊,2024,2024,9
https://warp.ndl.go.jp/20250610/20250607031330/https://www.mod.go.jp/gsdf/wae/info/nyusatu/wa-fin/04/syu_6.4_4.pdf,pdf,gsdf_seibu,西部方面会計隊,陸上自衛隊,2024,2024,12
https://warp.ndl.go.jp/20250610/20250607031330/https://www.mod.go.jp/gsdf/wae/info/nyusatu/wa-fin/04/syu_6.5_3.pdf,pdf,gsdf_seibu,西部方面会計隊,陸上自衛隊,2024,2024,1
https://warp.ndl.go.jp/20250610/20250607031330/https://www.mod.go.jp/gsdf/wae/info/nyusatu/wa-fin/04/syu_6.6_3.pdf,pdf,gsdf_seibu,西部方面会計隊,陸上自衛隊,2024,2024,2
https://warp.ndl.go.jp/20250610/20250607031330/https://www.mod.go.jp/gsdf/wae/info/nyusatu/wa-fin/04/syu_6.7_3.pdf,pdf,gsdf_seibu,西部方面会計隊,陸上自衛隊,2024,2024,3
https://warp.ndl.go.jp/20250610/20250607031330/https://www.mod.go.jp/gsdf/wae/info/nyusatu/wa-fin/04/syu_6.8_3.pdf,pdf,gsdf_seibu,西部方面会計隊,陸上自衛隊,2024,2024,1
https://warp.ndl.go.jp/20250610/20250607031330/https://www.mod.go.jp/gsdf/wae/info/nyusatu/wa-fin/04/syu_6.9_3.pdf,pdf,gsdf_seibu,西部方面会計隊,陸上自衛隊,2024,2024,3
https://warp.ndl.go.jp/20240715/20240715000000/https://www.mod.go.jp/gsdf/sigsch/fin/ane/exh7-12.pdf,warp_crawler,gsdf_sigsch,通信学校（信）,陸上自衛隊,2023,2023,7
https://warp.ndl.go.jp/20221105/20221105000000id_/https://www.mod.go.jp/msdf/bukei/zd/nyusatsu/RAKUSATSU_B.xlsx,excel_warp,msdf_asd,航空補給処,海上自衛隊,2022,2022,103
https://warp.ndl.go.jp/20221105/20221105000000id_/https://www.mod.go.jp/msdf/bukei/zd/nyusatsu/ZUIKEI_B.xlsx,excel_warp,msdf_asd,航空補給処,海上自衛隊,2022,2023,1630
https://warp.ndl.go.jp/20230505/20230505000000id_/https://www.mod.go.jp/msdf/bukei/zd/nyusatsu/RAKUSATSU_B.xlsx,excel_warp,msdf_asd,航空補給処,海上自衛隊,2022,2022,3
https://warp.ndl.go.jp/20230505/20230505000000id_/https://www.mod.go.jp/msdf/bukei/zd/nyusatsu/ZUIKEI_B.xlsx,excel_warp,msdf_asd,航空補給処,海上自衛隊,2022,2023,525
https://warp.ndl.go.jp/20230715/20230715000000/https://www.mod.go.jp/msdf/bukei/zd/nyusatsu/RAKUSATSU_B.xlsx,excel,msdf_asd,航空補給処,海上自衛隊,2022,2022,54
https://warp.ndl.go.jp/20230715/20230715000000/https://www.mod.go.jp/msdf/bukei/zd/nyusatsu/RAKUSATSU_K.xlsx,warp_crawler,msdf_asd,航空補給処,海上自衛隊,2022,2022,1
https://warp.ndl.go.jp/20230715/20230715000000/https://www.mod.go.jp/msdf/bukei/zd/nyusatsu/ZUIKEI_B.xlsx,warp_crawler,msdf_asd,航空補給処,海上自衛隊,2022,2022,382
https://warp.ndl.go.jp/20240407/20240407071815id_/https://www.mod.go.jp/msdf/bukei/zd/nyusatsu/RAKUSATSU_B.xlsx,excel_warp,msdf_asd,航空補給処,海上自衛隊,2023,2023,4
https://warp.ndl.go.jp/20240505/20240505000000id_/https://www.mod.go.jp/msdf/bukei/zd/nyusatsu/RAKUSATSU_B.xlsx,excel_warp,msdf_asd,航空補給処,海上自衛隊,2022,2023,187
https://warp.ndl.go.jp/20240507/20240507065526id_/https://www.mod.go.jp/msdf/bukei/zd/nyusatsu/RAKUSATSU_B.xlsx,excel_warp,msdf_asd,航空補給処,海上自衛隊,2023,2023,4
https://warp.ndl.go.jp/20240608/20240608034532id_/https://www.mod.go.jp/msdf/bukei/zd/nyusatsu/RAKUSATSU_B.xlsx,excel_warp,msdf_asd,航空補給処,海上自衛隊,2023,2023,4
https://warp.ndl.go.jp/20240708/20240708061105id_/https://www.mod.go.jp/msdf/bukei/zd/nyusatsu/RAKUSATSU_B.xlsx,excel_warp,msdf_asd,航空補給処,海上自衛隊,2023,2023,4
https://warp.ndl.go.jp/20240715/20240715000000/https://www.mod.go.jp/msdf/bukei/zd/nyusatsu/RAKUSATSU_B.xlsx,excel,msdf_asd,航空補給処,海上自衛隊,2023,2023,76
https://warp.ndl.go.jp/20240715/20240715000000/https://www.mod.go.jp/msdf/bukei/zd/nyusatsu/RAKUSATSU_K.xlsx,warp_crawler,msdf_asd,航空補給処,海上自衛隊,2023,2023,3
https://warp.ndl.go.jp/20240715/20240715000000/https://www.mod.go.jp/msdf/bukei/zd/nyusatsu/ZUIKEI_B.xlsx,warp_crawler,msdf_asd,航空補給処,海上自衛隊,2023,2023,1586
https://warp.ndl.go.jp/20240807/20240807163911id_/https://www.mod.go.jp/msdf/bukei/zd/nyusatsu/RAKUSATSU_B.xlsx,excel_warp,msdf_asd,航空補給処,海上自衛隊,2023,2023,4
https://warp.ndl.go.jp/20240905/20240905000000id_/https://www.mod.go.jp/msdf/bukei/zd/nyusatsu/RAKUSATSU_B.xlsx,excel_warp,msdf_asd,航空補給処,海上自衛隊,2023,2024,14
https://warp.ndl.go.jp/20240907/20240907173557id_/https://www.mod.go.jp/msdf/bukei/zd/nyusatsu/RAKUSATSU_B.xlsx,excel_warp,msdf_asd,航空補給処,海上自衛隊,2023,2024,7
https://warp.ndl.go.jp/20241006/20241006101914id_/https://www.mod.go.jp/msdf/bukei/zd/nyusatsu/RAKUSATSU_B.xlsx,excel_warp,msdf_asd,航空補給処,海上自衛隊,2023,2024,5
https://warp.ndl.go.jp/20241105/20241105222410id_/https://www.mod.go.jp/msdf/bukei/zd/nyusatsu/RAKUSATSU_B.xlsx,excel_warp,msdf_asd,航空補給処,海上自衛隊,2023,2024,5
https://warp.ndl.go.jp/20241206/20241206014804id_/https://www.mod.go.jp/msdf/bukei/zd/nyusatsu/RAKUSATSU_B.xlsx,excel_warp,msdf_asd,航空補給処,海上自衛隊,2023,2024,5
https://warp.ndl.go.jp/20250602/20250602172346id_/https://www.mod.go.jp/msdf/bukei/zd/nyusatsu/RAKUSATSU_B.xlsx,excel_warp,msdf_asd,航空補給処,海上自衛隊,2024,2024,168
https://warp.ndl.go.jp/20250602/20250602172346id_/https://www.mod.go.jp/msdf/bukei/zd/nyusatsu/ZUIKEI_B.xlsx,excel_warp,msdf_asd,航空補給処,海上自衛隊,2024,2024,1529
https://warp.ndl.go.jp/20250705/20250705083617id_/https://www.mod.go.jp/msdf/bukei/zd/nyusatsu/RAKUSATSU_B.xlsx,excel_warp,msdf_asd,航空補給処,海上自衛隊,2024,2024,4
https://warp.ndl.go.jp/20250705/20250705083617id_/https://www.mod.go.jp/msdf/bukei/zd/nyusatsu/ZUIKEI_B.xlsx,excel_warp,msdf_asd,航空補給処,海上自衛隊,2024,2025,496
https://warp.ndl.go.jp/20230715/20230715000000/https://www.mod.go.jp/msdf/bukei/d0/nyuusatu/RAKUSATSU_B.xlsx,warp_crawler,msdf_d0,大湊地方総監部,海上自衛隊,2022,2022,31
https://warp.ndl.go.jp/20230715/20230715000000/https://www.mod.go.jp/msdf/bukei/d0/nyuusatu/RAKUSATSU_K.xlsx,warp_crawler,msdf_d0,大湊地方総監部,海上自衛隊,2022,2022,5
https://warp.ndl.go.jp/20230715/20230715000000/https://www.mod.go.jp/msdf/bukei/d0/nyuusatu/ZUIKEI_B.xlsx,warp_crawler,msdf_d0,大湊地方総監部,海上自衛隊,2022,2022,168
https://warp.ndl.go.jp/20240715/20240715000000/https://www.mod.go.jp/msdf/bukei/d0/nyuusatu/RAKUSATSU_B.xlsx,warp_crawler,msdf_d0,大湊地方総監部,海上自衛隊,2023,2023,64
https://warp.ndl.go.jp/20240715/20240715000000/https://www.mod.go.jp/msdf/bukei/d0/nyuusatu/RAKUSATSU_K.xlsx,warp_crawler,msdf_d0,大湊地方総監部,海上自衛隊,2023,2023,18
https://warp.ndl.go.jp/20240715/20240715000000/https://www.mod.go.jp/msdf/bukei/d0/nyuusatu/ZUIKEI_B.xlsx,warp_crawler,msdf_d0,大湊地方総監部,海上自衛隊,2023,2023,204
https://warp.ndl.go.jp/20241006/20241006101842id_/https://www.mod.go.jp/msdf/bukei/d0/nyuusatu/RAKUSATSU_B.xlsx,excel_warp,msdf_d0,大湊地方総監部,海上自衛隊,2023,2024,297
https://warp.ndl.go.jp/20241006/20241006101842id_/https://www.mod.go.jp/msdf/bukei/d0/nyuusatu/ZUIKEI_B.xlsx,excel_warp,msdf_d0,大湊地方総監部,海上自衛隊,2023,2024,51
https://warp.ndl.go.jp/20250705/20250705083548id_/https://www.mod.go.jp/msdf/bukei/d0/nyuusatu/ZUIKEI_B.xlsx,excel_warp,msdf_d0,大湊地方総監部,海上自衛隊,2024,2024,81
https://web.archive.org/web/20230226070924id_/https://www.mod.go.jp/msdf/bukei/d0/nyuusatu/RAKUSATSU_B.xlsx,excel_wayback,msdf_d0,大湊地方総監部,海上自衛隊,2022,2022,248
https://web.archive.org/web/20230226070924id_/https://www.mod.go.jp/msdf/bukei/d0/nyuusatu/ZUIKEI_B.xlsx,excel_wayback,msdf_d0,大湊地方総監部,海上自衛隊,2022,2022,64
https://warp.ndl.go.jp/20230715/20230715000000/https://www.mod.go.jp/msdf/bukei/d1/RAKUSATSU_B.xlsx,warp_crawler,msdf_d1,函館基地隊,海上自衛隊,2022,2022,22
https://warp.ndl.go.jp/20230715/20230715000000/https://www.mod.go.jp/msdf/bukei/d1/RAKUSATSU_K.xls,warp_crawler,msdf_d1,函館基地隊,海上自衛隊,2022,2022,3
https://warp.ndl.go.jp/20230715/20230715000000/https://www.mod.go.jp/msdf/bukei/d1/ZUIKEI_B.xls,warp_crawler,msdf_d1,函館基地隊,海上自衛隊,2022,2022,13
https://warp.ndl.go.jp/20240715/20240715000000/https://www.mod.go.jp/msdf/bukei/d1/RAKUSATSU_B.xlsx,warp_crawler,msdf_d1,函館基地隊,海上自衛隊,2023,2023,24
https://warp.ndl.go.jp/20240715/20240715000000/https://www.mod.go.jp/msdf/bukei/d1/RAKUSATSU_K.xls,warp_crawler,msdf_d1,函館基地隊,海上自衛隊,2023,2023,6
https://warp.ndl.go.jp/20240715/20240715000000/https://www.mod.go.jp/msdf/bukei/d1/ZUIKEI_B.xls,warp_crawler,msdf_d1,函館基地隊,海上自衛隊,2023,2023,5
https://warp.ndl.go.jp/20241005/20241005000000id_/https://www.mod.go.jp/msdf/bukei/d1/RAKUSATSU_B.xlsx,excel,msdf_d1,函館基地隊,海上自衛隊,2023,2023,2
https://warp.ndl.go.jp/20230715/20230715000000/https://www.mod.go.jp/msdf/bukei/k0/nyuusatsu/RAKUSATSU_B.xlsx,warp_crawler,msdf_k0,呉地方総監部,海上自衛隊,2022,2022,9
https://warp.ndl.go.jp/20230715/20230715000000/https://www.mod.go.jp/msdf/bukei/k0/nyuusatsu/RAKUSATSU_K.xlsx,warp_crawler,msdf_k0,呉地方総監部,海上自衛隊,2022,2022,4
https://warp.ndl.go.jp/20230715/20230715000000/https://www.mod.go.jp/msdf/bukei/k0/nyuusatsu/ZUIKEI_B.xlsx,warp_crawler,msdf_k0,呉地方総監部,海上自衛隊,2022,2022,551
https://warp.ndl.go.jp/20230715/20230715000000/https://www.mod.go.jp/msdf/bukei/k0/nyuusatsu/ZUIKEI_K.xlsx,warp_crawler,msdf_k0,呉地方総監部,海上自衛隊,2022,2022,1
https://warp.ndl.go.jp/20240207/20240207142858id_/https://www.mod.go.jp/msdf/bukei/k0/nyuusatsu/RAKUSATSU_B.xlsx,excel_warp,msdf_k0,呉地方総監部,海上自衛隊,2022,2023,598
https://warp.ndl.go.jp/20240307/20240307133753id_/https://www.mod.go.jp/msdf/bukei/k0/nyuusatsu/RAKUSATSU_B.xlsx,excel_warp,msdf_k0,呉地方総監部,海上自衛隊,2023,2023,65
https://warp.ndl.go.jp/20240407/20240407071936id_/https://www.mod.go.jp/msdf/bukei/k0/nyuusatsu/RAKUSATSU_B.xlsx,excel_warp,msdf_k0,呉地方総監部,海上自衛隊,2023,2023,34
https://warp.ndl.go.jp/20240507/20240507065704id_/https://www.mod.go.jp/msdf/bukei/k0/nyuusatsu/RAKUSATSU_B.xlsx,excel_warp,msdf_k0,呉地方総監部,海上自衛隊,2023,2023,47
https://warp.ndl.go.jp/20240608/20240608034716id_/https://www.mod.go.jp/msdf/bukei/k0/nyuusatsu/RAKUSATSU_B.xlsx,excel_warp,msdf_k0,呉地方総監部,海上自衛隊,2023,2023,16
https://warp.ndl.go.jp/20240708/20240708061257id_/https://www.mod.go.jp/msdf/bukei/k0/nyuusatsu/RAKUSATSU_B.xlsx,excel_warp,msdf_k0,呉地方総監部,海上自衛隊,2024,2024,144
https://warp.ndl.go.jp/20240715/20240715000000/https://www.mod.go.jp/msdf/bukei/k0/nyuusatsu/RAKUSATSU_B.xlsx,warp_crawler,msdf_k0,呉地方総監部,海上自衛隊,2023,2023,7
https://warp.ndl.go.jp/20240715/20240715000000/https://www.mod.go.jp/msdf/bukei/k0/nyuusatsu/RAKUSATSU_K.xlsx,warp_crawler,msdf_k0,呉地方総監部,海上自衛隊,2023,2023,4
https://warp.ndl.go.jp/20240715/20240715000000/https://www.mod.go.jp/msdf/bukei/k0/nyuusatsu/ZUIKEI_B.xlsx,warp_crawler,msdf_k0,呉地方総監部,海上自衛隊,2023,2023,889
https://warp.ndl.go.jp/20240715/20240715000000/https://www.mod.go.jp/msdf/bukei/k0/nyuusatsu/ZUIKEI_K.xlsx,warp_crawler,msdf_k0,呉地方総監部,海上自衛隊,2023,2023,1
https://warp.ndl.go.jp/20240807/20240807164051id_/https://www.mod.go.jp/msdf/bukei/k0/nyuusatsu/RAKUSATSU_B.xlsx,excel_warp,msdf_k0,呉地方総監部,海上自衛隊,2024,2024,39
https://warp.ndl.go.jp/20240907/20240907173734id_/https://www.mod.go.jp/msdf/bukei/k0/nyuusatsu/RAKUSATSU_B.xlsx,excel_warp,msdf_k0,呉地方総監部,海上自衛隊,2024,2024,62
https://warp.ndl.go.jp/20241006/20241006102053id_/https://www.mod.go.jp/msdf/bukei/k0/nyuusatsu/RAKUSATSU_B.xlsx,excel_warp,msdf_k0,呉地方総監部,海上自衛隊,2024,2024,75
https://warp.ndl.go.jp/20241105/20241105222559id_/https://www.mod.go.jp/msdf/bukei/k0/nyuusatsu/RAKUSATSU_B.xlsx,excel_warp,msdf_k0,呉地方総監部,海上自衛隊,2024,2024,27
https://warp.ndl.go.jp/20241206/20241206014942id_/https://www.mod.go.jp/msdf/bukei/k0/nyuusatsu/RAKUSATSU_B.xlsx,excel_warp,msdf_k0,呉地方総監部,海上自衛隊,2024,2024,65
https://warp.ndl.go.jp/20250605/20250605184652id_/https://www.mod.go.jp/msdf/bukei/k0/nyuusatsu/ZUIKEI_B.xlsx,excel_warp,msdf_k0,呉地方総監部,海上自衛隊,2024,2024,265
https://web.archive.org/web/20230226070917id_/https://www.mod.go.jp/msdf/bukei/k0/nyuusatsu/RAKUSATSU_B.xlsx,excel_wayback,msdf_k0,呉地方総監部,海上自衛隊,2022,2022,338
https://web.archive.org/web/20230226070917id_/https://www.mod.go.jp/msdf/bukei/k0/nyuusatsu/ZUIKEI_B.xlsx,excel_wayback,msdf_k0,呉地方総監部,海上自衛隊,2022,2022,169
https://warp.ndl.go.jp/20230715/20230715000000/https://www.mod.go.jp/msdf/bukei/k1/RAKUSATU_B.xlsx,warp_crawler,msdf_k1,阪神基地隊,海上自衛隊,2022,2022,36
https://warp.ndl.go.jp/20230715/20230715000000/https://www.mod.go.jp/msdf/bukei/k1/ZUIKEI_B.xlsx,warp_crawler,msdf_k1,阪神基地隊,海上自衛隊,2022,2022,4
https://warp.ndl.go.jp/20240715/20240715000000/https://www.mod.go.jp/msdf/bukei/k1/RAKUSATU_B.xlsx,warp_crawler,msdf_k1,阪神基地隊,海上自衛隊,2023,2023,45
https://warp.ndl.go.jp/20230715/20230715000000/https://www.mod.go.jp/msdf/bukei/k2/nyuusatsu/RAKUSATSU_B.xls,warp_crawler,msdf_k2,徳島航空基地隊,海上自衛隊,2022,2022,16
https://warp.ndl.go.jp/20230715/20230715000000/https://www.mod.go.jp/msdf/bukei/k2/nyuusatsu/RAKUSATSU_K.xls,warp_crawler,msdf_k2,徳島航空基地隊,海上自衛隊,2022,2022,6
https://warp.ndl.go.jp/20230715/20230715000000/https://www.mod.go.jp/msdf/bukei/k2/nyuusatsu/ZUIKEI_B.xls,warp_crawler,msdf_k2,徳島航空基地隊,海上自衛隊,2022,2022,11
https://warp.ndl.go.jp/20240715/20240715000000/https://www.mod.go.jp/msdf/bukei/k2/nyuusatsu/RAKUSATSU_B.xls,warp_crawler,msdf_k2,徳島航空基地隊,海上自衛隊,2023,2023,12
https://warp.ndl.go.jp/20240715/20240715000000/https://www.mod.go.jp/msdf/bukei/k2/nyuusatsu/RAKUSATSU_K.xls,warp_crawler,msdf_k2,徳島航空基地隊,海上自衛隊,2023,2023,6
https://warp.ndl.go.jp/20240715/20240715000000/https://www.mod.go.jp/msdf/bukei/k2/nyuusatsu/ZUIKEI_B.xls,warp_crawler,msdf_k2,徳島航空基地隊,海上自衛隊,2023,2023,9
https://warp.ndl.go.jp/20230715/20230715000000/https://www.mod.go.jp/msdf/bukei/k4/nyuusatsu/RAKUSATSU_B.xls,warp_crawler,msdf_k4,第31整備補給隊,海上自衛隊,2022,2022,114
https://warp.ndl.go.jp/20230715/20230715000000/https://www.mod.go.jp/msdf/bukei/k4/nyuusatsu/RAKUSATSU_K.xls,warp_crawler,msdf_k4,第31整備補給隊,海上自衛隊,2022,2022,3
https://warp.ndl.go.jp/20230715/20230715000000/https://www.mod.go.jp/msdf/bukei/k4/nyuusatsu/ZUIKEI_B.xls,warp_crawler,msdf_k4,第31整備補給隊,海上自衛隊,2022,2022,33
https://warp.ndl.go.jp/20240715/20240715000000/https://www.mod.go.jp/msdf/bukei/k4/nyuusatsu/RAKUSATSU_B.xlsx,excel,msdf_k4,第31整備補給隊,海上自衛隊,2023,2024,3
https://warp.ndl.go.jp/20240715/20240715000000/https://www.mod.go.jp/msdf/bukei/k4/nyuusatsu/RAKUSATSU_K.xls,warp_crawler,msdf_k4,第31整備補給隊,海上自衛隊,2023,2023,2
https://warp.ndl.go.jp/20230715/20230715000000/https://www.mod.go.jp/msdf/bukei/k7/nyuusatsu/RAKUSATSU_B.xls,warp_crawler,msdf_k7,第24航空隊,海上自衛隊,2022,2022,27
https://warp.ndl.go.jp/20240715/20240715000000/https://www.mod.go.jp/msdf/bukei/k7/nyuusatsu/RAKUSATSU_B.xls,warp_crawler,msdf_k7,第24航空隊,海上自衛隊,2023,2023,21
https://warp.ndl.go.jp/20241006/20241006102053id_/https://www.mod.go.jp/msdf/bukei/k0/nyuusatsu/RAKUSATSU_K.xlsx,excel,msdf_kure,呉地方総監部,海上自衛隊,2023,2023,3
https://warp.ndl.go.jp/20230715/20230715000000/https://www.mod.go.jp/msdf/bukei/m0/keiyakukeka/RAKUSATSU_B.xlsx,warp_crawler,msdf_m0,舞鶴地方総監部,海上自衛隊,2022,2022,180
https://warp.ndl.go.jp/20230715/20230715000000/https://www.mod.go.jp/msdf/bukei/m0/keiyakukeka/RAKUSATSU_K.xlsx,warp_crawler,msdf_m0,舞鶴地方総監部,海上自衛隊,2022,2022,4
https://warp.ndl.go.jp/20230715/20230715000000/https://www.mod.go.jp/msdf/bukei/m0/keiyakukeka/ZUIKEI_B.xlsx,warp_crawler,msdf_m0,舞鶴地方総監部,海上自衛隊,2022,2022,249
https://warp.ndl.go.jp/20240715/20240715000000/https://www.mod.go.jp/msdf/bukei/m0/keiyakukeka/RAKUSATSU_B.xlsx,warp_crawler,msdf_m0,舞鶴地方総監部,海上自衛隊,2023,2023,267
https://warp.ndl.go.jp/20240715/20240715000000/https://www.mod.go.jp/msdf/bukei/m0/keiyakukeka/RAKUSATSU_K.xlsx,warp_crawler,msdf_m0,舞鶴地方総監部,海上自衛隊,2023,2023,8
https://warp.ndl.go.jp/20240715/20240715000000/https://www.mod.go.jp/msdf/bukei/m0/keiyakukeka/ZUIKEI_B.xlsx,warp_crawler,msdf_m0,舞鶴地方総監部,海上自衛隊,2023,2023,331
https://warp.ndl.go.jp/20250705/20250705083727id_/https://www.mod.go.jp/msdf/bukei/m0/keiyakukeka/RAKUSATSU_B.xlsx,excel_warp,msdf_m0,舞鶴地方総監部,海上自衛隊,2024,2025,414
https://warp.ndl.go.jp/20250705/20250705083727id_/https://www.mod.go.jp/msdf/bukei/m0/keiyakukeka/ZUIKEI_B.xlsx,excel_warp,msdf_m0,舞鶴地方総監部,海上自衛隊,2024,2025,111
https://warp.ndl.go.jp/20230715/20230715000000/https://www.mod.go.jp/msdf/bukei/s0/nyuusatsu4/RAKUSATSU_B.xls,warp_crawler,msdf_s0,佐世保地方総監部,海上自衛隊,2022,2022,397
https://warp.ndl.go.jp/20230715/20230715000000/https://www.mod.go.jp/msdf/bukei/s0/nyuusatsu4/RAKUSATSU_K.xls,warp_crawler,msdf_s0,佐世保地方総監部,海上自衛隊,2022,2022,9
https://warp.ndl.go.jp/20230715/20230715000000/https://www.mod.go.jp/msdf/bukei/s0/nyuusatsu4/ZUIKEI_B.xls,warp_crawler,msdf_s0,佐世保地方総監部,海上自衛隊,2022,2022,522
https://warp.ndl.go.jp/20240715/20240715000000/https://www.mod.go.jp/msdf/bukei/s0/RAKUSATSU_B.xls,warp_crawler,msdf_s0,佐世保地方総監部,海上自衛隊,2023,2023,119
https://warp.ndl.go.jp/20240715/20240715000000/https://www.mod.go.jp/msdf/bukei/s0/RAKUSATSU_K.xls,warp_crawler,msdf_s0,佐世保地方総監部,海上自衛隊,2023,2023,8
https://warp.ndl.go.jp/20240715/20240715000000/https://www.mod.go.jp/msdf/bukei/s0/ZUIKEI_B.xls,warp_crawler,msdf_s0,佐世保地方総監部,海上自衛隊,2023,2023,683
https://warp.ndl.go.jp/20241006/20241006101840id_/https://www.mod.go.jp/msdf/bukei/s0/RAKUSATSU_B.xls,excel_warp,msdf_s0,佐世保地方総監部,海上自衛隊,2023,2024,710
https://warp.ndl.go.jp/20250605/20250605184840id_/https://www.mod.go.jp/msdf/bukei/s0/ZUIKEI_B.xls,excel_warp,msdf_s0,佐世保地方総監部,海上自衛隊,2024,2024,165
https://warp.ndl.go.jp/20230715/20230715000000/https://www.mod.go.jp/msdf/bukei/s1/nyuusatsu/RAKUSATSU_B.xls,warp_crawler,msdf_s1,下関基地隊,海上自衛隊,2022,2022,5
https://warp.ndl.go.jp/20240715/20240715000000/https://www.mod.go.jp/msdf/bukei/s1/nyuusatsu/RAKUSATSU_B.xls,warp_crawler,msdf_s1,下関基地隊,海上自衛隊,2023,2023,12
https://warp.ndl.go.jp/20230715/20230715000000/https://www.mod.go.jp/msdf/bukei/s3/nyuusatsu/RAKUSATSU_B.xls,warp_crawler,msdf_s3,第201整備補給隊,海上自衛隊,2022,2022,36
https://warp.ndl.go.jp/20230715/20230715000000/https://www.mod.go.jp/msdf/bukei/s3/nyuusatsu/RAKUSATSU_K.xls,warp_crawler,msdf_s3,第201整備補給隊,海上自衛隊,2022,2022,7
https://warp.ndl.go.jp/20230715/20230715000000/https://www.mod.go.jp/msdf/bukei/s3/nyuusatsu/ZUIKEI_B.xls,warp_crawler,msdf_s3,第201整備補給隊,海上自衛隊,2022,2022,5
https://warp.ndl.go.jp/20240715/20240715000000/https://www.mod.go.jp/msdf/bukei/s3/nyuusatsu/RAKUSATSU_B.xls,warp_crawler,msdf_s3,第201整備補給隊,海上自衛隊,2023,2023,25
https://warp.ndl.go.jp/20240715/20240715000000/https://www.mod.go.jp/msdf/bukei/s3/nyuusatsu/RAKUSATSU_K.xls,warp_crawler,msdf_s3,第201整備補給隊,海上自衛隊,2023,2023,9
https://warp.ndl.go.jp/20240715/20240715000000/https://www.mod.go.jp/msdf/bukei/s3/nyuusatsu/ZUIKEI_B.xls,warp_crawler,msdf_s3,第201整備補給隊,海上自衛隊,2023,2023,6
https://warp.ndl.go.jp/20240715/20240715000000/https://www.mod.go.jp/msdf/bukei/sa/nyuusatsu/RAKUSATSU_B.xlsx,excel,msdf_sa,奄美基地分遣隊,海上自衛隊,2024,2024,1
https://warp.ndl.go.jp/20230715/20230715000000/https://www.mod.go.jp/msdf/bukei/sk/nyuusatsu/RAKUSATSU_B.xlsx,warp_crawler,msdf_sk,沖縄基地隊,海上自衛隊,2022,2022,29
https://warp.ndl.go.jp/20230715/20230715000000/https://www.mod.go.jp/msdf/bukei/sk/nyuusatsu/RAKUSATSU_K.xlsx,warp_crawler,msdf_sk,沖縄基地隊,海上自衛隊,2022,2022,1
https://warp.ndl.go.jp/20230715/20230715000000/https://www.mod.go.jp/msdf/bukei/sk/nyuusatsu/ZUIKEI_B.xlsx,warp_crawler,msdf_sk,沖縄基地隊,海上自衛隊,2022,2022,8
https://warp.ndl.go.jp/20240715/20240715000000/https://www.mod.go.jp/msdf/bukei/sk/nyuusatsu/RAKUSATSU_B.xlsx,warp_crawler,msdf_sk,沖縄基地隊,海上自衛隊,2023,2023,13
https://warp.ndl.go.jp/20240715/20240715000000/https://www.mod.go.jp/msdf/bukei/sk/nyuusatsu/RAKUSATSU_K.xlsx,warp_crawler,msdf_sk,沖縄基地隊,海上自衛隊,2023,2023,4
https://warp.ndl.go.jp/20241005/20241005000000id_/https://www.mod.go.jp/msdf/bukei/sk/nyuusatsu/RAKUSATSU_B.xlsx,"excel,excel_warp",msdf_sk,沖縄基地隊,海上自衛隊,2023,2024,55
https://warp.ndl.go.jp/20241005/20241005000000id_/https://www.mod.go.jp/msdf/bukei/sk/nyuusatsu/ZUIKEI_B.xlsx,excel,msdf_sk,沖縄基地隊,海上自衛隊,2024,2024,6
https://warp.ndl.go.jp/20250205/20250205000000id_/https://www.mod.go.jp/msdf/bukei/sk/nyuusatsu/RAKUSATSU_B.xlsx,excel_warp,msdf_sk,沖縄基地隊,海上自衛隊,2023,2024,30
https://warp.ndl.go.jp/20250605/20250605184840id_/https://www.mod.go.jp/msdf/bukei/sk/nyuusatsu/RAKUSATSU_B.xlsx,excel_warp,msdf_sk,沖縄基地隊,海上自衛隊,2023,2024,30
https://warp.ndl.go.jp/20230715/20230715000000/https://www.mod.go.jp/msdf/bukei/sn/keiyakukeka/RAKUSATSU_B.xls,warp_crawler,msdf_sn,那覇航空基地隊,海上自衛隊,2022,2022,78
https://warp.ndl.go.jp/20230715/20230715000000/https://www.mod.go.jp/msdf/bukei/sn/keiyakukeka/RAKUSATSU_K.xls,warp_crawler,msdf_sn,那覇航空基地隊,海上自衛隊,2022,2022,1
https://warp.ndl.go.jp/20230715/20230715000000/https://www.mod.go.jp/msdf/bukei/sn/keiyakukeka/ZUIKEI_B.xlsx,warp_crawler,msdf_sn,那覇航空基地隊,海上自衛隊,2022,2022,9
https://warp.ndl.go.jp/20240715/20240715000000/https://www.mod.go.jp/msdf/bukei/sn/keiyakukeka/RAKUSATSU_B.xls,warp_crawler,msdf_sn,那覇航空基地隊,海上自衛隊,2023,2023,66
https://warp.ndl.go.jp/20240715/20240715000000/https://www.mod.go.jp/msdf/bukei/sn/keiyakukeka/ZUIKEI_B.xlsx,warp_crawler,msdf_sn,那覇航空基地隊,海上自衛隊,2023,2023,5
https://warp.ndl.go.jp/20230715/20230715000000/https://www.mod.go.jp/msdf/bukei/t2/nyuusatsu/RAKUSATSU_B.xls,warp_crawler,msdf_t2,補給本部,海上自衛隊,2022,2022,2
https://warp.ndl.go.jp/20230715/20230715000000/https://www.mod.go.jp/msdf/bukei/t2/nyuusatsu/ZUIKEI_B.xls,excel,msdf_t2,補給本部,海上自衛隊,2022,2022,180
https://warp.ndl.go.jp/20240715/20240715000000/https://www.mod.go.jp/msdf/bukei/t2/nyuusatsu/RAKUSATSU_K.xls,warp_crawler,msdf_t2,補給本部,海上自衛隊,2023,2023,2
https://warp.ndl.go.jp/20240715/20240715000000/https://www.mod.go.jp/msdf/bukei/t2/nyuusatsu/ZUIKEI_B.xls,excel,msdf_t2,補給本部,海上自衛隊,2023,2024,900
https://warp.ndl.go.jp/20241005/20241005000000id_/https://www.mod.go.jp/msdf/bukei/t2/nyuusatsu/ZUIKEI_B.xls,excel_warp,msdf_t2,補給本部,海上自衛隊,2023,2024,28
https://warp.ndl.go.jp/20250205/20250205000000id_/https://www.mod.go.jp/msdf/bukei/t2/nyuusatsu/ZUIKEI_B.xls,excel_warp,msdf_t2,補給本部,海上自衛隊,2023,2024,19
https://warp.ndl.go.jp/20250602/20250602172338id_/https://www.mod.go.jp/msdf/bukei/t2/nyuusatsu/RAKUSATSU_B.xls,excel,msdf_t2,補給本部,海上自衛隊,2024,2024,559
https://warp.ndl.go.jp/20250602/20250602172338id_/https://www.mod.go.jp/msdf/bukei/t2/nyuusatsu/ZUIKEI_B.xls,"excel,excel_warp",msdf_t2,補給本部,海上自衛隊,2024,2024,648
https://warp.ndl.go.jp/20250705/20250705083617id_/https://www.mod.go.jp/msdf/bukei/t2/nyuusatsu/ZUIKEI_B.xls,excel_warp,msdf_t2,補給本部,海上自衛隊,2024,2025,13
https://web.archive.org/web/20221116152126id_/https://www.mod.go.jp/msdf/bukei/t2/nyuusatsu/RAKUSATSU_B.xls,excel_wayback,msdf_t2,補給本部,海上自衛隊,2022,2022,167
https://web.archive.org/web/20221116152126id_/https://www.mod.go.jp/msdf/bukei/t2/nyuusatsu/ZUIKEI_B.xls,excel_wayback,msdf_t2,補給本部,海上自衛隊,2022,2022,164
https://web.archive.org/web/20230226070921id_/https://www.mod.go.jp/msdf/bukei/t2/nyuusatsu/RAKUSATSU_B.xls,excel_wayback,msdf_t2,補給本部,海上自衛隊,2022,2022,104
https://web.archive.org/web/20230226070921id_/https://www.mod.go.jp/msdf/bukei/t2/nyuusatsu/ZUIKEI_B.xls,excel_wayback,msdf_t2,補給本部,海上自衛隊,2022,2022,123
https://web.archive.org/web/20230813122748id_/https://www.mod.go.jp/msdf/bukei/t2/nyuusatsu/RAKUSATSU_B.xls,excel_wayback,msdf_t2,補給本部,海上自衛隊,2022,2022,83
https://web.archive.org/web/20230813122748id_/https://www.mod.go.jp/msdf/bukei/t2/nyuusatsu/ZUIKEI_B.xls,excel_wayback,msdf_t2,補給本部,海上自衛隊,2022,2023,237
https://web.archive.org/web/20240511000000id_/https://www.mod.go.jp/msdf/bukei/t2/nyuusatsu/RAKUSATSU_B.xls,excel_wayback,msdf_t2,補給本部,海上自衛隊,2023,2023,493
https://web.archive.org/web/20240511000000id_/https://www.mod.go.jp/msdf/bukei/t2/nyuusatsu/ZUIKEI_B.xls,excel_wayback,msdf_t2,補給本部,海上自衛隊,2023,2023,589
https://web.archive.org/web/20240511042127id_/https://www.mod.go.jp/msdf/bukei/t2/nyuusatsu/ZUIKEI_B.xls,excel_wayback,msdf_t2,補給本部,海上自衛隊,2023,2023,24
https://web.archive.org/web/20250126021315id_/https://www.mod.go.jp/msdf/bukei/t2/nyuusatsu/ZUIKEI_B.xls,excel_wayback,msdf_t2,補給本部,海上自衛隊,2023,2024,19
https://web.archive.org/web/20250307231022id_/https://www.mod.go.jp/msdf/bukei/t2/nyuusatsu/ZUIKEI_B.xls,excel_wayback,msdf_t2,補給本部,海上自衛隊,2023,2024,19
https://warp.ndl.go.jp/20230715/20230715000000/https://www.mod.go.jp/msdf/bukei/y0/nyuusatsu/RAKUSATSU_B.xlsx,warp_crawler,msdf_y0,横須賀地方総監部,海上自衛隊,2022,2022,14
https://warp.ndl.go.jp/20230715/20230715000000/https://www.mod.go.jp/msdf/bukei/y0/nyuusatsu/RAKUSATSU_K.xlsx,warp_crawler,msdf_y0,横須賀地方総監部,海上自衛隊,2022,2022,11
https://warp.ndl.go.jp/20230715/20230715000000/https://www.mod.go.jp/msdf/bukei/y0/nyuusatsu/ZUIKEI_B.xlsx,warp_crawler,msdf_y0,横須賀地方総監部,海上自衛隊,2022,2022,546
https://warp.ndl.go.jp/20240110/20240110044353id_/https://www.mod.go.jp/msdf/bukei/y0/nyuusatsu/RAKUSATSU_B.xlsx,excel_warp,msdf_y0,横須賀地方総監部,海上自衛隊,2022,2023,755
https://warp.ndl.go.jp/20240207/20240207142742id_/https://www.mod.go.jp/msdf/bukei/y0/nyuusatsu/RAKUSATSU_B.xlsx,excel_warp,msdf_y0,横須賀地方総監部,海上自衛隊,2023,2023,136
https://warp.ndl.go.jp/20240307/20240307133606id_/https://www.mod.go.jp/msdf/bukei/y0/nyuusatsu/RAKUSATSU_B.xlsx,excel_warp,msdf_y0,横須賀地方総監部,海上自衛隊,2023,2023,96
https://warp.ndl.go.jp/20240507/20240507065526id_/https://www.mod.go.jp/msdf/bukei/y0/nyuusatsu/RAKUSATSU_B.xlsx,excel_warp,msdf_y0,横須賀地方総監部,海上自衛隊,2023,2023,100
https://warp.ndl.go.jp/20240608/20240608034532id_/https://www.mod.go.jp/msdf/bukei/y0/nyuusatsu/RAKUSATSU_B.xlsx,excel_warp,msdf_y0,横須賀地方総監部,海上自衛隊,2023,2023,35
https://warp.ndl.go.jp/20240708/20240708061105id_/https://www.mod.go.jp/msdf/bukei/y0/nyuusatsu/RAKUSATSU_B.xlsx,excel_warp,msdf_y0,横須賀地方総監部,海上自衛隊,2024,2024,122
https://warp.ndl.go.jp/20240715/20240715000000/https://www.mod.go.jp/msdf/bukei/y0/nyuusatsu/RAKUSATSU_B.xlsx,warp_crawler,msdf_y0,横須賀地方総監部,海上自衛隊,2023,2023,63
https://warp.ndl.go.jp/20240715/20240715000000/https://www.mod.go.jp/msdf/bukei/y0/nyuusatsu/RAKUSATSU_K.xlsx,warp_crawler,msdf_y0,横須賀地方総監部,海上自衛隊,2023,2023,20
https://warp.ndl.go.jp/20240715/20240715000000/https://www.mod.go.jp/msdf/bukei/y0/nyuusatsu/ZUIKEI_B.xlsx,warp_crawler,msdf_y0,横須賀地方総監部,海上自衛隊,2023,2023,889
https://warp.ndl.go.jp/20240807/20240807163911id_/https://www.mod.go.jp/msdf/bukei/y0/nyuusatsu/RAKUSATSU_B.xlsx,excel_warp,msdf_y0,横須賀地方総監部,海上自衛隊,2024,2024,92
https://warp.ndl.go.jp/20240907/20240907173557id_/https://www.mod.go.jp/msdf/bukei/y0/nyuusatsu/RAKUSATSU_B.xlsx,excel_warp,msdf_y0,横須賀地方総監部,海上自衛隊,2024,2024,94
https://warp.ndl.go.jp/20241006/20241006101914id_/https://www.mod.go.jp/msdf/bukei/y0/nyuusatsu/RAKUSATSU_B.xlsx,excel_warp,msdf_y0,横須賀地方総監部,海上自衛隊,2024,2024,49
https://warp.ndl.go.jp/20241105/20241105222410id_/https://www.mod.go.jp/msdf/bukei/y0/nyuusatsu/RAKUSATSU_B.xlsx,excel_warp,msdf_y0,横須賀地方総監部,海上自衛隊,2024,2024,114
https://warp.ndl.go.jp/20241206/20241206014804id_/https://www.mod.go.jp/msdf/bukei/y0/nyuusatsu/RAKUSATSU_B.xlsx,excel_warp,msdf_y0,横須賀地方総監部,海上自衛隊,2024,2024,108
https://warp.ndl.go.jp/20250705/20250705083617id_/https://www.mod.go.jp/msdf/bukei/y0/nyuusatsu/ZUIKEI_B.xlsx,excel_warp,msdf_y0,横須賀地方総監部,海上自衛隊,2024,2024,308
https://web.archive.org/web/20230226070917id_/https://www.mod.go.jp/msdf/bukei/y0/nyuusatsu/RAKUSATSU_B.xlsx,excel_wayback,msdf_y0,横須賀地方総監部,海上自衛隊,2022,2022,497
https://web.archive.org/web/20230226070917id_/https://www.mod.go.jp/msdf/bukei/y0/nyuusatsu/ZUIKEI_B.xlsx,excel_wayback,msdf_y0,横須賀地方総監部,海上自衛隊,2022,2022,192
https://warp.ndl.go.jp/20230715/20230715000000/https://www.mod.go.jp/msdf/bukei/y2/nyuusatsu/RAKUSATSU_B.xls,warp_crawler,msdf_y2,館山航空基地隊,海上自衛隊,2022,2022,32
https://warp.ndl.go.jp/20230715/20230715000000/https://www.mod.go.jp/msdf/bukei/y2/nyuusatsu/RAKUSATSU_K.xls,warp_crawler,msdf_y2,館山航空基地隊,海上自衛隊,2022,2022,10
https://warp.ndl.go.jp/20230715/20230715000000/https://www.mod.go.jp/msdf/bukei/y2/nyuusatsu/ZUIKEI_B.xls,warp_crawler,msdf_y2,館山航空基地隊,海上自衛隊,2022,2022,4
https://warp.ndl.go.jp/20240715/20240715000000/https://www.mod.go.jp/msdf/bukei/y2/nyuusatsu/RAKUSATSU_B.xls,warp_crawler,msdf_y2,館山航空基地隊,海上自衛隊,2023,2023,61
https://warp.ndl.go.jp/20240715/20240715000000/https://www.mod.go.jp/msdf/bukei/y2/nyuusatsu/RAKUSATSU_K.xls,warp_crawler,msdf_y2,館山航空基地隊,海上自衛隊,2023,2023,3
https://warp.ndl.go.jp/20240715/20240715000000/https://www.mod.go.jp/msdf/bukei/y2/nyuusatsu/ZUIKEI_B.xls,warp_crawler,msdf_y2,館山航空基地隊,海上自衛隊,2023,2023,25
https://warp.ndl.go.jp/20230715/20230715000000/https://www.mod.go.jp/msdf/bukei/yd/nyuusatsu/RAKUSATSU_B.xls,warp_crawler,msdf_yd,艦船補給処,海上自衛隊,2022,2022,4
https://warp.ndl.go.jp/20230715/20230715000000/https://www.mod.go.jp/msdf/bukei/yd/nyuusatsu/ZUIKEI_B.xls,warp_crawler,msdf_yd,艦船補給処,海上自衛隊,2022,2022,408
https://warp.ndl.go.jp/20240407/20240407071815id_/https://www.mod.go.jp/msdf/bukei/yd/nyuusatsu/RAKUSATSU_B.xls,excel_warp,msdf_yd,艦船補給処,海上自衛隊,2022,2023,15
https://warp.ndl.go.jp/20240715/20240715000000/https://www.mod.go.jp/msdf/bukei/yd/nyuusatsu/ZUIKEI_B.xls,warp_crawler,msdf_yd,艦船補給処,海上自衛隊,2023,2023,1177
https://warp.ndl.go.jp/20240805/20240805000000id_/https://www.mod.go.jp/msdf/bukei/yd/nyuusatsu/RAKUSATSU_B.xls,excel_warp,msdf_yd,艦船補給処,海上自衛隊,2023,2023,79
https://warp.ndl.go.jp/20241005/20241005000000id_/https://www.mod.go.jp/msdf/bukei/yd/nyuusatsu/RAKUSATSU_B.xls,excel_warp,msdf_yd,艦船補給処,海上自衛隊,2023,2023,3
https://warp.ndl.go.jp/20241005/20241005000000id_/https://www.mod.go.jp/msdf/bukei/yd/nyuusatsu/ZUIKEI_B.xls,excel_warp,msdf_yd,艦船補給処,海上自衛隊,2023,2024,1128
https://warp.ndl.go.jp/20250602/20250602172338id_/https://www.mod.go.jp/msdf/bukei/yd/nyuusatsu/RAKUSATSU_B.xls,excel_warp,msdf_yd,艦船補給処,海上自衛隊,2024,2024,80
https://warp.ndl.go.jp/20250602/20250602172338id_/https://www.mod.go.jp/msdf/bukei/yd/nyuusatsu/ZUIKEI_B.xls,excel_warp,msdf_yd,艦船補給処,海上自衛隊,2024,2024,1324
https://warp.ndl.go.jp/20250705/20250705083617id_/https://www.mod.go.jp/msdf/bukei/yd/nyuusatsu/ZUIKEI_B.xls,excel_warp,msdf_yd,艦船補給処,海上自衛隊,2024,2025,30
https://web.archive.org/web/20230225173329id_/https://www.mod.go.jp/msdf/bukei/yd/nyuusatsu/RAKUSATSU_B.xls,excel_wayback,msdf_yd,艦船補給処,海上自衛隊,2022,2022,48
https://web.archive.org/web/20230225173329id_/https://www.mod.go.jp/msdf/bukei/yd/nyuusatsu/ZUIKEI_B.xls,excel_wayback,msdf_yd,艦船補給処,海上自衛隊,2022,2022,861
https://warp.ndl.go.jp/20240407/20240407071815id_/https://www.mod.go.jp/msdf/bukei/y0/nyuusatsu/RAKUSATSU_B.xlsx,excel,msdf_yokosuka,横須賀地方総監部,海上自衛隊,2022,2024,872
https://warp.ndl.go.jp/20241006/20241006101914id_/https://www.mod.go.jp/msdf/bukei/y0/nyuusatsu/RAKUSATSU_K.xlsx,excel,msdf_yokosuka,横須賀地方総監部,海上自衛隊,2023,2024,21
https://warp.ndl.go.jp/20230715/20230715000000/https://www.mod.go.jp/rdb/chushi/contract/result/pdf/keiyaku-bk2304.pdf,pdf,rdb_chushi,中国四国防衛局,地方防衛局,2023,2023,14
https://warp.ndl.go.jp/20230715/20230715000000/https://www.mod.go.jp/rdb/chushi/contract/result/pdf/keiyaku-bk2305.pdf,pdf,rdb_chushi,中国四国防衛局,地方防衛局,2023,2023,3
https://warp.ndl.go.jp/20230715/20230715000000/https://www.mod.go.jp/rdb/chushi/contract/result/pdf/keiyaku-bk2306.pdf,pdf,rdb_chushi,中国四国防衛局,地方防衛局,2023,2023,4
https://warp.ndl.go.jp/20230715/20230715000000/https://www.mod.go.jp/rdb/chushi/contract/result/pdf/keiyaku-bk2307.pdf,pdf,rdb_chushi,中国四国防衛局,地方防衛局,2023,2023,4
https://warp.ndl.go.jp/20230715/20230715000000/https://www.mod.go.jp/rdb/chushi/contract/result/pdf/keiyaku-bk2308.pdf,pdf,rdb_chushi,中国四国防衛局,地方防衛局,2023,2023,1
https://warp.ndl.go.jp/20230715/20230715000000/https://www.mod.go.jp/rdb/chushi/contract/result/pdf/keiyaku-bk2309.pdf,pdf,rdb_chushi,中国四国防衛局,地方防衛局,2023,2023,4
https://warp.ndl.go.jp/20230715/20230715000000/https://www.mod.go.jp/rdb/chushi/contract/result/pdf/keiyaku-bk2310.pdf,pdf,rdb_chushi,中国四国防衛局,地方防衛局,2023,2023,4
https://warp.ndl.go.jp/20230715/20230715000000/https://www.mod.go.jp/rdb/chushi/contract/result/pdf/keiyaku-bk2311.pdf,pdf,rdb_chushi,中国四国防衛局,地方防衛局,2023,2023,2
https://warp.ndl.go.jp/20230715/20230715000000/https://www.mod.go.jp/rdb/chushi/contract/result/pdf/keiyaku-bk2312.pdf,pdf,rdb_chushi,中国四国防衛局,地方防衛局,2023,2023,4
https://warp.ndl.go.jp/20230715/20230715000000/https://www.mod.go.jp/rdb/chushi/contract/result/pdf/keiyaku-bk2401.pdf,pdf,rdb_chushi,中国四国防衛局,地方防衛局,2023,2023,2
https://warp.ndl.go.jp/20230715/20230715000000/https://www.mod.go.jp/rdb/chushi/contract/result/pdf/keiyaku-bz2303.pdf,warp_crawler,rdb_chushi,中国四国防衛局,地方防衛局,2022,2022,1
https://warp.ndl.go.jp/20230715/20230715000000/https://www.mod.go.jp/rdb/chushi/contract/result/pdf/keiyaku-bz2304.pdf,pdf,rdb_chushi,中国四国防衛局,地方防衛局,2023,2023,34
https://warp.ndl.go.jp/20230715/20230715000000/https://www.mod.go.jp/rdb/chushi/contract/result/pdf/keiyaku-bz2305.pdf,pdf,rdb_chushi,中国四国防衛局,地方防衛局,2023,2023,1
https://warp.ndl.go.jp/20230715/20230715000000/https://www.mod.go.jp/rdb/chushi/contract/result/pdf/keiyaku-bz2307.pdf,pdf,rdb_chushi,中国四国防衛局,地方防衛局,2023,2023,1
https://warp.ndl.go.jp/20230715/20230715000000/https://www.mod.go.jp/rdb/chushi/contract/result/pdf/keiyaku-bz2310.pdf,pdf,rdb_chushi,中国四国防衛局,地方防衛局,2023,2023,1
https://warp.ndl.go.jp/20230715/20230715000000/https://www.mod.go.jp/rdb/chushi/contract/result/pdf/keiyaku-bz2311.pdf,pdf,rdb_chushi,中国四国防衛局,地方防衛局,2023,2023,1
https://warp.ndl.go.jp/20230715/20230715000000/https://www.mod.go.jp/rdb/chushi/contract/result/pdf/keiyaku-kk2303.pdf,warp_crawler,rdb_chushi,中国四国防衛局,地方防衛局,2022,2022,8
https://warp.ndl.go.jp/20230715/20230715000000/https://www.mod.go.jp/rdb/chushi/contract/result/pdf/keiyaku-kk2306.pdf,pdf,rdb_chushi,中国四国防衛局,地方防衛局,2023,2023,7
https://warp.ndl.go.jp/20230715/20230715000000/https://www.mod.go.jp/rdb/chushi/contract/result/pdf/keiyaku-kk2307.pdf,pdf,rdb_chushi,中国四国防衛局,地方防衛局,2023,2023,23
https://warp.ndl.go.jp/20230715/20230715000000/https://www.mod.go.jp/rdb/chushi/contract/result/pdf/keiyaku-kk2308.pdf,pdf,rdb_chushi,中国四国防衛局,地方防衛局,2023,2023,18
https://warp.ndl.go.jp/20230715/20230715000000/https://www.mod.go.jp/rdb/chushi/contract/result/pdf/keiyaku-kk2309.pdf,pdf,rdb_chushi,中国四国防衛局,地方防衛局,2023,2023,25
https://warp.ndl.go.jp/20230715/20230715000000/https://www.mod.go.jp/rdb/chushi/contract/result/pdf/keiyaku-kk2310.pdf,pdf,rdb_chushi,中国四国防衛局,地方防衛局,2023,2023,21
https://warp.ndl.go.jp/20230715/20230715000000/https://www.mod.go.jp/rdb/chushi/contract/result/pdf/keiyaku-kk2311.pdf,pdf,rdb_chushi,中国四国防衛局,地方防衛局,2023,2023,12
https://warp.ndl.go.jp/20230715/20230715000000/https://www.mod.go.jp/rdb/chushi/contract/result/pdf/keiyaku-kk2312.pdf,pdf,rdb_chushi,中国四国防衛局,地方防衛局,2023,2023,14
https://warp.ndl.go.jp/20230715/20230715000000/https://www.mod.go.jp/rdb/chushi/contract/result/pdf/keiyaku-kk2401.pdf,pdf,rdb_chushi,中国四国防衛局,地方防衛局,2023,2023,7
https://warp.ndl.go.jp/20230715/20230715000000/https://www.mod.go.jp/rdb/chushi/contract/result/pdf/keiyaku-kz2309.pdf,pdf,rdb_chushi,中国四国防衛局,地方防衛局,2023,2023,3
https://warp.ndl.go.jp/20230715/20230715000000/https://www.mod.go.jp/rdb/chushi/contract/result/pdf/keiyaku-kz2312.pdf,pdf,rdb_chushi,中国四国防衛局,地方防衛局,2023,2023,1
https://warp.ndl.go.jp/20240715/20240715000000/https://www.mod.go.jp/rdb/hokkaido/keiyaku/keiyakujyoho_kouhyou/pdf/r05/05_04bek.xlsx,warp_crawler,rdb_hokkaido,北海道防衛局,地方防衛局,2023,2023,10
https://warp.ndl.go.jp/20240715/20240715000000/https://www.mod.go.jp/rdb/hokkaido/keiyaku/keiyakujyoho_kouhyou/pdf/r05/05_04bez.xlsx,warp_crawler,rdb_hokkaido,北海道防衛局,地方防衛局,2023,2023,13
https://warp.ndl.go.jp/20240715/20240715000000/https://www.mod.go.jp/rdb/hokkaido/keiyaku/keiyakujyoho_kouhyou/pdf/r05/05_05kk.xlsx,warp_crawler,rdb_hokkaido,北海道防衛局,地方防衛局,2023,2023,1
https://warp.ndl.go.jp/20240715/20240715000000/https://www.mod.go.jp/rdb/hokkaido/keiyaku/keiyakujyoho_kouhyou/pdf/r05/05_06bek.xlsx,warp_crawler,rdb_hokkaido,北海道防衛局,地方防衛局,2023,2023,2
https://warp.ndl.go.jp/20240715/20240715000000/https://www.mod.go.jp/rdb/hokkaido/keiyaku/keiyakujyoho_kouhyou/pdf/r05/05_06kk.xlsx,warp_crawler,rdb_hokkaido,北海道防衛局,地方防衛局,2023,2023,14
https://warp.ndl.go.jp/20240715/20240715000000/https://www.mod.go.jp/rdb/hokkaido/keiyaku/keiyakujyoho_kouhyou/pdf/r05/05_06kz.xlsx,warp_crawler,rdb_hokkaido,北海道防衛局,地方防衛局,2023,2023,1
https://warp.ndl.go.jp/20240715/20240715000000/https://www.mod.go.jp/rdb/hokkaido/keiyaku/keiyakujyoho_kouhyou/pdf/r05/05_07bek.xlsx,warp_crawler,rdb_hokkaido,北海道防衛局,地方防衛局,2023,2023,1
https://warp.ndl.go.jp/20240715/20240715000000/https://www.mod.go.jp/rdb/hokkaido/keiyaku/keiyakujyoho_kouhyou/pdf/r05/05_07kk.xlsx,warp_crawler,rdb_hokkaido,北海道防衛局,地方防衛局,2023,2023,21
https://warp.ndl.go.jp/20240715/20240715000000/https://www.mod.go.jp/rdb/hokkaido/keiyaku/keiyakujyoho_kouhyou/pdf/r05/05_08bek.xlsx,warp_crawler,rdb_hokkaido,北海道防衛局,地方防衛局,2023,2023,4
https://warp.ndl.go.jp/20240715/20240715000000/https://www.mod.go.jp/rdb/hokkaido/keiyaku/keiyakujyoho_kouhyou/pdf/r05/05_08kk.xlsx,warp_crawler,rdb_hokkaido,北海道防衛局,地方防衛局,2023,2023,9
https://warp.ndl.go.jp/20240715/20240715000000/https://www.mod.go.jp/rdb/hokkaido/keiyaku/keiyakujyoho_kouhyou/pdf/r05/05_08kz.xlsx,warp_crawler,rdb_hokkaido,北海道防衛局,地方防衛局,2023,2023,1
https://warp.ndl.go.jp/20240715/20240715000000/https://www.mod.go.jp/rdb/hokkaido/keiyaku/keiyakujyoho_kouhyou/pdf/r05/05_09bek.xlsx,warp_crawler,rdb_hokkaido,北海道防衛局,地方防衛局,2023,2023,2
https://warp.ndl.go.jp/20240715/20240715000000/https://www.mod.go.jp/rdb/hokkaido/keiyaku/keiyakujyoho_kouhyou/pdf/r05/05_09kk.xlsx,warp_crawler,rdb_hokkaido,北海道防衛局,地方防衛局,2023,2023,14
https://warp.ndl.go.jp/20240715/20240715000000/https://www.mod.go.jp/rdb/hokkaido/keiyaku/keiyakujyoho_kouhyou/pdf/r05/05_09kz.xlsx,warp_crawler,rdb_hokkaido,北海道防衛局,地方防衛局,2023,2023,1
https://warp.ndl.go.jp/20240715/20240715000000/https://www.mod.go.jp/rdb/hokkaido/keiyaku/keiyakujyoho_kouhyou/pdf/r05/05_10bek.xlsx,warp_crawler,rdb_hokkaido,北海道防衛局,地方防衛局,2023,2023,5
https://warp.ndl.go.jp/20240715/20240715000000/https://www.mod.go.jp/rdb/hokkaido/keiyaku/keiyakujyoho_kouhyou/pdf/r05/05_10kk.xlsx,warp_crawler,rdb_hokkaido,北海道防衛局,地方防衛局,2023,2023,10
https://warp.ndl.go.jp/20240715/20240715000000/https://www.mod.go.jp/rdb/hokkaido/keiyaku/keiyakujyoho_kouhyou/pdf/r05/05_10kz.xlsx,warp_crawler,rdb_hokkaido,北海道防衛局,地方防衛局,2023,2023,1
https://warp.ndl.go.jp/20240715/20240715000000/https://www.mod.go.jp/rdb/hokkaido/keiyaku/keiyakujyoho_kouhyou/pdf/r05/05_11bek.xlsx,warp_crawler,rdb_hokkaido,北海道防衛局,地方防衛局,2023,2023,3
https://warp.ndl.go.jp/20240715/20240715000000/https://www.mod.go.jp/rdb/hokkaido/keiyaku/keiyakujyoho_kouhyou/pdf/r05/05_11kk.xlsx,warp_crawler,rdb_hokkaido,北海道防衛局,地方防衛局,2023,2023,5
https://warp.ndl.go.jp/20240715/20240715000000/https://www.mod.go.jp/rdb/hokkaido/keiyaku/keiyakujyoho_kouhyou/pdf/r05/05_11kz.xlsx,warp_crawler,rdb_hokkaido,北海道防衛局,地方防衛局,2023,2023,1
https://warp.ndl.go.jp/20240715/20240715000000/https://www.mod.go.jp/rdb/hokkaido/keiyaku/keiyakujyoho_kouhyou/pdf/r05/05_12kk.xlsx,warp_crawler,rdb_hokkaido,北海道防衛局,地方防衛局,2023,2023,25
https://warp.ndl.go.jp/20240715/20240715000000/https://www.mod.go.jp/rdb/hokkaido/keiyaku/keiyakujyoho_kouhyou/pdf/r05/06_01bek.xlsx,warp_crawler,rdb_hokkaido,北海道防衛局,地方防衛局,2023,2023,4
https://warp.ndl.go.jp/20240715/20240715000000/https://www.mod.go.jp/rdb/hokkaido/keiyaku/keiyakujyoho_kouhyou/pdf/r05/06_01kk.xlsx,warp_crawler,rdb_hokkaido,北海道防衛局,地方防衛局,2023,2023,3
https://warp.ndl.go.jp/20240715/20240715000000/https://www.mod.go.jp/rdb/hokkaido/keiyaku/keiyakujyoho_kouhyou/pdf/r05/06_02bek.xlsx,warp_crawler,rdb_hokkaido,北海道防衛局,地方防衛局,2023,2023,2
https://warp.ndl.go.jp/20240715/20240715000000/https://www.mod.go.jp/rdb/hokkaido/keiyaku/keiyakujyoho_kouhyou/pdf/r05/06_02kk.xlsx,warp_crawler,rdb_hokkaido,北海道防衛局,地方防衛局,2023,2023,8
https://warp.ndl.go.jp/20240715/20240715000000/https://www.mod.go.jp/rdb/hokkaido/keiyaku/keiyakujyoho_kouhyou/pdf/r05/06_03bez.xlsx,warp_crawler,rdb_hokkaido,北海道防衛局,地方防衛局,2023,2023,1
https://warp.ndl.go.jp/20240715/20240715000000/https://www.mod.go.jp/rdb/hokkaido/keiyaku/keiyakujyoho_kouhyou/pdf/r05/06_03kk.xlsx,warp_crawler,rdb_hokkaido,北海道防衛局,地方防衛局,2023,2023,43
https://warp.ndl.go.jp/20230715/20230715000000/https://www.mod.go.jp/rdb/kinchu/contract/information/files/construction_competitive_202210.xlsx,excel,rdb_kinchu,近畿中部防衛局,地方防衛局,2022,2022,1
https://warp.ndl.go.jp/20230715/20230715000000/https://www.mod.go.jp/rdb/kinchu/contract/information/files/construction_competitive_202211.xlsx,warp_crawler,rdb_kinchu,近畿中部防衛局,地方防衛局,2022,2022,1
https://warp.ndl.go.jp/20230715/20230715000000/https://www.mod.go.jp/rdb/kinchu/contract/information/files/construction_competitive_202303.xlsx,warp_crawler,rdb_kinchu,近畿中部防衛局,地方防衛局,2022,2022,1
https://warp.ndl.go.jp/20230715/20230715000000/https://www.mod.go.jp/rdb/kinchu/contract/information/pdf/construction_competitive_202204.pdf,warp_crawler,rdb_kinchu,近畿中部防衛局,地方防衛局,2022,2022,5
https://warp.ndl.go.jp/20230715/20230715000000/https://www.mod.go.jp/rdb/kinchu/contract/information/pdf/construction_competitive_202205.pdf,warp_crawler,rdb_kinchu,近畿中部防衛局,地方防衛局,2022,2022,1
https://warp.ndl.go.jp/20230715/20230715000000/https://www.mod.go.jp/rdb/kinchu/contract/information/pdf/construction_competitive_202206.pdf,warp_crawler,rdb_kinchu,近畿中部防衛局,地方防衛局,2022,2022,11
https://warp.ndl.go.jp/20230715/20230715000000/https://www.mod.go.jp/rdb/kinchu/contract/information/pdf/construction_competitive_202207.pdf,warp_crawler,rdb_kinchu,近畿中部防衛局,地方防衛局,2022,2022,9
https://warp.ndl.go.jp/20230715/20230715000000/https://www.mod.go.jp/rdb/kinchu/contract/information/pdf/construction_competitive_202208.pdf,warp_crawler,rdb_kinchu,近畿中部防衛局,地方防衛局,2022,2022,11
https://warp.ndl.go.jp/20230715/20230715000000/https://www.mod.go.jp/rdb/kinchu/contract/information/pdf/construction_competitive_202209.pdf,warp_crawler,rdb_kinchu,近畿中部防衛局,地方防衛局,2022,2022,16
https://warp.ndl.go.jp/20230715/20230715000000/https://www.mod.go.jp/rdb/kinchu/contract/information/pdf/construction_competitive_202210.pdf,warp_crawler,rdb_kinchu,近畿中部防衛局,地方防衛局,2022,2022,7
https://warp.ndl.go.jp/20230715/20230715000000/https://www.mod.go.jp/rdb/kinchu/contract/information/pdf/construction_competitive_202211.pdf,warp_crawler,rdb_kinchu,近畿中部防衛局,地方防衛局,2022,2022,3
https://warp.ndl.go.jp/20230715/20230715000000/https://www.mod.go.jp/rdb/kinchu/contract/information/pdf/construction_competitive_202212.pdf,warp_crawler,rdb_kinchu,近畿中部防衛局,地方防衛局,2022,2022,10
https://warp.ndl.go.jp/20230715/20230715000000/https://www.mod.go.jp/rdb/kinchu/contract/information/pdf/construction_competitive_202301.pdf,warp_crawler,rdb_kinchu,近畿中部防衛局,地方防衛局,2022,2022,5
https://warp.ndl.go.jp/20230715/20230715000000/https://www.mod.go.jp/rdb/kinchu/contract/information/pdf/construction_competitive_202302.pdf,warp_crawler,rdb_kinchu,近畿中部防衛局,地方防衛局,2022,2022,15
https://warp.ndl.go.jp/20230715/20230715000000/https://www.mod.go.jp/rdb/kinchu/contract/information/pdf/construction_competitive_202303.pdf,warp_crawler,rdb_kinchu,近畿中部防衛局,地方防衛局,2022,2022,28
https://warp.ndl.go.jp/20230715/20230715000000/https://www.mod.go.jp/rdb/kinchu/contract/information/pdf/purchase-service_competitive_202204.pdf,warp_crawler,rdb_kinchu,近畿中部防衛局,地方防衛局,2022,2022,9
https://warp.ndl.go.jp/20230715/20230715000000/https://www.mod.go.jp/rdb/kinchu/contract/information/pdf/purchase-service_competitive_202205.pdf,warp_crawler,rdb_kinchu,近畿中部防衛局,地方防衛局,2022,2022,1
https://warp.ndl.go.jp/20230715/20230715000000/https://www.mod.go.jp/rdb/kinchu/contract/information/pdf/purchase-service_competitive_202206.pdf,warp_crawler,rdb_kinchu,近畿中部防衛局,地方防衛局,2022,2022,4
https://warp.ndl.go.jp/20230715/20230715000000/https://www.mod.go.jp/rdb/kinchu/contract/information/pdf/purchase-service_competitive_202207.pdf,warp_crawler,rdb_kinchu,近畿中部防衛局,地方防衛局,2022,2022,1
https://warp.ndl.go.jp/20230715/20230715000000/https://www.mod.go.jp/rdb/kinchu/contract/information/pdf/purchase-service_competitive_202208.pdf,warp_crawler,rdb_kinchu,近畿中部防衛局,地方防衛局,2022,2022,3
https://warp.ndl.go.jp/20230715/20230715000000/https://www.mod.go.jp/rdb/kinchu/contract/information/pdf/purchase-service_competitive_202209.pdf,warp_crawler,rdb_kinchu,近畿中部防衛局,地方防衛局,2022,2022,1
https://warp.ndl.go.jp/20230715/20230715000000/https://www.mod.go.jp/rdb/kinchu/contract/information/pdf/purchase-service_competitive_202211.pdf,warp_crawler,rdb_kinchu,近畿中部防衛局,地方防衛局,2022,2022,2
https://warp.ndl.go.jp/20230715/20230715000000/https://www.mod.go.jp/rdb/kinchu/contract/information/pdf/purchase-service_competitive_202301.pdf,warp_crawler,rdb_kinchu,近畿中部防衛局,地方防衛局,2022,2022,1
https://warp.ndl.go.jp/20230715/20230715000000/https://www.mod.go.jp/rdb/kinchu/contract/information/pdf/purchase-service_competitive_202302.pdf,warp_crawler,rdb_kinchu,近畿中部防衛局,地方防衛局,2022,2022,1
https://warp.ndl.go.jp/20230715/20230715000000/https://www.mod.go.jp/rdb/kinchu/contract/information/pdf/purchase-service_negotiated_202204.pdf,warp_crawler,rdb_kinchu,近畿中部防衛局,地方防衛局,2022,2022,19
https://warp.ndl.go.jp/20240715/20240715000000/https://www.mod.go.jp/rdb/kinchu/contract/information/files/construction_competitive_202307.xlsx,warp_crawler,rdb_kinchu,近畿中部防衛局,地方防衛局,2023,2023,9
https://warp.ndl.go.jp/20240715/20240715000000/https://www.mod.go.jp/rdb/kinchu/contract/information/files/construction_competitive_202308.xlsx,warp_crawler,rdb_kinchu,近畿中部防衛局,地方防衛局,2023,2023,1
https://warp.ndl.go.jp/20240715/20240715000000/https://www.mod.go.jp/rdb/kinchu/contract/information/files/construction_competitive_202310.xlsx,warp_crawler,rdb_kinchu,近畿中部防衛局,地方防衛局,2023,2023,1
https://warp.ndl.go.jp/20240715/20240715000000/https://www.mod.go.jp/rdb/kinchu/contract/information/files/construction_competitive_202311.xlsx,warp_crawler,rdb_kinchu,近畿中部防衛局,地方防衛局,2023,2023,1
https://warp.ndl.go.jp/20240715/20240715000000/https://www.mod.go.jp/rdb/kinchu/contract/information/files/construction_competitive_202312.xlsx,warp_crawler,rdb_kinchu,近畿中部防衛局,地方防衛局,2023,2023,1
https://warp.ndl.go.jp/20240715/20240715000000/https://www.mod.go.jp/rdb/kinchu/contract/information/files/construction_competitive_202401.xlsx,warp_crawler,rdb_kinchu,近畿中部防衛局,地方防衛局,2023,2023,1
https://warp.ndl.go.jp/20240715/20240715000000/https://www.mod.go.jp/rdb/kinchu/contract/information/files/construction_competitive_202402.xlsx,warp_crawler,rdb_kinchu,近畿中部防衛局,地方防衛局,2023,2023,15
https://warp.ndl.go.jp/20240715/20240715000000/https://www.mod.go.jp/rdb/kinchu/contract/information/pdf/construction_competitive_202305.pdf,warp_crawler,rdb_kinchu,近畿中部防衛局,地方防衛局,2023,2023,8
https://warp.ndl.go.jp/20240715/20240715000000/https://www.mod.go.jp/rdb/kinchu/contract/information/pdf/construction_competitive_202306.pdf,warp_crawler,rdb_kinchu,近畿中部防衛局,地方防衛局,2023,2023,6
https://warp.ndl.go.jp/20240715/20240715000000/https://www.mod.go.jp/rdb/kinchu/contract/information/pdf/construction_competitive_202307.pdf,warp_crawler,rdb_kinchu,近畿中部防衛局,地方防衛局,2023,2023,14
https://warp.ndl.go.jp/20240715/20240715000000/https://www.mod.go.jp/rdb/kinchu/contract/information/pdf/construction_competitive_202308.pdf,warp_crawler,rdb_kinchu,近畿中部防衛局,地方防衛局,2023,2023,20
https://warp.ndl.go.jp/20240715/20240715000000/https://www.mod.go.jp/rdb/kinchu/contract/information/pdf/construction_competitive_202309.pdf,warp_crawler,rdb_kinchu,近畿中部防衛局,地方防衛局,2023,2023,9
https://warp.ndl.go.jp/20240715/20240715000000/https://www.mod.go.jp/rdb/kinchu/contract/information/pdf/construction_competitive_202310.pdf,warp_crawler,rdb_kinchu,近畿中部防衛局,地方防衛局,2023,2023,12
https://warp.ndl.go.jp/20240715/20240715000000/https://www.mod.go.jp/rdb/kinchu/contract/information/pdf/construction_competitive_202311.pdf,warp_crawler,rdb_kinchu,近畿中部防衛局,地方防衛局,2023,2023,8
https://warp.ndl.go.jp/20240715/20240715000000/https://www.mod.go.jp/rdb/kinchu/contract/information/pdf/construction_competitive_202312.pdf,warp_crawler,rdb_kinchu,近畿中部防衛局,地方防衛局,2023,2023,5
https://warp.ndl.go.jp/20240715/20240715000000/https://www.mod.go.jp/rdb/kinchu/contract/information/pdf/construction_competitive_202401.pdf,warp_crawler,rdb_kinchu,近畿中部防衛局,地方防衛局,2023,2023,5
https://warp.ndl.go.jp/20240715/20240715000000/https://www.mod.go.jp/rdb/kinchu/contract/information/pdf/construction_competitive_202402.pdf,warp_crawler,rdb_kinchu,近畿中部防衛局,地方防衛局,2023,2023,22
https://warp.ndl.go.jp/20240715/20240715000000/https://www.mod.go.jp/rdb/kinchu/contract/information/pdf/construction_competitive_202403.pdf,warp_crawler,rdb_kinchu,近畿中部防衛局,地方防衛局,2023,2023,32
https://warp.ndl.go.jp/20240715/20240715000000/https://www.mod.go.jp/rdb/kinchu/contract/information/pdf/construction_negotiated_202307.pdf,warp_crawler,rdb_kinchu,近畿中部防衛局,地方防衛局,2023,2023,1
https://warp.ndl.go.jp/20240715/20240715000000/https://www.mod.go.jp/rdb/kinchu/contract/information/pdf/construction_negotiated_202311.pdf,warp_crawler,rdb_kinchu,近畿中部防衛局,地方防衛局,2023,2023,1
https://warp.ndl.go.jp/20240715/20240715000000/https://www.mod.go.jp/rdb/kinchu/contract/information/pdf/construction_negotiated_202401.pdf,warp_crawler,rdb_kinchu,近畿中部防衛局,地方防衛局,2023,2023,1
https://warp.ndl.go.jp/20240715/20240715000000/https://www.mod.go.jp/rdb/kinchu/contract/information/pdf/construction_negotiated_202402.pdf,warp_crawler,rdb_kinchu,近畿中部防衛局,地方防衛局,2023,2023,2
https://warp.ndl.go.jp/20240715/20240715000000/https://www.mod.go.jp/rdb/kinchu/contract/information/pdf/construction_negotiated_202403.pdf,warp_crawler,rdb_kinchu,近畿中部防衛局,地方防衛局,2023,2023,3
https://warp.ndl.go.jp/20240715/20240715000000/https://www.mod.go.jp/rdb/kinchu/contract/information/pdf/purchase-service_competitive_202304.pdf,warp_crawler,rdb_kinchu,近畿中部防衛局,地方防衛局,2023,2023,8
https://warp.ndl.go.jp/20240715/20240715000000/https://www.mod.go.jp/rdb/kinchu/contract/information/pdf/purchase-service_competitive_202305.pdf,warp_crawler,rdb_kinchu,近畿中部防衛局,地方防衛局,2023,2023,2
https://warp.ndl.go.jp/20240715/20240715000000/https://www.mod.go.jp/rdb/kinchu/contract/information/pdf/purchase-service_competitive_202306.pdf,warp_crawler,rdb_kinchu,近畿中部防衛局,地方防衛局,2023,2023,9
https://warp.ndl.go.jp/20240715/20240715000000/https://www.mod.go.jp/rdb/kinchu/contract/information/pdf/purchase-service_competitive_202308.pdf,warp_crawler,rdb_kinchu,近畿中部防衛局,地方防衛局,2023,2023,2
https://warp.ndl.go.jp/20240715/20240715000000/https://www.mod.go.jp/rdb/kinchu/contract/information/pdf/purchase-service_competitive_202309.pdf,warp_crawler,rdb_kinchu,近畿中部防衛局,地方防衛局,2023,2023,3
https://warp.ndl.go.jp/20240715/20240715000000/https://www.mod.go.jp/rdb/kinchu/contract/information/pdf/purchase-service_competitive_202310.pdf,warp_crawler,rdb_kinchu,近畿中部防衛局,地方防衛局,2023,2023,1
https://warp.ndl.go.jp/20240715/20240715000000/https://www.mod.go.jp/rdb/kinchu/contract/information/pdf/purchase-service_competitive_202311.pdf,warp_crawler,rdb_kinchu,近畿中部防衛局,地方防衛局,2023,2023,2
https://warp.ndl.go.jp/20240715/20240715000000/https://www.mod.go.jp/rdb/kinchu/contract/information/pdf/purchase-service_competitive_202312.pdf,warp_crawler,rdb_kinchu,近畿中部防衛局,地方防衛局,2023,2023,1
https://warp.ndl.go.jp/20240715/20240715000000/https://www.mod.go.jp/rdb/kinchu/contract/information/pdf/purchase-service_competitive_202402.pdf,warp_crawler,rdb_kinchu,近畿中部防衛局,地方防衛局,2023,2023,1
https://warp.ndl.go.jp/20240715/20240715000000/https://www.mod.go.jp/rdb/kinchu/contract/information/pdf/purchase-service_negotiated_202304.pdf,warp_crawler,rdb_kinchu,近畿中部防衛局,地方防衛局,2023,2023,7
https://warp.ndl.go.jp/20240715/20240715000000/https://www.mod.go.jp/rdb/kinchu/contract/information/pdf/purchase-service_negotiated_202307.pdf,warp_crawler,rdb_kinchu,近畿中部防衛局,地方防衛局,2023,2023,1
https://warp.ndl.go.jp/20230715/20230715000000/https://www.mod.go.jp/rdb/kyushu/contract/announcement/pdf/0404buppinnyuusatu.pdf,warp_crawler,rdb_kyushu,九州防衛局,地方防衛局,2022,2022,18
https://warp.ndl.go.jp/20230715/20230715000000/https://www.mod.go.jp/rdb/kyushu/contract/announcement/pdf/0404buppinnzuikei.pdf,warp_crawler,rdb_kyushu,九州防衛局,地方防衛局,2022,2022,9
https://warp.ndl.go.jp/20230715/20230715000000/https://www.mod.go.jp/rdb/kyushu/contract/announcement/pdf/0405buppinnyuusatu.pdf,warp_crawler,rdb_kyushu,九州防衛局,地方防衛局,2022,2022,12
https://warp.ndl.go.jp/20230715/20230715000000/https://www.mod.go.jp/rdb/kyushu/contract/announcement/pdf/0405buppinnzuikei.pdf,warp_crawler,rdb_kyushu,九州防衛局,地方防衛局,2022,2022,5
https://warp.ndl.go.jp/20230715/20230715000000/https://www.mod.go.jp/rdb/kyushu/contract/announcement/pdf/0405kouzinyuusatsu.pdf,warp_crawler,rdb_kyushu,九州防衛局,地方防衛局,2022,2022,18
https://warp.ndl.go.jp/20230715/20230715000000/https://www.mod.go.jp/rdb/kyushu/contract/announcement/pdf/0406buppinnyuusatu.pdf,warp_crawler,rdb_kyushu,九州防衛局,地方防衛局,2022,2022,5
https://warp.ndl.go.jp/20230715/20230715000000/https://www.mod.go.jp/rdb/kyushu/contract/announcement/pdf/0406kouzinyuusatsu.pdf,warp_crawler,rdb_kyushu,九州防衛局,地方防衛局,2022,2022,16
https://warp.ndl.go.jp/20230715/20230715000000/https://www.mod.go.jp/rdb/kyushu/contract/announcement/pdf/0407buppinnyuusatu.pdf,warp_crawler,rdb_kyushu,九州防衛局,地方防衛局,2022,2022,6
https://warp.ndl.go.jp/20230715/20230715000000/https://www.mod.go.jp/rdb/kyushu/contract/announcement/pdf/0407kouzinyuusatsu.pdf,warp_crawler,rdb_kyushu,九州防衛局,地方防衛局,2022,2022,20
https://warp.ndl.go.jp/20230715/20230715000000/https://www.mod.go.jp/rdb/kyushu/contract/announcement/pdf/0408buppinnyuusatu.pdf,warp_crawler,rdb_kyushu,九州防衛局,地方防衛局,2022,2022,8
https://warp.ndl.go.jp/20230715/20230715000000/https://www.mod.go.jp/rdb/kyushu/contract/announcement/pdf/0408kouzinyuusatsu.pdf,warp_crawler,rdb_kyushu,九州防衛局,地方防衛局,2022,2022,17
https://warp.ndl.go.jp/20230715/20230715000000/https://www.mod.go.jp/rdb/kyushu/contract/announcement/pdf/0408kouzizuikei.pdf,warp_crawler,rdb_kyushu,九州防衛局,地方防衛局,2022,2022,1
https://warp.ndl.go.jp/20230715/20230715000000/https://www.mod.go.jp/rdb/kyushu/contract/announcement/pdf/0409buppinnyuusatu.pdf,warp_crawler,rdb_kyushu,九州防衛局,地方防衛局,2022,2022,1
https://warp.ndl.go.jp/20230715/20230715000000/https://www.mod.go.jp/rdb/kyushu/contract/announcement/pdf/0409buppinnzuikei.pdf,warp_crawler,rdb_kyushu,九州防衛局,地方防衛局,2022,2022,2
https://warp.ndl.go.jp/20230715/20230715000000/https://www.mod.go.jp/rdb/kyushu/contract/announcement/pdf/0409kouzinyuusatsu.pdf,warp_crawler,rdb_kyushu,九州防衛局,地方防衛局,2022,2022,18
https://warp.ndl.go.jp/20230715/20230715000000/https://www.mod.go.jp/rdb/kyushu/contract/announcement/pdf/0409kouzizuikei.pdf,warp_crawler,rdb_kyushu,九州防衛局,地方防衛局,2022,2022,1
https://warp.ndl.go.jp/20230715/20230715000000/https://www.mod.go.jp/rdb/kyushu/contract/announcement/pdf/0410buppinnyuusatu.pdf,warp_crawler,rdb_kyushu,九州防衛局,地方防衛局,2022,2022,3
https://warp.ndl.go.jp/20230715/20230715000000/https://www.mod.go.jp/rdb/kyushu/contract/announcement/pdf/0410kouzinyuusatsu.pdf,warp_crawler,rdb_kyushu,九州防衛局,地方防衛局,2022,2022,7
https://warp.ndl.go.jp/20230715/20230715000000/https://www.mod.go.jp/rdb/kyushu/contract/announcement/pdf/0411buppinnyuusatu.pdf,warp_crawler,rdb_kyushu,九州防衛局,地方防衛局,2022,2022,1
https://warp.ndl.go.jp/20230715/20230715000000/https://www.mod.go.jp/rdb/kyushu/contract/announcement/pdf/0411buppinnzuikei.pdf,warp_crawler,rdb_kyushu,九州防衛局,地方防衛局,2022,2022,2
https://warp.ndl.go.jp/20230715/20230715000000/https://www.mod.go.jp/rdb/kyushu/contract/announcement/pdf/0411kouzinyuusatsu.pdf,warp_crawler,rdb_kyushu,九州防衛局,地方防衛局,2022,2022,8
https://warp.ndl.go.jp/20230715/20230715000000/https://www.mod.go.jp/rdb/kyushu/contract/announcement/pdf/0412buppinnyuusatu.pdf,warp_crawler,rdb_kyushu,九州防衛局,地方防衛局,2022,2022,3
https://warp.ndl.go.jp/20230715/20230715000000/https://www.mod.go.jp/rdb/kyushu/contract/announcement/pdf/0412kouzinyuusatsu.pdf,warp_crawler,rdb_kyushu,九州防衛局,地方防衛局,2022,2022,14
https://warp.ndl.go.jp/20230715/20230715000000/https://www.mod.go.jp/rdb/kyushu/contract/announcement/pdf/0501buppinnyuusatu.pdf,warp_crawler,rdb_kyushu,九州防衛局,地方防衛局,2022,2022,3
https://warp.ndl.go.jp/20230715/20230715000000/https://www.mod.go.jp/rdb/kyushu/contract/announcement/pdf/0501kouzinyuusatsu.pdf,warp_crawler,rdb_kyushu,九州防衛局,地方防衛局,2022,2022,19
https://warp.ndl.go.jp/20230715/20230715000000/https://www.mod.go.jp/rdb/kyushu/contract/announcement/pdf/0501kouzizuikei.pdf,warp_crawler,rdb_kyushu,九州防衛局,地方防衛局,2022,2022,1
https://warp.ndl.go.jp/20230715/20230715000000/https://www.mod.go.jp/rdb/kyushu/contract/announcement/pdf/0502buppinnzuikei.pdf,warp_crawler,rdb_kyushu,九州防衛局,地方防衛局,2022,2022,4
https://warp.ndl.go.jp/20230715/20230715000000/https://www.mod.go.jp/rdb/kyushu/contract/announcement/pdf/0502kouzinyuusatsu.pdf,warp_crawler,rdb_kyushu,九州防衛局,地方防衛局,2022,2022,12
https://warp.ndl.go.jp/20230715/20230715000000/https://www.mod.go.jp/rdb/kyushu/contract/announcement/pdf/0503buppinnzuikei.pdf,warp_crawler,rdb_kyushu,九州防衛局,地方防衛局,2022,2022,2
https://warp.ndl.go.jp/20230715/20230715000000/https://www.mod.go.jp/rdb/kyushu/contract/announcement/pdf/0503kouzinyuusatsu.pdf,warp_crawler,rdb_kyushu,九州防衛局,地方防衛局,2022,2022,39
https://warp.ndl.go.jp/20230715/20230715000000/https://www.mod.go.jp/rdb/kyushu/contract/announcement/pdf/0503kouzizuikei.pdf,warp_crawler,rdb_kyushu,九州防衛局,地方防衛局,2022,2022,2
https://warp.ndl.go.jp/20230715/20230715000000/https://www.mod.go.jp/rdb/kyushu/contract/announcement/pdf/0504buppinnyuusatu.pdf,pdf,rdb_kyushu,九州防衛局,地方防衛局,2023,2023,8
https://warp.ndl.go.jp/20230715/20230715000000/https://www.mod.go.jp/rdb/kyushu/contract/announcement/pdf/0504buppinnzuikei.pdf,pdf,rdb_kyushu,九州防衛局,地方防衛局,2023,2023,10
https://warp.ndl.go.jp/20230715/20230715000000/https://www.mod.go.jp/rdb/kyushu/contract/announcement/pdf/0505buppinnyuusatu.pdf,pdf,rdb_kyushu,九州防衛局,地方防衛局,2023,2023,14
https://warp.ndl.go.jp/20230715/20230715000000/https://www.mod.go.jp/rdb/kyushu/contract/announcement/pdf/0505buppinnzuikei.pdf,pdf,rdb_kyushu,九州防衛局,地方防衛局,2023,2023,8
https://warp.ndl.go.jp/20230715/20230715000000/https://www.mod.go.jp/rdb/kyushu/contract/announcement/pdf/0505kouzinyuusatsu.pdf,pdf,rdb_kyushu,九州防衛局,地方防衛局,2023,2023,16
https://warp.ndl.go.jp/20230715/20230715000000/https://www.mod.go.jp/rdb/kyushu/contract/announcement/pdf/0505kouzizuikei.pdf,pdf,rdb_kyushu,九州防衛局,地方防衛局,2023,2023,1
https://warp.ndl.go.jp/20230715/20230715000000/https://www.mod.go.jp/rdb/kyushu/contract/announcement/pdf/0506buppinnyuusatu.pdf,pdf,rdb_kyushu,九州防衛局,地方防衛局,2023,2023,6
https://warp.ndl.go.jp/20230715/20230715000000/https://www.mod.go.jp/rdb/kyushu/contract/announcement/pdf/0506buppinnzuikei.pdf,pdf,rdb_kyushu,九州防衛局,地方防衛局,2023,2023,1
https://warp.ndl.go.jp/20230715/20230715000000/https://www.mod.go.jp/rdb/kyushu/contract/announcement/pdf/0506kouzinyuusatsu.pdf,pdf,rdb_kyushu,九州防衛局,地方防衛局,2023,2023,13
https://warp.ndl.go.jp/20230715/20230715000000/https://www.mod.go.jp/rdb/kyushu/contract/announcement/pdf/0507buppinnzuikei.pdf,pdf,rdb_kyushu,九州防衛局,地方防衛局,2023,2023,1
https://warp.ndl.go.jp/20230715/20230715000000/https://www.mod.go.jp/rdb/kyushu/contract/announcement/pdf/0507kouzinyuusatsu.pdf,pdf,rdb_kyushu,九州防衛局,地方防衛局,2023,2023,20
https://warp.ndl.go.jp/20230715/20230715000000/https://www.mod.go.jp/rdb/kyushu/contract/announcement/pdf/0507kouzizuikei.pdf,pdf,rdb_kyushu,九州防衛局,地方防衛局,2023,2023,1
https://warp.ndl.go.jp/20230715/20230715000000/https://www.mod.go.jp/rdb/kyushu/contract/announcement/pdf/0508buppinnyuusatu.pdf,pdf,rdb_kyushu,九州防衛局,地方防衛局,2023,2023,4
https://warp.ndl.go.jp/20230715/20230715000000/https://www.mod.go.jp/rdb/kyushu/contract/announcement/pdf/0508kouzinyuusatsu.pdf,pdf,rdb_kyushu,九州防衛局,地方防衛局,2023,2023,27
https://warp.ndl.go.jp/20230715/20230715000000/https://www.mod.go.jp/rdb/kyushu/contract/announcement/pdf/0508kouzizuikei.pdf,pdf,rdb_kyushu,九州防衛局,地方防衛局,2023,2023,1
https://warp.ndl.go.jp/20230715/20230715000000/https://www.mod.go.jp/rdb/kyushu/contract/announcement/pdf/0509buppinnyuusatu.pdf,pdf,rdb_kyushu,九州防衛局,地方防衛局,2023,2023,2
https://warp.ndl.go.jp/20230715/20230715000000/https://www.mod.go.jp/rdb/kyushu/contract/announcement/pdf/0509buppinnzuikei.pdf,pdf,rdb_kyushu,九州防衛局,地方防衛局,2023,2023,2
https://warp.ndl.go.jp/20230715/20230715000000/https://www.mod.go.jp/rdb/kyushu/contract/announcement/pdf/0509kouzinyuusatsu.pdf,pdf,rdb_kyushu,九州防衛局,地方防衛局,2023,2023,14
https://warp.ndl.go.jp/20230715/20230715000000/https://www.mod.go.jp/rdb/kyushu/contract/announcement/pdf/0509kouzizuikei.pdf,pdf,rdb_kyushu,九州防衛局,地方防衛局,2023,2023,2
https://warp.ndl.go.jp/20230715/20230715000000/https://www.mod.go.jp/rdb/kyushu/contract/announcement/pdf/0510buppinnyuusatu.pdf,pdf,rdb_kyushu,九州防衛局,地方防衛局,2023,2023,2
https://warp.ndl.go.jp/20230715/20230715000000/https://www.mod.go.jp/rdb/kyushu/contract/announcement/pdf/0510kouzinyuusatsu.pdf,pdf,rdb_kyushu,九州防衛局,地方防衛局,2023,2023,13
https://warp.ndl.go.jp/20230715/20230715000000/https://www.mod.go.jp/rdb/kyushu/contract/announcement/pdf/0510kouzizuikei.pdf,pdf,rdb_kyushu,九州防衛局,地方防衛局,2023,2023,3
https://warp.ndl.go.jp/20230715/20230715000000/https://www.mod.go.jp/rdb/kyushu/contract/announcement/pdf/0511buppinnyuusatu.pdf,pdf,rdb_kyushu,九州防衛局,地方防衛局,2023,2023,2
https://warp.ndl.go.jp/20230715/20230715000000/https://www.mod.go.jp/rdb/kyushu/contract/announcement/pdf/0511buppinnzuikei.pdf,pdf,rdb_kyushu,九州防衛局,地方防衛局,2023,2023,2
https://warp.ndl.go.jp/20230715/20230715000000/https://www.mod.go.jp/rdb/kyushu/contract/announcement/pdf/0511kouzinyuusatsu.pdf,pdf,rdb_kyushu,九州防衛局,地方防衛局,2023,2023,13
https://warp.ndl.go.jp/20230715/20230715000000/https://www.mod.go.jp/rdb/kyushu/contract/announcement/pdf/0512buppinnyuusatu.pdf,pdf,rdb_kyushu,九州防衛局,地方防衛局,2023,2023,2
https://warp.ndl.go.jp/20230715/20230715000000/https://www.mod.go.jp/rdb/kyushu/contract/announcement/pdf/0512buppinnzuikei.pdf,pdf,rdb_kyushu,九州防衛局,地方防衛局,2023,2023,2
https://warp.ndl.go.jp/20230715/20230715000000/https://www.mod.go.jp/rdb/kyushu/contract/announcement/pdf/0512kouzinyuusatsu.pdf,pdf,rdb_kyushu,九州防衛局,地方防衛局,2023,2023,5
https://warp.ndl.go.jp/20230715/20230715000000/https://www.mod.go.jp/rdb/kyushu/contract/announcement/pdf/0601buppinnyuusatu.pdf,pdf,rdb_kyushu,九州防衛局,地方防衛局,2023,2023,1
https://warp.ndl.go.jp/20230715/20230715000000/https://www.mod.go.jp/rdb/kyushu/contract/announcement/pdf/0601buppinnzuikei.pdf,pdf,rdb_kyushu,九州防衛局,地方防衛局,2023,2023,2
https://warp.ndl.go.jp/20230715/20230715000000/https://www.mod.go.jp/rdb/kyushu/contract/announcement/pdf/0601kouzinyuusatsu.pdf,pdf,rdb_kyushu,九州防衛局,地方防衛局,2023,2023,12
https://warp.ndl.go.jp/20230715/20230715000000/https://www.mod.go.jp/rdb/kyushu/contract/announcement/pdf/k0404buppinnyusatsu.pdf,warp_crawler,rdb_kyushu,九州防衛局,地方防衛局,2022,2022,5
https://warp.ndl.go.jp/20230715/20230715000000/https://www.mod.go.jp/rdb/kyushu/contract/announcement/pdf/k0404buppinzuikei.pdf,warp_crawler,rdb_kyushu,九州防衛局,地方防衛局,2022,2022,4
https://warp.ndl.go.jp/20230715/20230715000000/https://www.mod.go.jp/rdb/kyushu/contract/announcement/pdf/k0404kouzinyusatsu.pdf,warp_crawler,rdb_kyushu,九州防衛局,地方防衛局,2022,2022,7
https://warp.ndl.go.jp/20230715/20230715000000/https://www.mod.go.jp/rdb/kyushu/contract/announcement/pdf/k0405buppinnyusatsu.pdf,warp_crawler,rdb_kyushu,九州防衛局,地方防衛局,2022,2022,1
https://warp.ndl.go.jp/20230715/20230715000000/https://www.mod.go.jp/rdb/kyushu/contract/announcement/pdf/k0405kouzinyusatsu.pdf,warp_crawler,rdb_kyushu,九州防衛局,地方防衛局,2022,2022,18
https://warp.ndl.go.jp/20230715/20230715000000/https://www.mod.go.jp/rdb/kyushu/contract/announcement/pdf/k0406kouzinyusatsu.pdf,warp_crawler,rdb_kyushu,九州防衛局,地方防衛局,2022,2022,18
https://warp.ndl.go.jp/20230715/20230715000000/https://www.mod.go.jp/rdb/kyushu/contract/announcement/pdf/k0407buppinnyusatsu.pdf,warp_crawler,rdb_kyushu,九州防衛局,地方防衛局,2022,2022,1
https://warp.ndl.go.jp/20230715/20230715000000/https://www.mod.go.jp/rdb/kyushu/contract/announcement/pdf/k0407kouzinyusatsu.pdf,warp_crawler,rdb_kyushu,九州防衛局,地方防衛局,2022,2022,12
https://warp.ndl.go.jp/20230715/20230715000000/https://www.mod.go.jp/rdb/kyushu/contract/announcement/pdf/k0407kouzizuikei.pdf,warp_crawler,rdb_kyushu,九州防衛局,地方防衛局,2022,2022,1
https://warp.ndl.go.jp/20230715/20230715000000/https://www.mod.go.jp/rdb/kyushu/contract/announcement/pdf/k0408kouzinyusatsu.pdf,warp_crawler,rdb_kyushu,九州防衛局,地方防衛局,2022,2022,4
https://warp.ndl.go.jp/20230715/20230715000000/https://www.mod.go.jp/rdb/kyushu/contract/announcement/pdf/k0408kouzizuikei.pdf,warp_crawler,rdb_kyushu,九州防衛局,地方防衛局,2022,2022,1
https://warp.ndl.go.jp/20230715/20230715000000/https://www.mod.go.jp/rdb/kyushu/contract/announcement/pdf/k0409kouzinyusatsu.pdf,warp_crawler,rdb_kyushu,九州防衛局,地方防衛局,2022,2022,12
https://warp.ndl.go.jp/20230715/20230715000000/https://www.mod.go.jp/rdb/kyushu/contract/announcement/pdf/k0410kouzinyusatsu.pdf,warp_crawler,rdb_kyushu,九州防衛局,地方防衛局,2022,2022,14
https://warp.ndl.go.jp/20230715/20230715000000/https://www.mod.go.jp/rdb/kyushu/contract/announcement/pdf/k0411buppinzuikei.pdf,warp_crawler,rdb_kyushu,九州防衛局,地方防衛局,2022,2022,3
https://warp.ndl.go.jp/20230715/20230715000000/https://www.mod.go.jp/rdb/kyushu/contract/announcement/pdf/k0411kouzinyusatsu.pdf,warp_crawler,rdb_kyushu,九州防衛局,地方防衛局,2022,2022,4
https://warp.ndl.go.jp/20230715/20230715000000/https://www.mod.go.jp/rdb/kyushu/contract/announcement/pdf/k0411kouzizuikei.pdf,warp_crawler,rdb_kyushu,九州防衛局,地方防衛局,2022,2022,2
https://warp.ndl.go.jp/20230715/20230715000000/https://www.mod.go.jp/rdb/kyushu/contract/announcement/pdf/k0412buppinnyusatsu.pdf,warp_crawler,rdb_kyushu,九州防衛局,地方防衛局,2022,2022,3
https://warp.ndl.go.jp/20230715/20230715000000/https://www.mod.go.jp/rdb/kyushu/contract/announcement/pdf/k0412buppinzuikei.pdf,warp_crawler,rdb_kyushu,九州防衛局,地方防衛局,2022,2022,2
https://warp.ndl.go.jp/20230715/20230715000000/https://www.mod.go.jp/rdb/kyushu/contract/announcement/pdf/k0412kouzinyusatsu.pdf,warp_crawler,rdb_kyushu,九州防衛局,地方防衛局,2022,2022,24
https://warp.ndl.go.jp/20230715/20230715000000/https://www.mod.go.jp/rdb/kyushu/contract/announcement/pdf/k0412kouzizuikei.pdf,warp_crawler,rdb_kyushu,九州防衛局,地方防衛局,2022,2022,2
https://warp.ndl.go.jp/20230715/20230715000000/https://www.mod.go.jp/rdb/kyushu/contract/announcement/pdf/k0501kouzinyusatsu.pdf,warp_crawler,rdb_kyushu,九州防衛局,地方防衛局,2022,2022,12
https://warp.ndl.go.jp/20230715/20230715000000/https://www.mod.go.jp/rdb/kyushu/contract/announcement/pdf/k0502kouzinyusatsu.pdf,warp_crawler,rdb_kyushu,九州防衛局,地方防衛局,2022,2022,9
https://warp.ndl.go.jp/20230715/20230715000000/https://www.mod.go.jp/rdb/kyushu/contract/announcement/pdf/k0502kouzizuikei.pdf,warp_crawler,rdb_kyushu,九州防衛局,地方防衛局,2022,2022,4
https://warp.ndl.go.jp/20230715/20230715000000/https://www.mod.go.jp/rdb/kyushu/contract/announcement/pdf/k0503kouzinyusatsu.pdf,warp_crawler,rdb_kyushu,九州防衛局,地方防衛局,2022,2022,38
https://warp.ndl.go.jp/20230715/20230715000000/https://www.mod.go.jp/rdb/kyushu/contract/announcement/pdf/k0503kouzizuikei.pdf,warp_crawler,rdb_kyushu,九州防衛局,地方防衛局,2022,2022,4
https://warp.ndl.go.jp/20230715/20230715000000/https://www.mod.go.jp/rdb/kyushu/contract/announcement/pdf/k0504buppinnyusatsu.pdf,pdf,rdb_kyushu,九州防衛局,地方防衛局,2023,2023,7
https://warp.ndl.go.jp/20230715/20230715000000/https://www.mod.go.jp/rdb/kyushu/contract/announcement/pdf/k0504buppinzuikei.pdf,pdf,rdb_kyushu,九州防衛局,地方防衛局,2023,2023,4
https://warp.ndl.go.jp/20230715/20230715000000/https://www.mod.go.jp/rdb/kyushu/contract/announcement/pdf/k0504kouzinyusatsu.pdf,pdf,rdb_kyushu,九州防衛局,地方防衛局,2023,2023,4
https://warp.ndl.go.jp/20230715/20230715000000/https://www.mod.go.jp/rdb/kyushu/contract/announcement/pdf/k0505kouzinyusatsu.pdf,pdf,rdb_kyushu,九州防衛局,地方防衛局,2023,2023,17
https://warp.ndl.go.jp/20230715/20230715000000/https://www.mod.go.jp/rdb/kyushu/contract/announcement/pdf/k0506kouzinyusatsu.pdf,pdf,rdb_kyushu,九州防衛局,地方防衛局,2023,2023,15
https://warp.ndl.go.jp/20230715/20230715000000/https://www.mod.go.jp/rdb/kyushu/contract/announcement/pdf/k0507kouzinyusatsu.pdf,pdf,rdb_kyushu,九州防衛局,地方防衛局,2023,2023,12
https://warp.ndl.go.jp/20230715/20230715000000/https://www.mod.go.jp/rdb/kyushu/contract/announcement/pdf/k0507kouzizuikei.pdf,pdf,rdb_kyushu,九州防衛局,地方防衛局,2023,2023,7
https://warp.ndl.go.jp/20230715/20230715000000/https://www.mod.go.jp/rdb/kyushu/contract/announcement/pdf/k0508buppinnyusatsu.pdf,pdf,rdb_kyushu,九州防衛局,地方防衛局,2023,2023,1
https://warp.ndl.go.jp/20230715/20230715000000/https://www.mod.go.jp/rdb/kyushu/contract/announcement/pdf/k0508buppinzuikei.pdf,pdf,rdb_kyushu,九州防衛局,地方防衛局,2023,2023,1
https://warp.ndl.go.jp/20230715/20230715000000/https://www.mod.go.jp/rdb/kyushu/contract/announcement/pdf/k0508kouzinyusatsu.pdf,pdf,rdb_kyushu,九州防衛局,地方防衛局,2023,2023,20
https://warp.ndl.go.jp/20230715/20230715000000/https://www.mod.go.jp/rdb/kyushu/contract/announcement/pdf/k0509kouzinyusatsu.pdf,pdf,rdb_kyushu,九州防衛局,地方防衛局,2023,2023,23
https://warp.ndl.go.jp/20230715/20230715000000/https://www.mod.go.jp/rdb/kyushu/contract/announcement/pdf/k0510buppinnyusatsu.pdf,pdf,rdb_kyushu,九州防衛局,地方防衛局,2023,2023,1
https://warp.ndl.go.jp/20230715/20230715000000/https://www.mod.go.jp/rdb/kyushu/contract/announcement/pdf/k0510buppinzuikei.pdf,pdf,rdb_kyushu,九州防衛局,地方防衛局,2023,2023,1
https://warp.ndl.go.jp/20230715/20230715000000/https://www.mod.go.jp/rdb/kyushu/contract/announcement/pdf/k0510kouzinyusatsu.pdf,pdf,rdb_kyushu,九州防衛局,地方防衛局,2023,2023,10
https://warp.ndl.go.jp/20230715/20230715000000/https://www.mod.go.jp/rdb/kyushu/contract/announcement/pdf/k0510kouzizuikei.pdf,pdf,rdb_kyushu,九州防衛局,地方防衛局,2023,2023,1
https://warp.ndl.go.jp/20230715/20230715000000/https://www.mod.go.jp/rdb/kyushu/contract/announcement/pdf/k0511kouzinyusatsu.pdf,pdf,rdb_kyushu,九州防衛局,地方防衛局,2023,2023,11
https://warp.ndl.go.jp/20230715/20230715000000/https://www.mod.go.jp/rdb/kyushu/contract/announcement/pdf/k0512kouzinyusatsu.pdf,pdf,rdb_kyushu,九州防衛局,地方防衛局,2023,2023,9
https://warp.ndl.go.jp/20230715/20230715000000/https://www.mod.go.jp/rdb/kyushu/contract/announcement/pdf/k0512kouzizuikei.pdf,pdf,rdb_kyushu,九州防衛局,地方防衛局,2023,2023,1
https://warp.ndl.go.jp/20230715/20230715000000/https://www.mod.go.jp/rdb/kyushu/contract/announcement/pdf/k0601kouzinyusatsu.pdf,pdf,rdb_kyushu,九州防衛局,地方防衛局,2023,2023,10
https://warp.ndl.go.jp/20240715/20240715000000/https://www.mod.go.jp/rdb/kyushu/contract/announcement/pdf/0602buppinnyuusatu.pdf,pdf,rdb_kyushu,九州防衛局,地方防衛局,2023,2023,1
https://warp.ndl.go.jp/20240715/20240715000000/https://www.mod.go.jp/rdb/kyushu/contract/announcement/pdf/0602buppinnzuikei.pdf,pdf,rdb_kyushu,九州防衛局,地方防衛局,2023,2023,5
https://warp.ndl.go.jp/20240715/20240715000000/https://www.mod.go.jp/rdb/kyushu/contract/announcement/pdf/0602kouzinyuusatsu.pdf,pdf,rdb_kyushu,九州防衛局,地方防衛局,2023,2023,11
https://warp.ndl.go.jp/20240715/20240715000000/https://www.mod.go.jp/rdb/kyushu/contract/announcement/pdf/0602kouzizuikei.pdf,pdf,rdb_kyushu,九州防衛局,地方防衛局,2023,2023,1
https://warp.ndl.go.jp/20240715/20240715000000/https://www.mod.go.jp/rdb/kyushu/contract/announcement/pdf/0603buppinnyuusatu.pdf,pdf,rdb_kyushu,九州防衛局,地方防衛局,2023,2023,2
https://warp.ndl.go.jp/20240715/20240715000000/https://www.mod.go.jp/rdb/kyushu/contract/announcement/pdf/0603buppinnzuikei.pdf,pdf,rdb_kyushu,九州防衛局,地方防衛局,2023,2023,2
https://warp.ndl.go.jp/20240715/20240715000000/https://www.mod.go.jp/rdb/kyushu/contract/announcement/pdf/0603kouzinyuusatsu.pdf,pdf,rdb_kyushu,九州防衛局,地方防衛局,2023,2023,38
https://warp.ndl.go.jp/20240715/20240715000000/https://www.mod.go.jp/rdb/kyushu/contract/announcement/pdf/0603kouzizuikei.pdf,pdf,rdb_kyushu,九州防衛局,地方防衛局,2023,2023,5
https://warp.ndl.go.jp/20240715/20240715000000/https://www.mod.go.jp/rdb/kyushu/contract/announcement/pdf/k0602kouzinyusatsu.pdf,pdf,rdb_kyushu,九州防衛局,地方防衛局,2023,2023,18
https://warp.ndl.go.jp/20240715/20240715000000/https://www.mod.go.jp/rdb/kyushu/contract/announcement/pdf/k0603kouzinyusatsu.pdf,pdf,rdb_kyushu,九州防衛局,地方防衛局,2023,2023,31
https://warp.ndl.go.jp/20240715/20240715000000/https://www.mod.go.jp/rdb/kyushu/contract/announcement/pdf/k0603kouzizuikei.pdf,pdf,rdb_kyushu,九州防衛局,地方防衛局,2023,2023,3
https://warp.ndl.go.jp/20230715/20230715000000/https://www.mod.go.jp/rdb/okinawa/contract/information/pdf/2022/zb06.pdf,warp_crawler,rdb_okinawa,沖縄防衛局,地方防衛局,2022,2022,1
https://warp.ndl.go.jp/20230715/20230715000000/https://www.mod.go.jp/rdb/s-kanto/contract/information/images/reiwa4nendo/R4.10/01_0410kyousou_kouji.xlsx,warp_crawler,rdb_s_kanto,南関東防衛局,地方防衛局,2022,2022,15
https://warp.ndl.go.jp/20230715/20230715000000/https://www.mod.go.jp/rdb/s-kanto/contract/information/images/reiwa4nendo/R4.10/03_0410kyousou_ekimu.xlsx,warp_crawler,rdb_s_kanto,南関東防衛局,地方防衛局,2022,2022,1
https://warp.ndl.go.jp/20230715/20230715000000/https://www.mod.go.jp/rdb/s-kanto/contract/information/images/reiwa4nendo/R4.11/01_0411kyousou_kouji.xlsx,warp_crawler,rdb_s_kanto,南関東防衛局,地方防衛局,2022,2022,9
https://warp.ndl.go.jp/20230715/20230715000000/https://www.mod.go.jp/rdb/s-kanto/contract/information/images/reiwa4nendo/R4.11/03_0411kyousou_ekimu.xlsx,warp_crawler,rdb_s_kanto,南関東防衛局,地方防衛局,2022,2022,6
https://warp.ndl.go.jp/20230715/20230715000000/https://www.mod.go.jp/rdb/s-kanto/contract/information/images/reiwa4nendo/R4.12/01_0412kyousou_kouji.xlsx,warp_crawler,rdb_s_kanto,南関東防衛局,地方防衛局,2022,2022,14
https://warp.ndl.go.jp/20230715/20230715000000/https://www.mod.go.jp/rdb/s-kanto/contract/information/images/reiwa4nendo/R4.12/02_0412zuikei_kouji.xlsx,warp_crawler,rdb_s_kanto,南関東防衛局,地方防衛局,2022,2022,2
https://warp.ndl.go.jp/20230715/20230715000000/https://www.mod.go.jp/rdb/s-kanto/contract/information/images/reiwa4nendo/R4.12/03_0412kyousou_ekimu.xlsx,warp_crawler,rdb_s_kanto,南関東防衛局,地方防衛局,2022,2022,5
https://warp.ndl.go.jp/20230715/20230715000000/https://www.mod.go.jp/rdb/s-kanto/contract/information/images/reiwa4nendo/R4.4/03_0404kyousou_ekimu.xlsx,warp_crawler,rdb_s_kanto,南関東防衛局,地方防衛局,2022,2022,14
https://warp.ndl.go.jp/20230715/20230715000000/https://www.mod.go.jp/rdb/s-kanto/contract/information/images/reiwa4nendo/R4.4/04_0404zuikei_ekimu.xlsx,warp_crawler,rdb_s_kanto,南関東防衛局,地方防衛局,2022,2022,28
https://warp.ndl.go.jp/20230715/20230715000000/https://www.mod.go.jp/rdb/s-kanto/contract/information/images/reiwa4nendo/R4.5/01_0405kyousou_kouji.xlsx,warp_crawler,rdb_s_kanto,南関東防衛局,地方防衛局,2022,2022,8
https://warp.ndl.go.jp/20230715/20230715000000/https://www.mod.go.jp/rdb/s-kanto/contract/information/images/reiwa4nendo/R4.5/03_0405kyousou_ekimu.xlsx,warp_crawler,rdb_s_kanto,南関東防衛局,地方防衛局,2022,2022,6
https://warp.ndl.go.jp/20230715/20230715000000/https://www.mod.go.jp/rdb/s-kanto/contract/information/images/reiwa4nendo/R4.6/01_0406kyousou_kouji.xlsx,warp_crawler,rdb_s_kanto,南関東防衛局,地方防衛局,2022,2022,14
https://warp.ndl.go.jp/20230715/20230715000000/https://www.mod.go.jp/rdb/s-kanto/contract/information/images/reiwa4nendo/R4.6/02_0406zuikei_kouji.xlsx,warp_crawler,rdb_s_kanto,南関東防衛局,地方防衛局,2022,2022,4
https://warp.ndl.go.jp/20230715/20230715000000/https://www.mod.go.jp/rdb/s-kanto/contract/information/images/reiwa4nendo/R4.6/03_0406kyousou_ekimu.xlsx,warp_crawler,rdb_s_kanto,南関東防衛局,地方防衛局,2022,2022,8
https://warp.ndl.go.jp/20230715/20230715000000/https://www.mod.go.jp/rdb/s-kanto/contract/information/images/reiwa4nendo/R4.7/01_0407kyousou_kouji.xlsx,warp_crawler,rdb_s_kanto,南関東防衛局,地方防衛局,2022,2022,14
https://warp.ndl.go.jp/20230715/20230715000000/https://www.mod.go.jp/rdb/s-kanto/contract/information/images/reiwa4nendo/R4.7/02_0407zuikei_kouji.xlsx,warp_crawler,rdb_s_kanto,南関東防衛局,地方防衛局,2022,2022,1
https://warp.ndl.go.jp/20230715/20230715000000/https://www.mod.go.jp/rdb/s-kanto/contract/information/images/reiwa4nendo/R4.7/03_0407kyousou_ekimu.xlsx,warp_crawler,rdb_s_kanto,南関東防衛局,地方防衛局,2022,2022,9
https://warp.ndl.go.jp/20230715/20230715000000/https://www.mod.go.jp/rdb/s-kanto/contract/information/images/reiwa4nendo/R4.7/04_0407zuikei_ekimu.xlsx,excel,rdb_s_kanto,南関東防衛局,地方防衛局,2022,2022,2
https://warp.ndl.go.jp/20230715/20230715000000/https://www.mod.go.jp/rdb/s-kanto/contract/information/images/reiwa4nendo/R4.8/01_0408kyousou_kouji.xlsx,warp_crawler,rdb_s_kanto,南関東防衛局,地方防衛局,2022,2022,12
https://warp.ndl.go.jp/20230715/20230715000000/https://www.mod.go.jp/rdb/s-kanto/contract/information/images/reiwa4nendo/R4.8/02_0408zuikei_kouji.xlsx,warp_crawler,rdb_s_kanto,南関東防衛局,地方防衛局,2022,2022,2
https://warp.ndl.go.jp/20230715/20230715000000/https://www.mod.go.jp/rdb/s-kanto/contract/information/images/reiwa4nendo/R4.8/03_0408kyousou_ekimu.xlsx,warp_crawler,rdb_s_kanto,南関東防衛局,地方防衛局,2022,2022,3
https://warp.ndl.go.jp/20230715/20230715000000/https://www.mod.go.jp/rdb/s-kanto/contract/information/images/reiwa4nendo/R4.9/01_0409kyousou_kouji.xlsx,warp_crawler,rdb_s_kanto,南関東防衛局,地方防衛局,2022,2022,13
https://warp.ndl.go.jp/20230715/20230715000000/https://www.mod.go.jp/rdb/s-kanto/contract/information/images/reiwa4nendo/R4.9/03_0409kyousou_ekimu.xlsx,warp_crawler,rdb_s_kanto,南関東防衛局,地方防衛局,2022,2022,4
https://warp.ndl.go.jp/20230715/20230715000000/https://www.mod.go.jp/rdb/s-kanto/contract/information/images/reiwa4nendo/R4.9/04_0409zuikei_ekimu.xlsx,warp_crawler,rdb_s_kanto,南関東防衛局,地方防衛局,2022,2022,2
https://warp.ndl.go.jp/20230715/20230715000000/https://www.mod.go.jp/rdb/s-kanto/contract/information/images/reiwa4nendo/R5.1/01_0501kyousou_kouji.xlsx,warp_crawler,rdb_s_kanto,南関東防衛局,地方防衛局,2022,2022,12
https://warp.ndl.go.jp/20230715/20230715000000/https://www.mod.go.jp/rdb/s-kanto/contract/information/images/reiwa4nendo/R5.1/03_0501kyousou_ekimu.xlsx,warp_crawler,rdb_s_kanto,南関東防衛局,地方防衛局,2022,2022,1
https://warp.ndl.go.jp/20230715/20230715000000/https://www.mod.go.jp/rdb/s-kanto/contract/information/images/reiwa4nendo/R5.2/01_0502kyousou_kouji.xlsx,warp_crawler,rdb_s_kanto,南関東防衛局,地方防衛局,2022,2022,27
https://warp.ndl.go.jp/20230715/20230715000000/https://www.mod.go.jp/rdb/s-kanto/contract/information/images/reiwa4nendo/R5.2/02_0502zuikei_kouji.xlsx,warp_crawler,rdb_s_kanto,南関東防衛局,地方防衛局,2022,2022,1
https://warp.ndl.go.jp/20230715/20230715000000/https://www.mod.go.jp/rdb/s-kanto/contract/information/images/reiwa4nendo/R5.2/03_0502kyousou_ekimu.xlsx,warp_crawler,rdb_s_kanto,南関東防衛局,地方防衛局,2022,2022,8
https://warp.ndl.go.jp/20230715/20230715000000/https://www.mod.go.jp/rdb/s-kanto/contract/information/images/reiwa4nendo/R5.3/01_0503kyousou_kouji.xlsx,warp_crawler,rdb_s_kanto,南関東防衛局,地方防衛局,2022,2022,15
https://warp.ndl.go.jp/20230715/20230715000000/https://www.mod.go.jp/rdb/s-kanto/contract/information/images/reiwa4nendo/R5.3/02_0503zuikei_kouji.xlsx,warp_crawler,rdb_s_kanto,南関東防衛局,地方防衛局,2022,2022,1
https://warp.ndl.go.jp/20230715/20230715000000/https://www.mod.go.jp/rdb/s-kanto/contract/information/images/reiwa4nendo/R5.3/04_0503zuikei_ekimu.xlsx,warp_crawler,rdb_s_kanto,南関東防衛局,地方防衛局,2022,2022,3
https://warp.ndl.go.jp/20240715/20240715000000/https://www.mod.go.jp/rdb/s-kanto/contract/information/images/reiwa5nendo/R5.10/01_0510kyousou_kouji.xlsx,warp_crawler,rdb_s_kanto,南関東防衛局,地方防衛局,2023,2023,14
https://warp.ndl.go.jp/20240715/20240715000000/https://www.mod.go.jp/rdb/s-kanto/contract/information/images/reiwa5nendo/R5.4/03_0504kyousou_ekimu.xlsx,warp_crawler,rdb_s_kanto,南関東防衛局,地方防衛局,2023,2023,13
https://warp.ndl.go.jp/20240715/20240715000000/https://www.mod.go.jp/rdb/s-kanto/contract/information/images/reiwa5nendo/R5.4/04_0504zuikei_ekimu.xlsx,warp_crawler,rdb_s_kanto,南関東防衛局,地方防衛局,2023,2023,10
https://warp.ndl.go.jp/20240715/20240715000000/https://www.mod.go.jp/rdb/s-kanto/contract/information/images/reiwa5nendo/R5.5/01_0505kyousou_kouji.xlsx,warp_crawler,rdb_s_kanto,南関東防衛局,地方防衛局,2023,2023,4
https://warp.ndl.go.jp/20240715/20240715000000/https://www.mod.go.jp/rdb/s-kanto/contract/information/images/reiwa5nendo/R5.5/03_0505kyousou_ekimu.xlsx,warp_crawler,rdb_s_kanto,南関東防衛局,地方防衛局,2023,2023,10
https://warp.ndl.go.jp/20240715/20240715000000/https://www.mod.go.jp/rdb/s-kanto/contract/information/images/reiwa5nendo/R5.6/01_0506kyousou_kouji.xlsx,warp_crawler,rdb_s_kanto,南関東防衛局,地方防衛局,2023,2023,18
https://warp.ndl.go.jp/20240715/20240715000000/https://www.mod.go.jp/rdb/s-kanto/contract/information/images/reiwa5nendo/R5.6/02_0506zuikei_kouji.xlsx,warp_crawler,rdb_s_kanto,南関東防衛局,地方防衛局,2023,2023,4
https://warp.ndl.go.jp/20240715/20240715000000/https://www.mod.go.jp/rdb/s-kanto/contract/information/images/reiwa5nendo/R5.6/03_0506kyousou_ekimu.xlsx,warp_crawler,rdb_s_kanto,南関東防衛局,地方防衛局,2023,2023,12
https://warp.ndl.go.jp/20240715/20240715000000/https://www.mod.go.jp/rdb/s-kanto/contract/information/images/reiwa5nendo/R5.7/01_0507kyousou_kouji.xlsx,warp_crawler,rdb_s_kanto,南関東防衛局,地方防衛局,2023,2023,17
https://warp.ndl.go.jp/20240715/20240715000000/https://www.mod.go.jp/rdb/s-kanto/contract/information/images/reiwa5nendo/R5.8/01_0508kyousou_kouji.xlsx,warp_crawler,rdb_s_kanto,南関東防衛局,地方防衛局,2023,2023,10
https://warp.ndl.go.jp/20240715/20240715000000/https://www.mod.go.jp/rdb/s-kanto/contract/information/images/reiwa5nendo/R5.8/02_0508zuikei_kouji.xlsx,warp_crawler,rdb_s_kanto,南関東防衛局,地方防衛局,2023,2023,3
https://warp.ndl.go.jp/20240715/20240715000000/https://www.mod.go.jp/rdb/s-kanto/contract/information/images/reiwa5nendo/R5.8/03_0508kyousou_ekimu.xlsx,warp_crawler,rdb_s_kanto,南関東防衛局,地方防衛局,2023,2023,14
https://warp.ndl.go.jp/20240715/20240715000000/https://www.mod.go.jp/rdb/s-kanto/contract/information/images/reiwa5nendo/R5.8/04_0508zuikei_ekimu.xlsx,warp_crawler,rdb_s_kanto,南関東防衛局,地方防衛局,2023,2023,1
https://warp.ndl.go.jp/20240715/20240715000000/https://www.mod.go.jp/rdb/s-kanto/contract/information/images/reiwa5nendo/R5.9/01_0509kyousou_kouji.xlsx,warp_crawler,rdb_s_kanto,南関東防衛局,地方防衛局,2023,2023,13
https://warp.ndl.go.jp/20240715/20240715000000/https://www.mod.go.jp/rdb/s-kanto/contract/information/images/reiwa5nendo/R5.9/02_0509zuikei_kouji.xlsx,warp_crawler,rdb_s_kanto,南関東防衛局,地方防衛局,2023,2023,1
https://warp.ndl.go.jp/20240715/20240715000000/https://www.mod.go.jp/rdb/s-kanto/contract/information/images/reiwa5nendo/R5.9/03_0509kyousou_ekimu.xlsx,warp_crawler,rdb_s_kanto,南関東防衛局,地方防衛局,2023,2023,3
https://warp.ndl.go.jp/20240715/20240715000000/https://www.mod.go.jp/rdb/s-kanto/contract/information/images/reiwa5nendo/R5.9/04_0509zuikei_ekimu.xlsx,excel,rdb_s_kanto,南関東防衛局,地方防衛局,2023,2023,8
https://warp.ndl.go.jp/20240715/20240715000000/https://www.mod.go.jp/rdb/s-kanto/contract/information/images/reiwa5nendo/R6.1/01_0601kyousou_kouji.xlsx,warp_crawler,rdb_s_kanto,南関東防衛局,地方防衛局,2023,2023,13
https://warp.ndl.go.jp/20240715/20240715000000/https://www.mod.go.jp/rdb/s-kanto/contract/information/images/reiwa5nendo/R6.2/01_0602kyousou_kouji.xlsx,warp_crawler,rdb_s_kanto,南関東防衛局,地方防衛局,2023,2023,24
https://warp.ndl.go.jp/20240715/20240715000000/https://www.mod.go.jp/rdb/s-kanto/contract/information/images/reiwa5nendo/R6.2/02_0602zuikei_kouji.xlsx,warp_crawler,rdb_s_kanto,南関東防衛局,地方防衛局,2023,2023,2
https://warp.ndl.go.jp/20240715/20240715000000/https://www.mod.go.jp/rdb/s-kanto/contract/information/images/reiwa5nendo/R6.3/01_0603kyousou_kouji.xlsx,warp_crawler,rdb_s_kanto,南関東防衛局,地方防衛局,2023,2023,23
https://warp.ndl.go.jp/20240715/20240715000000/https://www.mod.go.jp/rdb/s-kanto/contract/information/images/reiwa5nendo/R6.3/02_0603zuikei_kouji.xlsx,warp_crawler,rdb_s_kanto,南関東防衛局,地方防衛局,2023,2023,1
https://warp.ndl.go.jp/20240715/20240715000000/https://www.mod.go.jp/rdb/s-kanto/contract/information/images/reiwa5nendo/R6.3/03_0603kyousou_ekimu.xlsx,warp_crawler,rdb_s_kanto,南関東防衛局,地方防衛局,2023,2023,1
https://warp.ndl.go.jp/20230715/20230715000000/https://www.mod.go.jp/rdb/tohoku/contract/result/keiyaku/18-6-3.xlsx,warp_crawler,rdb_tohoku,東北防衛局,地方防衛局,2022,2022,1
https://warp.ndl.go.jp/20230715/20230715000000/https://www.mod.go.jp/rdb/tohoku/contract/result/keiyaku/19-10-1.xlsx,warp_crawler,rdb_tohoku,東北防衛局,地方防衛局,2022,2022,4
https://warp.ndl.go.jp/20230715/20230715000000/https://www.mod.go.jp/rdb/tohoku/contract/result/keiyaku/19-10-3.xlsx,warp_crawler,rdb_tohoku,東北防衛局,地方防衛局,2022,2022,3
https://warp.ndl.go.jp/20230715/20230715000000/https://www.mod.go.jp/rdb/tohoku/contract/result/keiyaku/19-11-1.xlsx,warp_crawler,rdb_tohoku,東北防衛局,地方防衛局,2022,2022,8
https://warp.ndl.go.jp/20230715/20230715000000/https://www.mod.go.jp/rdb/tohoku/contract/result/keiyaku/19-11-3.xlsx,warp_crawler,rdb_tohoku,東北防衛局,地方防衛局,2022,2022,4
https://warp.ndl.go.jp/20230715/20230715000000/https://www.mod.go.jp/rdb/tohoku/contract/result/keiyaku/19-12-1.xlsx,warp_crawler,rdb_tohoku,東北防衛局,地方防衛局,2022,2022,11
https://warp.ndl.go.jp/20230715/20230715000000/https://www.mod.go.jp/rdb/tohoku/contract/result/keiyaku/19-12-3.xlsx,warp_crawler,rdb_tohoku,東北防衛局,地方防衛局,2022,2022,1
https://warp.ndl.go.jp/20230715/20230715000000/https://www.mod.go.jp/rdb/tohoku/contract/result/keiyaku/19-5-3.xlsx,warp_crawler,rdb_tohoku,東北防衛局,地方防衛局,2022,2022,6
https://warp.ndl.go.jp/20230715/20230715000000/https://www.mod.go.jp/rdb/tohoku/contract/result/keiyaku/19-6-1.xlsx,warp_crawler,rdb_tohoku,東北防衛局,地方防衛局,2022,2022,20
https://warp.ndl.go.jp/20230715/20230715000000/https://www.mod.go.jp/rdb/tohoku/contract/result/keiyaku/19-6-3.xlsx,warp_crawler,rdb_tohoku,東北防衛局,地方防衛局,2022,2022,2
https://warp.ndl.go.jp/20230715/20230715000000/https://www.mod.go.jp/rdb/tohoku/contract/result/keiyaku/19-7-1.xlsx,warp_crawler,rdb_tohoku,東北防衛局,地方防衛局,2022,2022,6
https://warp.ndl.go.jp/20230715/20230715000000/https://www.mod.go.jp/rdb/tohoku/contract/result/keiyaku/19-7-2.xlsx,warp_crawler,rdb_tohoku,東北防衛局,地方防衛局,2022,2022,2
https://warp.ndl.go.jp/20230715/20230715000000/https://www.mod.go.jp/rdb/tohoku/contract/result/keiyaku/19-7-3.xlsx,warp_crawler,rdb_tohoku,東北防衛局,地方防衛局,2022,2022,2
https://warp.ndl.go.jp/20230715/20230715000000/https://www.mod.go.jp/rdb/tohoku/contract/result/keiyaku/19-8-1.xlsx,warp_crawler,rdb_tohoku,東北防衛局,地方防衛局,2022,2022,13
https://warp.ndl.go.jp/20230715/20230715000000/https://www.mod.go.jp/rdb/tohoku/contract/result/keiyaku/19-8-2.xlsx,warp_crawler,rdb_tohoku,東北防衛局,地方防衛局,2022,2022,1
https://warp.ndl.go.jp/20230715/20230715000000/https://www.mod.go.jp/rdb/tohoku/contract/result/keiyaku/19-9-1.xlsx,warp_crawler,rdb_tohoku,東北防衛局,地方防衛局,2022,2022,10
https://warp.ndl.go.jp/20230715/20230715000000/https://www.mod.go.jp/rdb/tohoku/contract/result/keiyaku/19-9-3.xlsx,warp_crawler,rdb_tohoku,東北防衛局,地方防衛局,2022,2022,1
https://warp.ndl.go.jp/20230715/20230715000000/https://www.mod.go.jp/rdb/tohoku/contract/result/keiyaku/20-1-1.xlsx,warp_crawler,rdb_tohoku,東北防衛局,地方防衛局,2022,2022,7
https://warp.ndl.go.jp/20230715/20230715000000/https://www.mod.go.jp/rdb/tohoku/contract/result/keiyaku/20-2-1.xlsx,warp_crawler,rdb_tohoku,東北防衛局,地方防衛局,2022,2022,15
https://warp.ndl.go.jp/20230715/20230715000000/https://www.mod.go.jp/rdb/tohoku/contract/result/keiyaku/20-3-1.xlsx,warp_crawler,rdb_tohoku,東北防衛局,地方防衛局,2022,2022,12
https://warp.ndl.go.jp/20230715/20230715000000/https://www.mod.go.jp/rdb/tohoku/contract/result/keiyaku/22-10-1.pdf,warp_crawler,rdb_tohoku,東北防衛局,地方防衛局,2022,2022,11
https://warp.ndl.go.jp/20230715/20230715000000/https://www.mod.go.jp/rdb/tohoku/contract/result/keiyaku/22-10-3.pdf,warp_crawler,rdb_tohoku,東北防衛局,地方防衛局,2022,2022,4
https://warp.ndl.go.jp/20230715/20230715000000/https://www.mod.go.jp/rdb/tohoku/contract/result/keiyaku/22-11-1.pdf,warp_crawler,rdb_tohoku,東北防衛局,地方防衛局,2022,2022,12
https://warp.ndl.go.jp/20230715/20230715000000/https://www.mod.go.jp/rdb/tohoku/contract/result/keiyaku/22-11-3.pdf,warp_crawler,rdb_tohoku,東北防衛局,地方防衛局,2022,2022,6
https://warp.ndl.go.jp/20230715/20230715000000/https://www.mod.go.jp/rdb/tohoku/contract/result/keiyaku/22-12-1.pdf,warp_crawler,rdb_tohoku,東北防衛局,地方防衛局,2022,2022,9
https://warp.ndl.go.jp/20230715/20230715000000/https://www.mod.go.jp/rdb/tohoku/contract/result/keiyaku/22-12-3.pdf,warp_crawler,rdb_tohoku,東北防衛局,地方防衛局,2022,2022,3
https://warp.ndl.go.jp/20230715/20230715000000/https://www.mod.go.jp/rdb/tohoku/contract/result/keiyaku/22-12-4.pdf,warp_crawler,rdb_tohoku,東北防衛局,地方防衛局,2022,2022,1
https://warp.ndl.go.jp/20230715/20230715000000/https://www.mod.go.jp/rdb/tohoku/contract/result/keiyaku/22-4-1.pdf,warp_crawler,rdb_tohoku,東北防衛局,地方防衛局,2022,2022,1
https://warp.ndl.go.jp/20230715/20230715000000/https://www.mod.go.jp/rdb/tohoku/contract/result/keiyaku/22-4-3.pdf,warp_crawler,rdb_tohoku,東北防衛局,地方防衛局,2022,2022,11
https://warp.ndl.go.jp/20230715/20230715000000/https://www.mod.go.jp/rdb/tohoku/contract/result/keiyaku/22-4-4.pdf,warp_crawler,rdb_tohoku,東北防衛局,地方防衛局,2022,2022,20
https://warp.ndl.go.jp/20230715/20230715000000/https://www.mod.go.jp/rdb/tohoku/contract/result/keiyaku/22-5-1.pdf,warp_crawler,rdb_tohoku,東北防衛局,地方防衛局,2022,2022,7
https://warp.ndl.go.jp/20230715/20230715000000/https://www.mod.go.jp/rdb/tohoku/contract/result/keiyaku/22-5-3.pdf,warp_crawler,rdb_tohoku,東北防衛局,地方防衛局,2022,2022,7
https://warp.ndl.go.jp/20230715/20230715000000/https://www.mod.go.jp/rdb/tohoku/contract/result/keiyaku/22-6-1.pdf,warp_crawler,rdb_tohoku,東北防衛局,地方防衛局,2022,2022,14
https://warp.ndl.go.jp/20230715/20230715000000/https://www.mod.go.jp/rdb/tohoku/contract/result/keiyaku/22-6-3.pdf,warp_crawler,rdb_tohoku,東北防衛局,地方防衛局,2022,2022,1
https://warp.ndl.go.jp/20230715/20230715000000/https://www.mod.go.jp/rdb/tohoku/contract/result/keiyaku/22-7-1.pdf,warp_crawler,rdb_tohoku,東北防衛局,地方防衛局,2022,2022,17
https://warp.ndl.go.jp/20230715/20230715000000/https://www.mod.go.jp/rdb/tohoku/contract/result/keiyaku/22-7-3.pdf,warp_crawler,rdb_tohoku,東北防衛局,地方防衛局,2022,2022,3
https://warp.ndl.go.jp/20230715/20230715000000/https://www.mod.go.jp/rdb/tohoku/contract/result/keiyaku/22-8-1.pdf,warp_crawler,rdb_tohoku,東北防衛局,地方防衛局,2022,2022,19
https://warp.ndl.go.jp/20230715/20230715000000/https://www.mod.go.jp/rdb/tohoku/contract/result/keiyaku/22-9-1.pdf,warp_crawler,rdb_tohoku,東北防衛局,地方防衛局,2022,2022,12
https://warp.ndl.go.jp/20230715/20230715000000/https://www.mod.go.jp/rdb/tohoku/contract/result/keiyaku/23-1-1.pdf,warp_crawler,rdb_tohoku,東北防衛局,地方防衛局,2022,2022,17
https://warp.ndl.go.jp/20230715/20230715000000/https://www.mod.go.jp/rdb/tohoku/contract/result/keiyaku/23-1-3.pdf,warp_crawler,rdb_tohoku,東北防衛局,地方防衛局,2022,2022,2
https://warp.ndl.go.jp/20230715/20230715000000/https://www.mod.go.jp/rdb/tohoku/contract/result/keiyaku/23-2-1.pdf,warp_crawler,rdb_tohoku,東北防衛局,地方防衛局,2022,2022,25
https://warp.ndl.go.jp/20230715/20230715000000/https://www.mod.go.jp/rdb/tohoku/contract/result/keiyaku/23-3-1.pdf,warp_crawler,rdb_tohoku,東北防衛局,地方防衛局,2022,2022,23
https://warp.ndl.go.jp/20230715/20230715000000/https://www.mod.go.jp/rdb/tohoku/contract/result/keiyaku/23-3-2.pdf,warp_crawler,rdb_tohoku,東北防衛局,地方防衛局,2022,2022,1
https://warp.ndl.go.jp/20240715/20240715000000/https://www.mod.go.jp/rdb/tohoku/contract/result/keiyaku/18-6-3.xlsx,warp_crawler,rdb_tohoku,東北防衛局,地方防衛局,2023,2023,1
https://warp.ndl.go.jp/20240715/20240715000000/https://www.mod.go.jp/rdb/tohoku/contract/result/keiyaku/19-10-1.xlsx,warp_crawler,rdb_tohoku,東北防衛局,地方防衛局,2023,2023,4
https://warp.ndl.go.jp/20240715/20240715000000/https://www.mod.go.jp/rdb/tohoku/contract/result/keiyaku/19-10-3.xlsx,warp_crawler,rdb_tohoku,東北防衛局,地方防衛局,2023,2023,3
https://warp.ndl.go.jp/20240715/20240715000000/https://www.mod.go.jp/rdb/tohoku/contract/result/keiyaku/19-11-1.xlsx,warp_crawler,rdb_tohoku,東北防衛局,地方防衛局,2023,2023,8
https://warp.ndl.go.jp/20240715/20240715000000/https://www.mod.go.jp/rdb/tohoku/contract/result/keiyaku/19-11-3.xlsx,warp_crawler,rdb_tohoku,東北防衛局,地方防衛局,2023,2023,4
https://warp.ndl.go.jp/20240715/20240715000000/https://www.mod.go.jp/rdb/tohoku/contract/result/keiyaku/19-12-1.xlsx,warp_crawler,rdb_tohoku,東北防衛局,地方防衛局,2023,2023,11
https://warp.ndl.go.jp/20240715/20240715000000/https://www.mod.go.jp/rdb/tohoku/contract/result/keiyaku/19-12-3.xlsx,warp_crawler,rdb_tohoku,東北防衛局,地方防衛局,2023,2023,1
https://warp.ndl.go.jp/20240715/20240715000000/https://www.mod.go.jp/rdb/tohoku/contract/result/keiyaku/19-5-3.xlsx,warp_crawler,rdb_tohoku,東北防衛局,地方防衛局,2023,2023,6
https://warp.ndl.go.jp/20240715/20240715000000/https://www.mod.go.jp/rdb/tohoku/contract/result/keiyaku/19-6-1.xlsx,warp_crawler,rdb_tohoku,東北防衛局,地方防衛局,2023,2023,20
https://warp.ndl.go.jp/20240715/20240715000000/https://www.mod.go.jp/rdb/tohoku/contract/result/keiyaku/19-6-3.xlsx,warp_crawler,rdb_tohoku,東北防衛局,地方防衛局,2023,2023,2
https://warp.ndl.go.jp/20240715/20240715000000/https://www.mod.go.jp/rdb/tohoku/contract/result/keiyaku/19-7-1.xlsx,warp_crawler,rdb_tohoku,東北防衛局,地方防衛局,2023,2023,6
https://warp.ndl.go.jp/20240715/20240715000000/https://www.mod.go.jp/rdb/tohoku/contract/result/keiyaku/19-7-2.xlsx,warp_crawler,rdb_tohoku,東北防衛局,地方防衛局,2023,2023,2
https://warp.ndl.go.jp/20240715/20240715000000/https://www.mod.go.jp/rdb/tohoku/contract/result/keiyaku/19-7-3.xlsx,warp_crawler,rdb_tohoku,東北防衛局,地方防衛局,2023,2023,2
https://warp.ndl.go.jp/20240715/20240715000000/https://www.mod.go.jp/rdb/tohoku/contract/result/keiyaku/19-8-1.xlsx,warp_crawler,rdb_tohoku,東北防衛局,地方防衛局,2023,2023,13
https://warp.ndl.go.jp/20240715/20240715000000/https://www.mod.go.jp/rdb/tohoku/contract/result/keiyaku/19-8-2.xlsx,warp_crawler,rdb_tohoku,東北防衛局,地方防衛局,2023,2023,1
https://warp.ndl.go.jp/20240715/20240715000000/https://www.mod.go.jp/rdb/tohoku/contract/result/keiyaku/19-9-1.xlsx,warp_crawler,rdb_tohoku,東北防衛局,地方防衛局,2023,2023,10
https://warp.ndl.go.jp/20240715/20240715000000/https://www.mod.go.jp/rdb/tohoku/contract/result/keiyaku/19-9-3.xlsx,warp_crawler,rdb_tohoku,東北防衛局,地方防衛局,2023,2023,1
https://warp.ndl.go.jp/20240715/20240715000000/https://www.mod.go.jp/rdb/tohoku/contract/result/keiyaku/20-1-1.xlsx,warp_crawler,rdb_tohoku,東北防衛局,地方防衛局,2023,2023,7
https://warp.ndl.go.jp/20240715/20240715000000/https://www.mod.go.jp/rdb/tohoku/contract/result/keiyaku/20-2-1.xlsx,warp_crawler,rdb_tohoku,東北防衛局,地方防衛局,2023,2023,15
https://warp.ndl.go.jp/20240715/20240715000000/https://www.mod.go.jp/rdb/tohoku/contract/result/keiyaku/20-3-1.xlsx,warp_crawler,rdb_tohoku,東北防衛局,地方防衛局,2023,2023,12
https://warp.ndl.go.jp/20240715/20240715000000/https://www.mod.go.jp/rdb/tohoku/contract/result/keiyaku/23-10-1.pdf,warp_crawler,rdb_tohoku,東北防衛局,地方防衛局,2023,2023,28
https://warp.ndl.go.jp/20240715/20240715000000/https://www.mod.go.jp/rdb/tohoku/contract/result/keiyaku/23-10-3.pdf,warp_crawler,rdb_tohoku,東北防衛局,地方防衛局,2023,2023,5
https://warp.ndl.go.jp/20240715/20240715000000/https://www.mod.go.jp/rdb/tohoku/contract/result/keiyaku/23-11-1.pdf,warp_crawler,rdb_tohoku,東北防衛局,地方防衛局,2023,2023,11
https://warp.ndl.go.jp/20240715/20240715000000/https://www.mod.go.jp/rdb/tohoku/contract/result/keiyaku/23-11-3.pdf,warp_crawler,rdb_tohoku,東北防衛局,地方防衛局,2023,2023,3
https://warp.ndl.go.jp/20240715/20240715000000/https://www.mod.go.jp/rdb/tohoku/contract/result/keiyaku/23-11-4.pdf,warp_crawler,rdb_tohoku,東北防衛局,地方防衛局,2023,2023,1
https://warp.ndl.go.jp/20240715/20240715000000/https://www.mod.go.jp/rdb/tohoku/contract/result/keiyaku/23-12-1.pdf,warp_crawler,rdb_tohoku,東北防衛局,地方防衛局,2023,2023,6
https://warp.ndl.go.jp/20240715/20240715000000/https://www.mod.go.jp/rdb/tohoku/contract/result/keiyaku/23-12-3.pdf,warp_crawler,rdb_tohoku,東北防衛局,地方防衛局,2023,2023,2
https://warp.ndl.go.jp/20240715/20240715000000/https://www.mod.go.jp/rdb/tohoku/contract/result/keiyaku/23-4-3.pdf,warp_crawler,rdb_tohoku,東北防衛局,地方防衛局,2023,2023,15
https://warp.ndl.go.jp/20240715/20240715000000/https://www.mod.go.jp/rdb/tohoku/contract/result/keiyaku/23-4-4.pdf,warp_crawler,rdb_tohoku,東北防衛局,地方防衛局,2023,2023,17
https://warp.ndl.go.jp/20240715/20240715000000/https://www.mod.go.jp/rdb/tohoku/contract/result/keiyaku/23-5-1.pdf,warp_crawler,rdb_tohoku,東北防衛局,地方防衛局,2023,2023,6
https://warp.ndl.go.jp/20240715/20240715000000/https://www.mod.go.jp/rdb/tohoku/contract/result/keiyaku/23-5-3.pdf,warp_crawler,rdb_tohoku,東北防衛局,地方防衛局,2023,2023,8
https://warp.ndl.go.jp/20240715/20240715000000/https://www.mod.go.jp/rdb/tohoku/contract/result/keiyaku/23-5-4.pdf,warp_crawler,rdb_tohoku,東北防衛局,地方防衛局,2023,2023,1
https://warp.ndl.go.jp/20240715/20240715000000/https://www.mod.go.jp/rdb/tohoku/contract/result/keiyaku/23-6-1.pdf,warp_crawler,rdb_tohoku,東北防衛局,地方防衛局,2023,2023,8
https://warp.ndl.go.jp/20240715/20240715000000/https://www.mod.go.jp/rdb/tohoku/contract/result/keiyaku/23-6-3.pdf,warp_crawler,rdb_tohoku,東北防衛局,地方防衛局,2023,2023,2
https://warp.ndl.go.jp/20240715/20240715000000/https://www.mod.go.jp/rdb/tohoku/contract/result/keiyaku/23-7-1.pdf,warp_crawler,rdb_tohoku,東北防衛局,地方防衛局,2023,2023,21
https://warp.ndl.go.jp/20240715/20240715000000/https://www.mod.go.jp/rdb/tohoku/contract/result/keiyaku/23-7-3.pdf,warp_crawler,rdb_tohoku,東北防衛局,地方防衛局,2023,2023,5
https://warp.ndl.go.jp/20240715/20240715000000/https://www.mod.go.jp/rdb/tohoku/contract/result/keiyaku/23-8-1.pdf,warp_crawler,rdb_tohoku,東北防衛局,地方防衛局,2023,2023,9
https://warp.ndl.go.jp/20240715/20240715000000/https://www.mod.go.jp/rdb/tohoku/contract/result/keiyaku/23-8-2.pdf,warp_crawler,rdb_tohoku,東北防衛局,地方防衛局,2023,2023,1
https://warp.ndl.go.jp/20240715/20240715000000/https://www.mod.go.jp/rdb/tohoku/contract/result/keiyaku/23-9-1.pdf,warp_crawler,rdb_tohoku,東北防衛局,地方防衛局,2023,2023,19
https://warp.ndl.go.jp/20240715/20240715000000/https://www.mod.go.jp/rdb/tohoku/contract/result/keiyaku/23-9-2.pdf,warp_crawler,rdb_tohoku,東北防衛局,地方防衛局,2023,2023,1
https://warp.ndl.go.jp/20240715/20240715000000/https://www.mod.go.jp/rdb/tohoku/contract/result/keiyaku/23-9-3.pdf,warp_crawler,rdb_tohoku,東北防衛局,地方防衛局,2023,2023,3
https://warp.ndl.go.jp/20240715/20240715000000/https://www.mod.go.jp/rdb/tohoku/contract/result/keiyaku/24-1-1.pdf,warp_crawler,rdb_tohoku,東北防衛局,地方防衛局,2023,2023,10
https://warp.ndl.go.jp/20240715/20240715000000/https://www.mod.go.jp/rdb/tohoku/contract/result/keiyaku/24-1-3.pdf,warp_crawler,rdb_tohoku,東北防衛局,地方防衛局,2023,2023,1
https://warp.ndl.go.jp/20240715/20240715000000/https://www.mod.go.jp/rdb/tohoku/contract/result/keiyaku/24-2-1.pdf,warp_crawler,rdb_tohoku,東北防衛局,地方防衛局,2023,2023,14
https://warp.ndl.go.jp/20240715/20240715000000/https://www.mod.go.jp/rdb/tohoku/contract/result/keiyaku/24-2-3.pdf,warp_crawler,rdb_tohoku,東北防衛局,地方防衛局,2023,2023,3
https://warp.ndl.go.jp/20240715/20240715000000/https://www.mod.go.jp/rdb/tohoku/contract/result/keiyaku/24-3-1.pdf,warp_crawler,rdb_tohoku,東北防衛局,地方防衛局,2023,2023,19
https://www.mod.go.jp/asdf/2dep/pdf/koukyo/kou_nyu_0501.xlsx,excel,asdf_2dep,第2補給処,航空自衛隊,2022,2022,10
https://www.mod.go.jp/asdf/2dep/pdf/koukyo/kou_nyu_0502.xlsx,excel,asdf_2dep,第2補給処,航空自衛隊,2022,2022,8
https://www.mod.go.jp/asdf/2dep/pdf/koukyo/kou_nyu_0503.xlsx,excel,asdf_2dep,第2補給処,航空自衛隊,2022,2022,12
https://www.mod.go.jp/asdf/2dep/pdf/koukyo/kou_nyu_0505.xlsx,excel,asdf_2dep,第2補給処,航空自衛隊,2023,2023,10
https://www.mod.go.jp/asdf/2dep/pdf/koukyo/kou_nyu_0506.xlsx,excel,asdf_2dep,第2補給処,航空自衛隊,2023,2023,215
https://www.mod.go.jp/asdf/2dep/pdf/koukyo/kou_nyu_0507.xlsx,excel,asdf_2dep,第2補給処,航空自衛隊,2023,2023,232
https://www.mod.go.jp/asdf/2dep/pdf/koukyo/kou_nyu_0508.xlsx,excel,asdf_2dep,第2補給処,航空自衛隊,2023,2023,89
https://www.mod.go.jp/asdf/2dep/pdf/koukyo/kou_nyu_0510.xlsx,excel,asdf_2dep,第2補給処,航空自衛隊,2023,2023,37
https://www.mod.go.jp/asdf/2dep/pdf/koukyo/kou_nyu_0511.xlsx,excel,asdf_2dep,第2補給処,航空自衛隊,2023,2023,42
https://www.mod.go.jp/asdf/2dep/pdf/koukyo/kou_nyu_0512.xlsx,excel,asdf_2dep,第2補給処,航空自衛隊,2023,2023,26
https://www.mod.go.jp/asdf/2dep/pdf/koukyo/kou_nyu_0601.xlsx,excel,asdf_2dep,第2補給処,航空自衛隊,2023,2023,62
https://www.mod.go.jp/asdf/2dep/pdf/koukyo/kou_nyu_0602.xlsx,excel,asdf_2dep,第2補給処,航空自衛隊,2023,2023,19
https://www.mod.go.jp/asdf/2dep/pdf/koukyo/kou_nyu_0603.xlsx,excel,asdf_2dep,第2補給処,航空自衛隊,2023,2023,94
https://www.mod.go.jp/asdf/2dep/pdf/koukyo/kou_nyu_0605.xlsx,excel,asdf_2dep,第2補給処,航空自衛隊,2024,2024,14
https://www.mod.go.jp/asdf/2dep/pdf/koukyo/kou_nyu_0606.xlsx,excel,asdf_2dep,第2補給処,航空自衛隊,2024,2024,101
https://www.mod.go.jp/asdf/2dep/pdf/koukyo/kou_nyu_0607.xlsx,excel,asdf_2dep,第2補給処,航空自衛隊,2024,2024,117
https://www.mod.go.jp/asdf/2dep/pdf/koukyo/kou_nyu_0608.xlsx,excel,asdf_2dep,第2補給処,航空自衛隊,2024,2024,164
https://www.mod.go.jp/asdf/2dep/pdf/koukyo/kou_nyu_0609.xlsx,excel,asdf_2dep,第2補給処,航空自衛隊,2024,2024,212
https://www.mod.go.jp/asdf/2dep/pdf/koukyo/kou_nyu_0610.xlsx,excel,asdf_2dep,第2補給処,航空自衛隊,2024,2024,153
https://www.mod.go.jp/asdf/2dep/pdf/koukyo/kou_nyu_0611.xlsx,excel,asdf_2dep,第2補給処,航空自衛隊,2024,2024,67
https://www.mod.go.jp/asdf/2dep/pdf/koukyo/kou_nyu_0612.xlsx,excel,asdf_2dep,第2補給処,航空自衛隊,2024,2024,72
https://www.mod.go.jp/asdf/2dep/pdf/koukyo/kou_nyu_0701.xlsx,excel,asdf_2dep,第2補給処,航空自衛隊,2024,2024,56
https://www.mod.go.jp/asdf/2dep/pdf/koukyo/kou_nyu_0702.xlsx,excel,asdf_2dep,第2補給処,航空自衛隊,2024,2024,42
https://www.mod.go.jp/asdf/2dep/pdf/koukyo/kou_nyu_0703.xlsx,excel,asdf_2dep,第2補給処,航空自衛隊,2024,2024,60
https://www.mod.go.jp/asdf/2dep/pdf/koukyo/kou_nyu_0704.xlsx,excel,asdf_2dep,第2補給処,航空自衛隊,2025,2025,6
https://www.mod.go.jp/asdf/2dep/pdf/koukyo/kou_nyu_0705.xlsx,excel,asdf_2dep,第2補給処,航空自衛隊,2025,2025,53
https://www.mod.go.jp/asdf/2dep/pdf/koukyo/kou_nyu_0706.xlsx,excel,asdf_2dep,第2補給処,航空自衛隊,2025,2025,183
https://www.mod.go.jp/asdf/2dep/pdf/koukyo/kou_nyu_0707.xlsx,excel,asdf_2dep,第2補給処,航空自衛隊,2025,2025,52
https://www.mod.go.jp/asdf/2dep/pdf/koukyo/kou_nyu_0708.xlsx,excel,asdf_2dep,第2補給処,航空自衛隊,2025,2025,75
https://www.mod.go.jp/asdf/2dep/pdf/koukyo/kou_nyu_0709.xlsx,excel,asdf_2dep,第2補給処,航空自衛隊,2025,2025,92
https://www.mod.go.jp/asdf/2dep/pdf/koukyo/kou_nyu_0710.xlsx,excel,asdf_2dep,第2補給処,航空自衛隊,2025,2025,22
https://www.mod.go.jp/asdf/2dep/pdf/koukyo/kou_nyu_0711.xlsx,excel,asdf_2dep,第2補給処,航空自衛隊,2025,2025,11
https://www.mod.go.jp/asdf/2dep/pdf/koukyo/kou_nyu_0712.xlsx,excel,asdf_2dep,第2補給処,航空自衛隊,2025,2025,22
https://www.mod.go.jp/asdf/2dep/pdf/koukyo/kou_nyu_0801.xlsx,warp_crawler,asdf_2dep,第2補給処,航空自衛隊,2025,2025,4
https://www.mod.go.jp/asdf/2dep/pdf/koukyo/kou_nyu_0802.xlsx,warp_crawler,asdf_2dep,第2補給処,航空自衛隊,2025,2025,15
https://www.mod.go.jp/asdf/2dep/pdf/koukyo/kou_nyu_0803.xlsx,excel,asdf_2dep,第2補給処,航空自衛隊,2025,2025,27
https://www.mod.go.jp/asdf/2dep/pdf/koukyo/kou_zui_0501.xlsx,excel,asdf_2dep,第2補給処,航空自衛隊,2022,2022,34
https://www.mod.go.jp/asdf/2dep/pdf/koukyo/kou_zui_0502.xlsx,excel,asdf_2dep,第2補給処,航空自衛隊,2022,2022,56
https://www.mod.go.jp/asdf/2dep/pdf/koukyo/kou_zui_0503.xlsx,excel,asdf_2dep,第2補給処,航空自衛隊,2022,2022,139
https://www.mod.go.jp/asdf/2dep/pdf/koukyo/kou_zui_0504.xlsx,excel,asdf_2dep,第2補給処,航空自衛隊,2023,2023,23
https://www.mod.go.jp/asdf/2dep/pdf/koukyo/kou_zui_0505.xlsx,excel,asdf_2dep,第2補給処,航空自衛隊,2023,2023,77
https://www.mod.go.jp/asdf/2dep/pdf/koukyo/kou_zui_0506.xlsx,excel,asdf_2dep,第2補給処,航空自衛隊,2023,2023,341
https://www.mod.go.jp/asdf/2dep/pdf/koukyo/kou_zui_0507.xlsx,excel,asdf_2dep,第2補給処,航空自衛隊,2023,2023,104
https://www.mod.go.jp/asdf/2dep/pdf/koukyo/kou_zui_0508.xlsx,excel,asdf_2dep,第2補給処,航空自衛隊,2023,2023,200
https://www.mod.go.jp/asdf/2dep/pdf/koukyo/kou_zui_0510.xlsx,excel,asdf_2dep,第2補給処,航空自衛隊,2023,2023,105
https://www.mod.go.jp/asdf/2dep/pdf/koukyo/kou_zui_0511.xlsx,excel,asdf_2dep,第2補給処,航空自衛隊,2023,2023,130
https://www.mod.go.jp/asdf/2dep/pdf/koukyo/kou_zui_0512.xlsx,excel,asdf_2dep,第2補給処,航空自衛隊,2023,2023,130
https://www.mod.go.jp/asdf/2dep/pdf/koukyo/kou_zui_0601.xlsx,excel,asdf_2dep,第2補給処,航空自衛隊,2023,2023,104
https://www.mod.go.jp/asdf/2dep/pdf/koukyo/kou_zui_0602.xlsx,excel,asdf_2dep,第2補給処,航空自衛隊,2023,2023,111
https://www.mod.go.jp/asdf/2dep/pdf/koukyo/kou_zui_0603.xlsx,excel,asdf_2dep,第2補給処,航空自衛隊,2023,2023,361
https://www.mod.go.jp/asdf/2dep/pdf/koukyo/kou_zui_0604.xlsx,excel,asdf_2dep,第2補給処,航空自衛隊,2024,2024,10
https://www.mod.go.jp/asdf/2dep/pdf/koukyo/kou_zui_0605.xlsx,excel,asdf_2dep,第2補給処,航空自衛隊,2024,2024,9
https://www.mod.go.jp/asdf/2dep/pdf/koukyo/kou_zui_0606.xlsx,excel,asdf_2dep,第2補給処,航空自衛隊,2024,2024,85
https://www.mod.go.jp/asdf/2dep/pdf/koukyo/kou_zui_0607.xlsx,excel,asdf_2dep,第2補給処,航空自衛隊,2024,2024,156
https://www.mod.go.jp/asdf/2dep/pdf/koukyo/kou_zui_0608.xlsx,excel,asdf_2dep,第2補給処,航空自衛隊,2024,2024,192
https://www.mod.go.jp/asdf/2dep/pdf/koukyo/kou_zui_0609.xlsx,excel,asdf_2dep,第2補給処,航空自衛隊,2024,2024,436
https://www.mod.go.jp/asdf/2dep/pdf/koukyo/kou_zui_0610.xlsx,excel,asdf_2dep,第2補給処,航空自衛隊,2024,2024,296
https://www.mod.go.jp/asdf/2dep/pdf/koukyo/kou_zui_0611.xlsx,excel,asdf_2dep,第2補給処,航空自衛隊,2024,2024,197
https://www.mod.go.jp/asdf/2dep/pdf/koukyo/kou_zui_0612.xlsx,excel,asdf_2dep,第2補給処,航空自衛隊,2024,2024,311
https://www.mod.go.jp/asdf/2dep/pdf/koukyo/kou_zui_0701.xlsx,excel,asdf_2dep,第2補給処,航空自衛隊,2024,2024,130
https://www.mod.go.jp/asdf/2dep/pdf/koukyo/kou_zui_0702.xlsx,excel,asdf_2dep,第2補給処,航空自衛隊,2024,2024,161
https://www.mod.go.jp/asdf/2dep/pdf/koukyo/kou_zui_0703.xlsx,excel,asdf_2dep,第2補給処,航空自衛隊,2024,2024,484
https://www.mod.go.jp/asdf/2dep/pdf/koukyo/kou_zui_0704.xlsx,excel,asdf_2dep,第2補給処,航空自衛隊,2025,2025,7
https://www.mod.go.jp/asdf/2dep/pdf/koukyo/kou_zui_0705.xlsx,excel,asdf_2dep,第2補給処,航空自衛隊,2025,2025,72
https://www.mod.go.jp/asdf/2dep/pdf/koukyo/kou_zui_0706.xlsx,excel,asdf_2dep,第2補給処,航空自衛隊,2025,2025,111
https://www.mod.go.jp/asdf/2dep/pdf/koukyo/kou_zui_0707.xlsx,excel,asdf_2dep,第2補給処,航空自衛隊,2025,2025,120
https://www.mod.go.jp/asdf/2dep/pdf/koukyo/kou_zui_0708.xlsx,excel,asdf_2dep,第2補給処,航空自衛隊,2025,2025,118
https://www.mod.go.jp/asdf/2dep/pdf/koukyo/kou_zui_0709.xlsx,excel,asdf_2dep,第2補給処,航空自衛隊,2025,2025,174
https://www.mod.go.jp/asdf/2dep/pdf/koukyo/kou_zui_0710.xlsx,excel,asdf_2dep,第2補給処,航空自衛隊,2025,2025,79
https://www.mod.go.jp/asdf/2dep/pdf/koukyo/kou_zui_0711.xlsx,excel,asdf_2dep,第2補給処,航空自衛隊,2025,2025,51
https://www.mod.go.jp/asdf/2dep/pdf/koukyo/kou_zui_0712.xlsx,excel,asdf_2dep,第2補給処,航空自衛隊,2025,2025,86
https://www.mod.go.jp/asdf/2dep/pdf/koukyo/kou_zui_0801.xlsx,warp_crawler,asdf_2dep,第2補給処,航空自衛隊,2025,2025,32
https://www.mod.go.jp/asdf/2dep/pdf/koukyo/kou_zui_0802.xlsx,warp_crawler,asdf_2dep,第2補給処,航空自衛隊,2025,2025,71
https://www.mod.go.jp/asdf/2dep/pdf/koukyo/kou_zui_0803.xlsx,excel,asdf_2dep,第2補給処,航空自衛隊,2025,2025,246
https://www.mod.go.jp/asdf/3dep/prd/kakusyukouhyou/koukyou/koukyou_excell/nyuusatu/kouhyou-n-0708.xlsx,excel,asdf_3dep,第3補給処,航空自衛隊,2025,2025,12
https://www.mod.go.jp/asdf/3dep/prd/kakusyukouhyou/koukyou/koukyou_excell/nyuusatu/kouhyou-n-0709.xlsx,excel,asdf_3dep,第3補給処,航空自衛隊,2025,2025,17
https://www.mod.go.jp/asdf/3dep/prd/kakusyukouhyou/koukyou/koukyou_excell/nyuusatu/kouhyou-n-0710.xlsx,excel,asdf_3dep,第3補給処,航空自衛隊,2025,2025,6
https://www.mod.go.jp/asdf/3dep/prd/kakusyukouhyou/koukyou/koukyou_excell/nyuusatu/kouhyou-n-0711.xlsx,excel,asdf_3dep,第3補給処,航空自衛隊,2025,2025,10
https://www.mod.go.jp/asdf/3dep/prd/kakusyukouhyou/koukyou/koukyou_excell/nyuusatu/kouhyou-n-0712.xlsx,excel,asdf_3dep,第3補給処,航空自衛隊,2025,2025,9
https://www.mod.go.jp/asdf/3dep/prd/kakusyukouhyou/koukyou/koukyou_excell/nyuusatu/kouhyou-n-0801.xlsx,excel,asdf_3dep,第3補給処,航空自衛隊,2025,2025,16
https://www.mod.go.jp/asdf/3dep/prd/kakusyukouhyou/koukyou/koukyou_excell/nyuusatu/kouhyou-n-0802.xlsx,excel,asdf_3dep,第3補給処,航空自衛隊,2025,2025,4
https://www.mod.go.jp/asdf/3dep/prd/kakusyukouhyou/koukyou/koukyou_excell/nyuusatu/kouhyou-n-0803.xlsx,excel,asdf_3dep,第3補給処,航空自衛隊,2025,2025,12
https://www.mod.go.jp/asdf/3dep/prd/kakusyukouhyou/koukyou/koukyou_excell/zuikei/kouhyou-z-0708.xlsx,excel,asdf_3dep,第3補給処,航空自衛隊,2025,2025,84
https://www.mod.go.jp/asdf/3dep/prd/kakusyukouhyou/koukyou/koukyou_excell/zuikei/kouhyou-z-0709.xlsx,excel,asdf_3dep,第3補給処,航空自衛隊,2025,2025,198
https://www.mod.go.jp/asdf/3dep/prd/kakusyukouhyou/koukyou/koukyou_excell/zuikei/kouhyou-z-0710.xlsx,excel,asdf_3dep,第3補給処,航空自衛隊,2024,2025,70
https://www.mod.go.jp/asdf/3dep/prd/kakusyukouhyou/koukyou/koukyou_excell/zuikei/kouhyou-z-0711.xlsx,excel,asdf_3dep,第3補給処,航空自衛隊,2025,2025,90
https://www.mod.go.jp/asdf/3dep/prd/kakusyukouhyou/koukyou/koukyou_excell/zuikei/kouhyou-z-0712.xlsx,excel,asdf_3dep,第3補給処,航空自衛隊,2025,2025,156
https://www.mod.go.jp/asdf/3dep/prd/kakusyukouhyou/koukyou/koukyou_excell/zuikei/kouhyou-z-0801.xlsx,excel,asdf_3dep,第3補給処,航空自衛隊,2025,2025,39
https://www.mod.go.jp/asdf/3dep/prd/kakusyukouhyou/koukyou/koukyou_excell/zuikei/kouhyou-z-0802.xlsx,excel,asdf_3dep,第3補給処,航空自衛隊,2025,2025,61
https://www.mod.go.jp/asdf/3dep/prd/kakusyukouhyou/koukyou/koukyou_excell/zuikei/kouhyou-z-0803.xlsx,excel,asdf_3dep,第3補給処,航空自衛隊,2025,2025,198
https://www.mod.go.jp/asdf/4dep/kouhyou.deta/kyousou4.10.xlsx,excel,asdf_4dep,第4補給処,航空自衛隊,2022,2022,29
https://www.mod.go.jp/asdf/4dep/kouhyou.deta/kyousou4.11.xlsx,excel,asdf_4dep,第4補給処,航空自衛隊,2022,2022,21
https://www.mod.go.jp/asdf/4dep/kouhyou.deta/kyousou4.12.xlsx,excel,asdf_4dep,第4補給処,航空自衛隊,2022,2022,17
https://www.mod.go.jp/asdf/4dep/kouhyou.deta/kyousou4.4.xlsx,excel,asdf_4dep,第4補給処,航空自衛隊,2022,2022,10
https://www.mod.go.jp/asdf/4dep/kouhyou.deta/kyousou4.5.xlsx,excel,asdf_4dep,第4補給処,航空自衛隊,2022,2022,18
https://www.mod.go.jp/asdf/4dep/kouhyou.deta/kyousou4.6.xlsx,excel,asdf_4dep,第4補給処,航空自衛隊,2022,2022,43
https://www.mod.go.jp/asdf/4dep/kouhyou.deta/kyousou4.7.xlsx,excel,asdf_4dep,第4補給処,航空自衛隊,2022,2022,42
https://www.mod.go.jp/asdf/4dep/kouhyou.deta/kyousou4.8.xlsx,excel,asdf_4dep,第4補給処,航空自衛隊,2022,2022,34
https://www.mod.go.jp/asdf/4dep/kouhyou.deta/kyousou4.9.xlsx,excel,asdf_4dep,第4補給処,航空自衛隊,2022,2022,26
https://www.mod.go.jp/asdf/4dep/kouhyou.deta/kyousou5.1.xlsx,excel,asdf_4dep,第4補給処,航空自衛隊,2022,2022,10
https://www.mod.go.jp/asdf/4dep/kouhyou.deta/kyousou5.10.xlsx,excel,asdf_4dep,第4補給処,航空自衛隊,2023,2023,70
https://www.mod.go.jp/asdf/4dep/kouhyou.deta/kyousou5.11.xlsx,excel,asdf_4dep,第4補給処,航空自衛隊,2023,2023,55
https://www.mod.go.jp/asdf/4dep/kouhyou.deta/kyousou5.12.xlsx,excel,asdf_4dep,第4補給処,航空自衛隊,2023,2023,17
https://www.mod.go.jp/asdf/4dep/kouhyou.deta/kyousou5.2.xlsx,excel,asdf_4dep,第4補給処,航空自衛隊,2022,2022,5
https://www.mod.go.jp/asdf/4dep/kouhyou.deta/kyousou5.3.xlsx,excel,asdf_4dep,第4補給処,航空自衛隊,2022,2022,4
https://www.mod.go.jp/asdf/4dep/kouhyou.deta/kyousou5.4.xlsx,excel,asdf_4dep,第4補給処,航空自衛隊,2023,2023,8
https://www.mod.go.jp/asdf/4dep/kouhyou.deta/kyousou5.5.xlsx,excel,asdf_4dep,第4補給処,航空自衛隊,2023,2023,43
https://www.mod.go.jp/asdf/4dep/kouhyou.deta/kyousou5.6.xlsx,excel,asdf_4dep,第4補給処,航空自衛隊,2023,2023,60
https://www.mod.go.jp/asdf/4dep/kouhyou.deta/kyousou5.7.xlsx,excel,asdf_4dep,第4補給処,航空自衛隊,2023,2023,50
https://www.mod.go.jp/asdf/4dep/kouhyou.deta/kyousou5.8.xlsx,excel,asdf_4dep,第4補給処,航空自衛隊,2023,2023,53
https://www.mod.go.jp/asdf/4dep/kouhyou.deta/kyousou5.9.xlsx,excel,asdf_4dep,第4補給処,航空自衛隊,2023,2023,84
https://www.mod.go.jp/asdf/4dep/kouhyou.deta/kyousou6.1.xlsx,excel,asdf_4dep,第4補給処,航空自衛隊,2023,2023,11
https://www.mod.go.jp/asdf/4dep/kouhyou.deta/kyousou6.10.xlsx,excel,asdf_4dep,第4補給処,航空自衛隊,2024,2024,87
https://www.mod.go.jp/asdf/4dep/kouhyou.deta/kyousou6.11.xlsx,excel,asdf_4dep,第4補給処,航空自衛隊,2024,2024,84
https://www.mod.go.jp/asdf/4dep/kouhyou.deta/kyousou6.12.xlsx,excel,asdf_4dep,第4補給処,航空自衛隊,2024,2024,61
https://www.mod.go.jp/asdf/4dep/kouhyou.deta/kyousou6.2.xlsx,excel,asdf_4dep,第4補給処,航空自衛隊,2023,2023,16
https://www.mod.go.jp/asdf/4dep/kouhyou.deta/kyousou6.4.xlsx,excel,asdf_4dep,第4補給処,航空自衛隊,2024,2024,1
https://www.mod.go.jp/asdf/4dep/kouhyou.deta/kyousou6.5.xlsx,excel,asdf_4dep,第4補給処,航空自衛隊,2024,2024,13
https://www.mod.go.jp/asdf/4dep/kouhyou.deta/kyousou6.6.xlsx,excel,asdf_4dep,第4補給処,航空自衛隊,2024,2024,12
https://www.mod.go.jp/asdf/4dep/kouhyou.deta/kyousou6.7.xlsx,excel,asdf_4dep,第4補給処,航空自衛隊,2024,2024,31
https://www.mod.go.jp/asdf/4dep/kouhyou.deta/kyousou6.8.xlsx,excel,asdf_4dep,第4補給処,航空自衛隊,2024,2024,40
https://www.mod.go.jp/asdf/4dep/kouhyou.deta/kyousou6.9.xlsx,excel,asdf_4dep,第4補給処,航空自衛隊,2024,2024,71
https://www.mod.go.jp/asdf/4dep/kouhyou.deta/kyousou7.1.xlsx,excel,asdf_4dep,第4補給処,航空自衛隊,2024,2024,39
https://www.mod.go.jp/asdf/4dep/kouhyou.deta/kyousou7.10.xlsx,excel,asdf_4dep,第4補給処,航空自衛隊,2025,2025,13
https://www.mod.go.jp/asdf/4dep/kouhyou.deta/kyousou7.11.xlsx,excel,asdf_4dep,第4補給処,航空自衛隊,2025,2025,15
https://www.mod.go.jp/asdf/4dep/kouhyou.deta/kyousou7.12.xlsx,excel,asdf_4dep,第4補給処,航空自衛隊,2025,2025,17
https://www.mod.go.jp/asdf/4dep/kouhyou.deta/kyousou7.2.xlsx,excel,asdf_4dep,第4補給処,航空自衛隊,2024,2024,38
https://www.mod.go.jp/asdf/4dep/kouhyou.deta/kyousou7.3.xlsx,excel,asdf_4dep,第4補給処,航空自衛隊,2024,2024,20
https://www.mod.go.jp/asdf/4dep/kouhyou.deta/kyousou7.4.xlsx,excel,asdf_4dep,第4補給処,航空自衛隊,2025,2025,2
https://www.mod.go.jp/asdf/4dep/kouhyou.deta/kyousou7.5.xlsx,excel,asdf_4dep,第4補給処,航空自衛隊,2025,2025,31
https://www.mod.go.jp/asdf/4dep/kouhyou.deta/kyousou7.6.xlsx,excel,asdf_4dep,第4補給処,航空自衛隊,2025,2025,32
https://www.mod.go.jp/asdf/4dep/kouhyou.deta/kyousou7.7.xlsx,excel,asdf_4dep,第4補給処,航空自衛隊,2025,2025,84
https://www.mod.go.jp/asdf/4dep/kouhyou.deta/kyousou7.8.xlsx,excel,asdf_4dep,第4補給処,航空自衛隊,2025,2025,35
https://www.mod.go.jp/asdf/4dep/kouhyou.deta/kyousou7.9.xlsx,excel,asdf_4dep,第4補給処,航空自衛隊,2025,2025,52
https://www.mod.go.jp/asdf/4dep/kouhyou.deta/kyousou8.1.xlsx,excel,asdf_4dep,第4補給処,航空自衛隊,2025,2025,10
https://www.mod.go.jp/asdf/4dep/kouhyou.deta/kyousou8.2.xlsx,excel,asdf_4dep,第4補給処,航空自衛隊,2025,2025,12
https://www.mod.go.jp/asdf/4dep/kouhyou.deta/zuikei4.10.xlsx,excel,asdf_4dep,第4補給処,航空自衛隊,2022,2022,45
https://www.mod.go.jp/asdf/4dep/kouhyou.deta/zuikei4.11.xlsx,excel,asdf_4dep,第4補給処,航空自衛隊,2022,2022,39
https://www.mod.go.jp/asdf/4dep/kouhyou.deta/zuikei4.12.xlsx,excel,asdf_4dep,第4補給処,航空自衛隊,2022,2022,92
https://www.mod.go.jp/asdf/4dep/kouhyou.deta/zuikei4.4.xlsx,excel,asdf_4dep,第4補給処,航空自衛隊,2022,2022,87
https://www.mod.go.jp/asdf/4dep/kouhyou.deta/zuikei4.5.xlsx,excel,asdf_4dep,第4補給処,航空自衛隊,2022,2022,64
https://www.mod.go.jp/asdf/4dep/kouhyou.deta/zuikei4.6.xlsx,excel,asdf_4dep,第4補給処,航空自衛隊,2022,2022,111
https://www.mod.go.jp/asdf/4dep/kouhyou.deta/zuikei4.7.xlsx,excel,asdf_4dep,第4補給処,航空自衛隊,2022,2022,79
https://www.mod.go.jp/asdf/4dep/kouhyou.deta/zuikei4.8.xlsx,excel,asdf_4dep,第4補給処,航空自衛隊,2022,2022,71
https://www.mod.go.jp/asdf/4dep/kouhyou.deta/zuikei4.9.xlsx,excel,asdf_4dep,第4補給処,航空自衛隊,2022,2022,131
https://www.mod.go.jp/asdf/4dep/kouhyou.deta/zuikei5.1.xlsx,excel,asdf_4dep,第4補給処,航空自衛隊,2022,2022,35
https://www.mod.go.jp/asdf/4dep/kouhyou.deta/zuikei5.10.xlsx,excel,asdf_4dep,第4補給処,航空自衛隊,2023,2023,78
https://www.mod.go.jp/asdf/4dep/kouhyou.deta/zuikei5.11.xlsx,excel,asdf_4dep,第4補給処,航空自衛隊,2023,2023,67
https://www.mod.go.jp/asdf/4dep/kouhyou.deta/zuikei5.12.xlsx,excel,asdf_4dep,第4補給処,航空自衛隊,2023,2023,60
https://www.mod.go.jp/asdf/4dep/kouhyou.deta/zuikei5.2.xlsx,excel,asdf_4dep,第4補給処,航空自衛隊,2022,2022,37
https://www.mod.go.jp/asdf/4dep/kouhyou.deta/zuikei5.3.xlsx,excel,asdf_4dep,第4補給処,航空自衛隊,2022,2022,107
https://www.mod.go.jp/asdf/4dep/kouhyou.deta/zuikei5.4.xlsx,excel,asdf_4dep,第4補給処,航空自衛隊,2023,2023,82
https://www.mod.go.jp/asdf/4dep/kouhyou.deta/zuikei5.5.xlsx,excel,asdf_4dep,第4補給処,航空自衛隊,2023,2023,16
https://www.mod.go.jp/asdf/4dep/kouhyou.deta/zuikei5.6.xlsx,excel,asdf_4dep,第4補給処,航空自衛隊,2023,2023,100
https://www.mod.go.jp/asdf/4dep/kouhyou.deta/zuikei5.7.xlsx,excel,asdf_4dep,第4補給処,航空自衛隊,2023,2023,99
https://www.mod.go.jp/asdf/4dep/kouhyou.deta/zuikei5.8.xlsx,excel,asdf_4dep,第4補給処,航空自衛隊,2023,2023,73
https://www.mod.go.jp/asdf/4dep/kouhyou.deta/zuikei5.9.xlsx,excel,asdf_4dep,第4補給処,航空自衛隊,2023,2023,155
https://www.mod.go.jp/asdf/4dep/kouhyou.deta/zuikei6.1.xlsx,excel,asdf_4dep,第4補給処,航空自衛隊,2023,2023,53
https://www.mod.go.jp/asdf/4dep/kouhyou.deta/zuikei6.10.xlsx,excel,asdf_4dep,第4補給処,航空自衛隊,2024,2024,118
https://www.mod.go.jp/asdf/4dep/kouhyou.deta/zuikei6.11.xlsx,excel,asdf_4dep,第4補給処,航空自衛隊,2024,2024,99
https://www.mod.go.jp/asdf/4dep/kouhyou.deta/zuikei6.12.xlsx,excel,asdf_4dep,第4補給処,航空自衛隊,2024,2024,164
https://www.mod.go.jp/asdf/4dep/kouhyou.deta/zuikei6.2.xlsx,excel,asdf_4dep,第4補給処,航空自衛隊,2023,2023,57
https://www.mod.go.jp/asdf/4dep/kouhyou.deta/zuikei6.4.xlsx,excel,asdf_4dep,第4補給処,航空自衛隊,2024,2024,38
https://www.mod.go.jp/asdf/4dep/kouhyou.deta/zuikei6.5.xlsx,excel,asdf_4dep,第4補給処,航空自衛隊,2024,2024,11
https://www.mod.go.jp/asdf/4dep/kouhyou.deta/zuikei6.6.xlsx,excel,asdf_4dep,第4補給処,航空自衛隊,2024,2024,45
https://www.mod.go.jp/asdf/4dep/kouhyou.deta/zuikei6.7.xlsx,excel,asdf_4dep,第4補給処,航空自衛隊,2024,2024,54
https://www.mod.go.jp/asdf/4dep/kouhyou.deta/zuikei6.8.xlsx,excel,asdf_4dep,第4補給処,航空自衛隊,2024,2024,73
https://www.mod.go.jp/asdf/4dep/kouhyou.deta/zuikei6.9.xlsx,excel,asdf_4dep,第4補給処,航空自衛隊,2024,2024,141
https://www.mod.go.jp/asdf/4dep/kouhyou.deta/zuikei7.1.xlsx,excel,asdf_4dep,第4補給処,航空自衛隊,2024,2024,57
https://www.mod.go.jp/asdf/4dep/kouhyou.deta/zuikei7.10.xlsx,excel,asdf_4dep,第4補給処,航空自衛隊,2025,2025,52
https://www.mod.go.jp/asdf/4dep/kouhyou.deta/zuikei7.11.xlsx,excel,asdf_4dep,第4補給処,航空自衛隊,2025,2025,56
https://www.mod.go.jp/asdf/4dep/kouhyou.deta/zuikei7.12.xlsx,excel,asdf_4dep,第4補給処,航空自衛隊,2025,2025,118
https://www.mod.go.jp/asdf/4dep/kouhyou.deta/zuikei7.2.xlsx,excel,asdf_4dep,第4補給処,航空自衛隊,2024,2024,99
https://www.mod.go.jp/asdf/4dep/kouhyou.deta/zuikei7.3.xlsx,excel,asdf_4dep,第4補給処,航空自衛隊,2024,2024,211
https://www.mod.go.jp/asdf/4dep/kouhyou.deta/zuikei7.4.xlsx,excel,asdf_4dep,第4補給処,航空自衛隊,2025,2025,47
https://www.mod.go.jp/asdf/4dep/kouhyou.deta/zuikei7.5.xlsx,excel,asdf_4dep,第4補給処,航空自衛隊,2025,2025,55
https://www.mod.go.jp/asdf/4dep/kouhyou.deta/zuikei7.6.xlsx,excel,asdf_4dep,第4補給処,航空自衛隊,2025,2025,89
https://www.mod.go.jp/asdf/4dep/kouhyou.deta/zuikei7.7.xlsx,excel,asdf_4dep,第4補給処,航空自衛隊,2025,2025,64
https://www.mod.go.jp/asdf/4dep/kouhyou.deta/zuikei7.8.xlsx,excel,asdf_4dep,第4補給処,航空自衛隊,2025,2025,53
https://www.mod.go.jp/asdf/4dep/kouhyou.deta/zuikei7.9.xlsx,excel,asdf_4dep,第4補給処,航空自衛隊,2025,2025,168
https://www.mod.go.jp/asdf/4dep/kouhyou.deta/zuikei8.1.xlsx,excel,asdf_4dep,第4補給処,航空自衛隊,2025,2025,28
https://www.mod.go.jp/asdf/4dep/kouhyou.deta/zuikei8.2.xlsx,excel,asdf_4dep,第4補給処,航空自衛隊,2025,2025,45
https://www.mod.go.jp/asdf/akita/sp/choutatsu/pdf/R5tekiseika10.pdf,pdf,asdf_akita,秋田分屯基地,航空自衛隊,2023,2023,2
https://www.mod.go.jp/asdf/akita/sp/choutatsu/pdf/R5tekiseika12.pdf,pdf,asdf_akita,秋田分屯基地,航空自衛隊,2023,2023,2
https://www.mod.go.jp/asdf/akita/sp/choutatsu/pdf/R5tekiseika2.pdf,pdf,asdf_akita,秋田分屯基地,航空自衛隊,2023,2023,4
https://www.mod.go.jp/asdf/akita/sp/choutatsu/pdf/R5tekiseika7.pdf,pdf,asdf_akita,秋田分屯基地,航空自衛隊,2023,2023,2
https://www.mod.go.jp/asdf/akita/sp/choutatsu/pdf/R5tekiseika8.pdf,pdf,asdf_akita,秋田分屯基地,航空自衛隊,2023,2023,4
https://www.mod.go.jp/asdf/akita/sp/choutatsu/pdf/R5tekiseika9.pdf,pdf,asdf_akita,秋田分屯基地,航空自衛隊,2023,2023,4
https://www.mod.go.jp/asdf/akita/sp/choutatsu/pdf/R6tekiseika10.pdf,pdf,asdf_akita,秋田分屯基地,航空自衛隊,2024,2024,2
https://www.mod.go.jp/asdf/akita/sp/choutatsu/pdf/R6tekiseika11.pdf,pdf,asdf_akita,秋田分屯基地,航空自衛隊,2024,2024,6
https://www.mod.go.jp/asdf/akita/sp/choutatsu/pdf/R6tekiseika12.pdf,pdf,asdf_akita,秋田分屯基地,航空自衛隊,2024,2024,9
https://www.mod.go.jp/asdf/akita/sp/choutatsu/pdf/R6tekiseika2.pdf,pdf,asdf_akita,秋田分屯基地,航空自衛隊,2024,2024,5
https://www.mod.go.jp/asdf/akita/sp/choutatsu/pdf/R6tekiseika4.pdf,pdf,asdf_akita,秋田分屯基地,航空自衛隊,2024,2024,6
https://www.mod.go.jp/asdf/akita/sp/choutatsu/pdf/R6tekiseika5.pdf,pdf,asdf_akita,秋田分屯基地,航空自衛隊,2024,2024,5
https://www.mod.go.jp/asdf/akita/sp/choutatsu/pdf/R6tekiseika6.pdf,pdf,asdf_akita,秋田分屯基地,航空自衛隊,2024,2024,9
https://www.mod.go.jp/asdf/akita/sp/choutatsu/pdf/R6tekiseika7.pdf,pdf,asdf_akita,秋田分屯基地,航空自衛隊,2024,2024,4
https://www.mod.go.jp/asdf/akita/sp/choutatsu/pdf/R6tekiseika8.pdf,pdf,asdf_akita,秋田分屯基地,航空自衛隊,2024,2024,1
https://www.mod.go.jp/asdf/akita/sp/choutatsu/pdf/R6tekiseika9.pdf,pdf,asdf_akita,秋田分屯基地,航空自衛隊,2024,2024,3
https://www.mod.go.jp/asdf/akita/sp/choutatsu/pdf/R7tekiseika1.pdf,pdf,asdf_akita,秋田分屯基地,航空自衛隊,2025,2025,2
https://www.mod.go.jp/asdf/akita/sp/choutatsu/pdf/R7tekiseika10.pdf,pdf,asdf_akita,秋田分屯基地,航空自衛隊,2025,2025,3
https://www.mod.go.jp/asdf/akita/sp/choutatsu/pdf/R7tekiseika11.pdf,pdf,asdf_akita,秋田分屯基地,航空自衛隊,2025,2025,3
https://www.mod.go.jp/asdf/akita/sp/choutatsu/pdf/R7tekiseika12.pdf,pdf,asdf_akita,秋田分屯基地,航空自衛隊,2025,2025,1
https://www.mod.go.jp/asdf/akita/sp/choutatsu/pdf/R7tekiseika2.pdf,pdf,asdf_akita,秋田分屯基地,航空自衛隊,2025,2025,3
https://www.mod.go.jp/asdf/akita/sp/choutatsu/pdf/R7tekiseika4.pdf,pdf,asdf_akita,秋田分屯基地,航空自衛隊,2025,2025,6
https://www.mod.go.jp/asdf/akita/sp/choutatsu/pdf/R7tekiseika5.pdf,pdf,asdf_akita,秋田分屯基地,航空自衛隊,2025,2025,4
https://www.mod.go.jp/asdf/akita/sp/choutatsu/pdf/R7tekiseika6.pdf,pdf,asdf_akita,秋田分屯基地,航空自衛隊,2025,2025,2
https://www.mod.go.jp/asdf/akita/sp/choutatsu/pdf/R7tekiseika7.pdf,pdf,asdf_akita,秋田分屯基地,航空自衛隊,2025,2025,1
https://www.mod.go.jp/asdf/akita/sp/choutatsu/pdf/R7tekiseika8.pdf,pdf,asdf_akita,秋田分屯基地,航空自衛隊,2025,2025,2
https://www.mod.go.jp/asdf/akita/sp/choutatsu/pdf/R7tekiseika9.pdf,pdf,asdf_akita,秋田分屯基地,航空自衛隊,2025,2025,1
https://www.mod.go.jp/asdf/ashiya/choutatsu/kaikei/rakusatu/6/zyouhoukoukai/zyouhoukoukai6-10.pdf,pdf,asdf_ashiya,芦屋基地,航空自衛隊,2024,2024,7
https://www.mod.go.jp/asdf/ashiya/choutatsu/kaikei/rakusatu/6/zyouhoukoukai/zyouhoukoukai6-11.pdf,pdf,asdf_ashiya,芦屋基地,航空自衛隊,2024,2024,7
https://www.mod.go.jp/asdf/ashiya/choutatsu/kaikei/rakusatu/6/zyouhoukoukai/zyouhoukoukai6-12.pdf,pdf,asdf_ashiya,芦屋基地,航空自衛隊,2024,2024,7
https://www.mod.go.jp/asdf/ashiya/choutatsu/kaikei/rakusatu/6/zyouhoukoukai/zyouhoukoukai6-4.pdf,ocr_pdf,asdf_ashiya,芦屋基地,航空自衛隊,2024,2024,3
https://www.mod.go.jp/asdf/ashiya/choutatsu/kaikei/rakusatu/6/zyouhoukoukai/zyouhoukoukai6-5.pdf,pdf,asdf_ashiya,芦屋基地,航空自衛隊,2024,2024,7
https://www.mod.go.jp/asdf/ashiya/choutatsu/kaikei/rakusatu/6/zyouhoukoukai/zyouhoukoukai6-6.pdf,pdf,asdf_ashiya,芦屋基地,航空自衛隊,2024,2024,8
https://www.mod.go.jp/asdf/ashiya/choutatsu/kaikei/rakusatu/6/zyouhoukoukai/zyouhoukoukai6-7.pdf,pdf,asdf_ashiya,芦屋基地,航空自衛隊,2024,2024,7
https://www.mod.go.jp/asdf/ashiya/choutatsu/kaikei/rakusatu/6/zyouhoukoukai/zyouhoukoukai6-8.pdf,pdf,asdf_ashiya,芦屋基地,航空自衛隊,2024,2024,8
https://www.mod.go.jp/asdf/ashiya/choutatsu/kaikei/rakusatu/6/zyouhoukoukai/zyouhoukoukai6-9.pdf,pdf,asdf_ashiya,芦屋基地,航空自衛隊,2024,2024,8
https://www.mod.go.jp/asdf/ashiya/choutatsu/kaikei/rakusatu/6/zyouhoukoukai/zyouhoukoukai7-1.pdf,pdf,asdf_ashiya,芦屋基地,航空自衛隊,2024,2024,7
https://www.mod.go.jp/asdf/ashiya/choutatsu/kaikei/rakusatu/6/zyouhoukoukai/zyouhoukoukai7-2.pdf,pdf,asdf_ashiya,芦屋基地,航空自衛隊,2024,2024,7
https://www.mod.go.jp/asdf/ashiya/choutatsu/kaikei/rakusatu/7/zyouhoukoukai/zyouhoukoukai7-4.pdf,ocr_pdf,asdf_ashiya,芦屋基地,航空自衛隊,2025,2025,10
https://www.mod.go.jp/asdf/ashiya/choutatsu/kaikei/rakusatu/7/zyouhoukoukai/zyouhoukoukai7-5.pdf,pdf,asdf_ashiya,芦屋基地,航空自衛隊,2025,2025,8
https://www.mod.go.jp/asdf/ashiya/choutatsu/kaikei/rakusatu/7/zyouhoukoukai/zyouhoukoukai7-6.pdf,pdf,asdf_ashiya,芦屋基地,航空自衛隊,2025,2025,7
https://www.mod.go.jp/asdf/ashiya/choutatsu/kaikei/rakusatu/7/zyouhoukoukai/zyouhoukoukai7-7.pdf,pdf,asdf_ashiya,芦屋基地,航空自衛隊,2025,2025,7
https://www.mod.go.jp/asdf/ashiya/choutatsu/kaikei/rakusatu/7/zyouhoukoukai/zyouhoukoukai7-8.pdf,pdf,asdf_ashiya,芦屋基地,航空自衛隊,2025,2025,7
https://www.mod.go.jp/asdf/chitose/acs/tekiseiR5.10.pdf,pdf,asdf_chitose,千歳基地,航空自衛隊,2023,2023,39
https://www.mod.go.jp/asdf/chitose/acs/tekiseiR5.4.pdf,pdf,asdf_chitose,千歳基地,航空自衛隊,2023,2023,69
https://www.mod.go.jp/asdf/chitose/acs/tekiseiR5.5.pdf,pdf,asdf_chitose,千歳基地,航空自衛隊,2023,2023,47
https://www.mod.go.jp/asdf/chitose/acs/tekiseiR5.6.pdf,pdf,asdf_chitose,千歳基地,航空自衛隊,2023,2023,63
https://www.mod.go.jp/asdf/chitose/acs/tekiseiR5.7.pdf,pdf,asdf_chitose,千歳基地,航空自衛隊,2023,2023,41
https://www.mod.go.jp/asdf/chitose/acs/tekiseiR5.8.pdf,pdf,asdf_chitose,千歳基地,航空自衛隊,2023,2023,35
https://www.mod.go.jp/asdf/chitose/acs/tekiseiR5.9.pdf,pdf,asdf_chitose,千歳基地,航空自衛隊,2023,2023,29
https://www.mod.go.jp/asdf/chitose/acs/tekiseiR6.10.pdf,pdf,asdf_chitose,千歳基地,航空自衛隊,2024,2024,44
https://www.mod.go.jp/asdf/chitose/acs/tekiseiR6.11.pdf,pdf,asdf_chitose,千歳基地,航空自衛隊,2024,2024,23
https://www.mod.go.jp/asdf/chitose/acs/tekiseiR6.12.pdf,pdf,asdf_chitose,千歳基地,航空自衛隊,2024,2024,41
https://www.mod.go.jp/asdf/chitose/acs/tekiseiR6.3.pdf,pdf,asdf_chitose,千歳基地,航空自衛隊,2023,2023,22
https://www.mod.go.jp/asdf/chitose/acs/tekiseiR6.4.pdf,pdf,asdf_chitose,千歳基地,航空自衛隊,2024,2024,53
https://www.mod.go.jp/asdf/chitose/acs/tekiseiR6.5.pdf,pdf,asdf_chitose,千歳基地,航空自衛隊,2024,2024,52
https://www.mod.go.jp/asdf/chitose/acs/tekiseiR6.6.pdf,pdf,asdf_chitose,千歳基地,航空自衛隊,2024,2024,62
https://www.mod.go.jp/asdf/chitose/acs/tekiseiR6.7.pdf,pdf,asdf_chitose,千歳基地,航空自衛隊,2024,2024,38
https://www.mod.go.jp/asdf/chitose/acs/tekiseiR6.8.pdf,pdf,asdf_chitose,千歳基地,航空自衛隊,2024,2024,31
https://www.mod.go.jp/asdf/chitose/acs/tekiseiR6.9.pdf,pdf,asdf_chitose,千歳基地,航空自衛隊,2024,2024,27
https://www.mod.go.jp/asdf/chitose/acs/tekiseiR7.1.pdf,pdf,asdf_chitose,千歳基地,航空自衛隊,2024,2024,46
https://www.mod.go.jp/asdf/chitose/acs/tekiseiR7.2-1.pdf,pdf,asdf_chitose,千歳基地,航空自衛隊,2024,2024,65
https://www.mod.go.jp/asdf/chitose/acs/tekiseiR7.3.pdf,pdf,asdf_chitose,千歳基地,航空自衛隊,2024,2024,5
https://www.mod.go.jp/asdf/fuchu/acs/jyoho/kisho04-j1.pdf,pdf,asdf_fuchu,府中基地,航空自衛隊,2022,2022,5
https://www.mod.go.jp/asdf/fuchu/acs/jyoho/kisho04-j10.pdf,pdf,asdf_fuchu,府中基地,航空自衛隊,2022,2022,4
https://www.mod.go.jp/asdf/fuchu/acs/jyoho/kisho04-j11.pdf,pdf,asdf_fuchu,府中基地,航空自衛隊,2022,2022,13
https://www.mod.go.jp/asdf/fuchu/acs/jyoho/kisho04-j12.pdf,pdf,asdf_fuchu,府中基地,航空自衛隊,2022,2022,10
https://www.mod.go.jp/asdf/fuchu/acs/jyoho/kisho04-j4.pdf,pdf,asdf_fuchu,府中基地,航空自衛隊,2022,2022,17
https://www.mod.go.jp/asdf/fuchu/acs/jyoho/kisho04-j5.pdf,pdf,asdf_fuchu,府中基地,航空自衛隊,2022,2022,12
https://www.mod.go.jp/asdf/fuchu/acs/jyoho/kisho04-j6.pdf,pdf,asdf_fuchu,府中基地,航空自衛隊,2022,2022,16
https://www.mod.go.jp/asdf/fuchu/acs/jyoho/kisho04-j7.pdf,pdf,asdf_fuchu,府中基地,航空自衛隊,2022,2022,6
https://www.mod.go.jp/asdf/fuchu/acs/jyoho/kisho04-j8.pdf,pdf,asdf_fuchu,府中基地,航空自衛隊,2022,2022,4
https://www.mod.go.jp/asdf/fuchu/acs/jyoho/kisho04-j9.pdf,pdf,asdf_fuchu,府中基地,航空自衛隊,2022,2022,4
https://www.mod.go.jp/asdf/fuchu/acs/jyoho/kisho05-j0511.pdf,pdf,asdf_fuchu,府中基地,航空自衛隊,2023,2023,4
https://www.mod.go.jp/asdf/fuchu/acs/jyoho/kisho05-j0512.pdf,pdf,asdf_fuchu,府中基地,航空自衛隊,2023,2023,4
https://www.mod.go.jp/asdf/fuchu/acs/jyoho/kisho05-j0601.pdf,pdf,asdf_fuchu,府中基地,航空自衛隊,2023,2023,6
https://www.mod.go.jp/asdf/fuchu/acs/jyoho/kisho05-j10.pdf,pdf,asdf_fuchu,府中基地,航空自衛隊,2023,2023,10
https://www.mod.go.jp/asdf/fuchu/acs/jyoho/kisho05-j11kekka.pdf,pdf,asdf_fuchu,府中基地,航空自衛隊,2023,2023,1
https://www.mod.go.jp/asdf/fuchu/acs/jyoho/kisho05-j12kekka.pdf,pdf,asdf_fuchu,府中基地,航空自衛隊,2023,2023,1
https://www.mod.go.jp/asdf/fuchu/acs/jyoho/kisho05-j2.pdf,pdf,asdf_fuchu,府中基地,航空自衛隊,2022,2022,6
https://www.mod.go.jp/asdf/fuchu/acs/jyoho/kisho05-j3kekka.pdf,pdf,asdf_fuchu,府中基地,航空自衛隊,2023,2023,1
https://www.mod.go.jp/asdf/fuchu/acs/jyoho/kisho05-j4.pdf,pdf,asdf_fuchu,府中基地,航空自衛隊,2023,2023,4
https://www.mod.go.jp/asdf/fuchu/acs/jyoho/kisho05-j5.pdf,pdf,asdf_fuchu,府中基地,航空自衛隊,2023,2023,6
https://www.mod.go.jp/asdf/fuchu/acs/jyoho/kisho05-j6kekka.pdf,pdf,asdf_fuchu,府中基地,航空自衛隊,2023,2023,11
https://www.mod.go.jp/asdf/fuchu/acs/jyoho/kisho05-j7kekka.pdf,pdf,asdf_fuchu,府中基地,航空自衛隊,2023,2023,1
https://www.mod.go.jp/asdf/fuchu/acs/jyoho/kisho05-j9.pdf,pdf,asdf_fuchu,府中基地,航空自衛隊,2023,2023,4
https://www.mod.go.jp/asdf/fuchu/acs/jyoho/kisho06-j10kekka.pdf,pdf,asdf_fuchu,府中基地,航空自衛隊,2024,2024,5
https://www.mod.go.jp/asdf/fuchu/acs/jyoho/kisho06-j11kekka.pdf,pdf,asdf_fuchu,府中基地,航空自衛隊,2024,2024,8
https://www.mod.go.jp/asdf/fuchu/acs/jyoho/kisho06-j12kekkahenkou2.pdf,pdf,asdf_fuchu,府中基地,航空自衛隊,2024,2024,9
https://www.mod.go.jp/asdf/fuchu/acs/jyoho/kisho06-j1kekka.pdf,pdf,asdf_fuchu,府中基地,航空自衛隊,2023,2023,1
https://www.mod.go.jp/asdf/fuchu/acs/jyoho/kisho06-j2kekka.pdf,pdf,asdf_fuchu,府中基地,航空自衛隊,2023,2023,13
https://www.mod.go.jp/asdf/fuchu/acs/jyoho/kisho06-j4kekka.pdf,pdf,asdf_fuchu,府中基地,航空自衛隊,2024,2024,15
https://www.mod.go.jp/asdf/fuchu/acs/jyoho/kisho06-j5kekka.pdf,pdf,asdf_fuchu,府中基地,航空自衛隊,2024,2024,10
https://www.mod.go.jp/asdf/fuchu/acs/jyoho/kisho06-j6kekka.pdf,pdf,asdf_fuchu,府中基地,航空自衛隊,2024,2024,11
https://www.mod.go.jp/asdf/fuchu/acs/jyoho/kisho06-j6nyusatukekka.pdf,pdf,asdf_fuchu,府中基地,航空自衛隊,2024,2024,1
https://www.mod.go.jp/asdf/fuchu/acs/jyoho/kisho06-j7kekka.pdf,pdf,asdf_fuchu,府中基地,航空自衛隊,2024,2024,5
https://www.mod.go.jp/asdf/fuchu/acs/jyoho/kisho06-j8kekka.pdf,pdf,asdf_fuchu,府中基地,航空自衛隊,2024,2024,6
https://www.mod.go.jp/asdf/fuchu/acs/jyoho/kisho06-j9kekka.pdf,pdf,asdf_fuchu,府中基地,航空自衛隊,2024,2024,5
https://www.mod.go.jp/asdf/fuchu/acs/jyoho/kisho07-j10kekka.pdf,pdf,asdf_fuchu,府中基地,航空自衛隊,2025,2025,3
https://www.mod.go.jp/asdf/fuchu/acs/jyoho/kisho07-j11kekka.pdf,pdf,asdf_fuchu,府中基地,航空自衛隊,2025,2025,8
https://www.mod.go.jp/asdf/fuchu/acs/jyoho/kisho07-j1kekka.pdf,pdf,asdf_fuchu,府中基地,航空自衛隊,2024,2024,13
https://www.mod.go.jp/asdf/fuchu/acs/jyoho/kisho07-j2kekka.pdf,pdf,asdf_fuchu,府中基地,航空自衛隊,2024,2024,5
https://www.mod.go.jp/asdf/fuchu/acs/jyoho/kisho07-j3kekka.pdf,pdf,asdf_fuchu,府中基地,航空自衛隊,2024,2024,2
https://www.mod.go.jp/asdf/fuchu/acs/jyoho/kisho07-j4kekka.pdf,pdf,asdf_fuchu,府中基地,航空自衛隊,2025,2025,19
https://www.mod.go.jp/asdf/fuchu/acs/jyoho/kisho07-j5kekka.pdf,pdf,asdf_fuchu,府中基地,航空自衛隊,2025,2025,3
https://www.mod.go.jp/asdf/fuchu/acs/jyoho/kisho07-j6kekka.pdf,pdf,asdf_fuchu,府中基地,航空自衛隊,2025,2025,5
https://www.mod.go.jp/asdf/fuchu/acs/jyoho/kisho07-j7kekka.pdf,pdf,asdf_fuchu,府中基地,航空自衛隊,2025,2025,4
https://www.mod.go.jp/asdf/fuchu/acs/jyoho/kisho07-j8kekka.pdf,pdf,asdf_fuchu,府中基地,航空自衛隊,2025,2025,6
https://www.mod.go.jp/asdf/fuchu/acs/jyoho/kisho07-j9kekka.pdf,pdf,asdf_fuchu,府中基地,航空自衛隊,2025,2025,3
https://www.mod.go.jp/asdf/gifu/acd/2025_09_Koukai.pdf,pdf,asdf_gifu,岐阜基地,航空自衛隊,2025,2025,7
https://www.mod.go.jp/asdf/gifu/acd/2025_10_Koukai.pdf,pdf,asdf_gifu,岐阜基地,航空自衛隊,2025,2025,13
https://www.mod.go.jp/asdf/gifu/acd/2025_11_Koukai.pdf,pdf,asdf_gifu,岐阜基地,航空自衛隊,2025,2025,11
https://www.mod.go.jp/asdf/gifu/acd/R701choko.pdf,pdf,asdf_gifu,岐阜基地,航空自衛隊,2024,2024,9
https://www.mod.go.jp/asdf/gifu/acd/R701choko2.pdf,pdf,asdf_gifu,岐阜基地,航空自衛隊,2024,2024,1
https://www.mod.go.jp/asdf/gifu/acd/R702choko2.pdf,pdf,asdf_gifu,岐阜基地,航空自衛隊,2024,2024,11
https://www.mod.go.jp/asdf/gifu/acd/R704choko.pdf,pdf,asdf_gifu,岐阜基地,航空自衛隊,2025,2025,10
https://www.mod.go.jp/asdf/gifu/acd/R705choko.pdf,pdf,asdf_gifu,岐阜基地,航空自衛隊,2025,2025,8
https://www.mod.go.jp/asdf/gifu/acd/R706chokosai.pdf,pdf,asdf_gifu,岐阜基地,航空自衛隊,2025,2025,11
https://www.mod.go.jp/asdf/gifu/acd/R707chokosai.pdf,pdf,asdf_gifu,岐阜基地,航空自衛隊,2025,2025,10
https://www.mod.go.jp/asdf/gifu/acd/R708chokosai.pdf,pdf,asdf_gifu,岐阜基地,航空自衛隊,2025,2025,12
https://www.mod.go.jp/asdf/gifu/acd/R712choko.pdf,pdf,asdf_gifu,岐阜基地,航空自衛隊,2025,2025,7
https://www.mod.go.jp/asdf/gifu/acd/R801choko.pdf,pdf,asdf_gifu,岐阜基地,航空自衛隊,2025,2025,11
https://www.mod.go.jp/asdf/hamamatsu/choutatsu/koukoku/10koukyou20260115.pdf,warp_crawler,asdf_hamamatsu,浜松基地,航空自衛隊,2025,2025,8
https://www.mod.go.jp/asdf/hamamatsu/choutatsu/koukoku/11koukyou20260115.pdf,warp_crawler,asdf_hamamatsu,浜松基地,航空自衛隊,2025,2025,9
https://www.mod.go.jp/asdf/hamamatsu/choutatsu/koukoku/4koukyou20260115.pdf,warp_crawler,asdf_hamamatsu,浜松基地,航空自衛隊,2025,2025,44
https://www.mod.go.jp/asdf/hamamatsu/choutatsu/koukoku/7.9koukyou20251112.pdf,warp_crawler,asdf_hamamatsu,浜松基地,航空自衛隊,2025,2025,20
https://www.mod.go.jp/asdf/hamamatsu/choutatsu/koukoku/8koukyou20260115.pdf,warp_crawler,asdf_hamamatsu,浜松基地,航空自衛隊,2025,2025,8
https://www.mod.go.jp/asdf/hamamatsu/choutatsu/koukoku/R7koukyou20251006-2.pdf,warp_crawler,asdf_hamamatsu,浜松基地,航空自衛隊,2025,2025,9
https://www.mod.go.jp/asdf/hamamatsu/choutatsu/koukoku/R7koukyou20251006.pdf,warp_crawler,asdf_hamamatsu,浜松基地,航空自衛隊,2025,2025,8
https://www.mod.go.jp/asdf/hamamatsu/choutatsu/koukoku/r6kokyo20240612.pdf,pdf,asdf_hamamatsu,浜松基地,航空自衛隊,2024,2024,34
https://www.mod.go.jp/asdf/hamamatsu/choutatsu/koukoku/r6kokyo20240704.pdf,pdf,asdf_hamamatsu,浜松基地,航空自衛隊,2024,2024,19
https://www.mod.go.jp/asdf/hamamatsu/choutatsu/koukoku/r6kokyo20240801.pdf,ocr_pdf,asdf_hamamatsu,浜松基地,航空自衛隊,2024,2024,15
https://www.mod.go.jp/asdf/hamamatsu/choutatsu/koukoku/r6kokyo20240905.pdf,ocr_pdf,asdf_hamamatsu,浜松基地,航空自衛隊,2024,2024,19
https://www.mod.go.jp/asdf/hamamatsu/choutatsu/koukoku/r6kokyo20241002.pdf,pdf,asdf_hamamatsu,浜松基地,航空自衛隊,2024,2024,22
https://www.mod.go.jp/asdf/hamamatsu/choutatsu/koukoku/r6kokyo20241202.pdf,pdf,asdf_hamamatsu,浜松基地,航空自衛隊,2024,2024,15
https://www.mod.go.jp/asdf/hamamatsu/choutatsu/koukoku/r6kokyo20250107.pdf,pdf,asdf_hamamatsu,浜松基地,航空自衛隊,2024,2024,31
https://www.mod.go.jp/asdf/hamamatsu/choutatsu/koukoku/r6kokyo20250203.pdf,pdf,asdf_hamamatsu,浜松基地,航空自衛隊,2024,2024,15
https://www.mod.go.jp/asdf/hamamatsu/choutatsu/koukoku/r7koukyou20250722.pdf,warp_crawler,asdf_hamamatsu,浜松基地,航空自衛隊,2025,2025,8
https://www.mod.go.jp/asdf/hofukita/choutatsu/kekka_05.html,html,asdf_hofukita,防府北基地,航空自衛隊,2023,2023,8
https://www.mod.go.jp/asdf/hofukita/choutatsu/kekka_06.html,html,asdf_hofukita,防府北基地,航空自衛隊,2024,2024,4
https://www.mod.go.jp/asdf/hofukita/choutatsu/kekka_07.html,html,asdf_hofukita,防府北基地,航空自衛隊,2025,2025,4
https://www.mod.go.jp/asdf/hofuminami/koukoku/kohyo/6-10.pdf,pdf,asdf_hofuminami,防府南基地,航空自衛隊,2024,2024,4
https://www.mod.go.jp/asdf/hofuminami/koukoku/kohyo/6-11.pdf,pdf,asdf_hofuminami,防府南基地,航空自衛隊,2024,2024,12
https://www.mod.go.jp/asdf/hofuminami/koukoku/kohyo/6-12.pdf,pdf,asdf_hofuminami,防府南基地,航空自衛隊,2024,2024,4
https://www.mod.go.jp/asdf/hofuminami/koukoku/kohyo/6-4.pdf,pdf,asdf_hofuminami,防府南基地,航空自衛隊,2024,2025,6
https://www.mod.go.jp/asdf/hofuminami/koukoku/kohyo/6-7.pdf,pdf,asdf_hofuminami,防府南基地,航空自衛隊,2024,2024,9
https://www.mod.go.jp/asdf/hofuminami/koukoku/kohyo/6-8.pdf,pdf,asdf_hofuminami,防府南基地,航空自衛隊,2024,2024,9
https://www.mod.go.jp/asdf/hofuminami/koukoku/kohyo/6-9.pdf,pdf,asdf_hofuminami,防府南基地,航空自衛隊,2024,2024,1
https://www.mod.go.jp/asdf/hofuminami/koukoku/kohyo/7-1.pdf,pdf,asdf_hofuminami,防府南基地,航空自衛隊,2024,2024,6
https://www.mod.go.jp/asdf/hofuminami/koukoku/kohyo/7-2.pdf,pdf,asdf_hofuminami,防府南基地,航空自衛隊,2024,2024,28
https://www.mod.go.jp/asdf/hofuminami/koukoku/kohyo/7-3.pdf,pdf,asdf_hofuminami,防府南基地,航空自衛隊,2024,2024,3
https://www.mod.go.jp/asdf/hofuminami/koukoku/kohyo/7-4.pdf,pdf,asdf_hofuminami,防府南基地,航空自衛隊,2025,2025,17
https://www.mod.go.jp/asdf/hofuminami/koukoku/kohyo/7-5.pdf,pdf,asdf_hofuminami,防府南基地,航空自衛隊,2025,2025,9
https://www.mod.go.jp/asdf/hofuminami/koukoku/kohyo/7-6.pdf,pdf,asdf_hofuminami,防府南基地,航空自衛隊,2025,2025,7
https://www.mod.go.jp/asdf/hofuminami/procurement/3/7-10.pdf,warp_crawler,asdf_hofuminami,防府南基地,航空自衛隊,2025,2025,5
https://www.mod.go.jp/asdf/hofuminami/procurement/3/7-11.pdf,warp_crawler,asdf_hofuminami,防府南基地,航空自衛隊,2025,2025,5
https://www.mod.go.jp/asdf/hofuminami/procurement/3/7-12.pdf,warp_crawler,asdf_hofuminami,防府南基地,航空自衛隊,2025,2025,5
https://www.mod.go.jp/asdf/hofuminami/procurement/3/7-7.pdf,warp_crawler,asdf_hofuminami,防府南基地,航空自衛隊,2025,2025,1
https://www.mod.go.jp/asdf/hofuminami/procurement/3/7-8.pdf,warp_crawler,asdf_hofuminami,防府南基地,航空自衛隊,2025,2025,5
https://www.mod.go.jp/asdf/hofuminami/procurement/3/7-9.pdf,warp_crawler,asdf_hofuminami,防府南基地,航空自衛隊,2025,2025,12
https://www.mod.go.jp/asdf/hofuminami/procurement/3/8-1.pdf,warp_crawler,asdf_hofuminami,防府南基地,航空自衛隊,2025,2025,3
https://www.mod.go.jp/asdf/hofuminami/procurement/3/8-2.pdf,warp_crawler,asdf_hofuminami,防府南基地,航空自衛隊,2025,2025,10
https://www.mod.go.jp/asdf/hyakuri/acs/2-7_procurement/kouhyou/4-10koukyou.pdf,pdf,asdf_hyakuri,百里基地,航空自衛隊,2022,2022,9
https://www.mod.go.jp/asdf/hyakuri/acs/2-7_procurement/kouhyou/4-11koukyou.pdf,pdf,asdf_hyakuri,百里基地,航空自衛隊,2022,2022,17
https://www.mod.go.jp/asdf/hyakuri/acs/2-7_procurement/kouhyou/4-12koukyou.pdf,pdf,asdf_hyakuri,百里基地,航空自衛隊,2022,2022,6
https://www.mod.go.jp/asdf/hyakuri/acs/2-7_procurement/kouhyou/4-4koukyou.pdf,pdf,asdf_hyakuri,百里基地,航空自衛隊,2022,2022,17
https://www.mod.go.jp/asdf/hyakuri/acs/2-7_procurement/kouhyou/4-5koukyou.pdf,pdf,asdf_hyakuri,百里基地,航空自衛隊,2022,2022,6
https://www.mod.go.jp/asdf/hyakuri/acs/2-7_procurement/kouhyou/4-6koukyou.pdf,pdf,asdf_hyakuri,百里基地,航空自衛隊,2022,2022,4
https://www.mod.go.jp/asdf/hyakuri/acs/2-7_procurement/kouhyou/4-7koukyou.pdf,pdf,asdf_hyakuri,百里基地,航空自衛隊,2022,2022,10
https://www.mod.go.jp/asdf/hyakuri/acs/2-7_procurement/kouhyou/4-8koukyou.pdf,pdf,asdf_hyakuri,百里基地,航空自衛隊,2022,2022,11
https://www.mod.go.jp/asdf/hyakuri/acs/2-7_procurement/kouhyou/4-9koukyou.pdf,pdf,asdf_hyakuri,百里基地,航空自衛隊,2022,2022,5
https://www.mod.go.jp/asdf/hyakuri/acs/2-7_procurement/kouhyou/5-1koukyou.pdf,pdf,asdf_hyakuri,百里基地,航空自衛隊,2022,2022,11
https://www.mod.go.jp/asdf/hyakuri/acs/2-7_procurement/kouhyou/5-2koukyou.pdf,pdf,asdf_hyakuri,百里基地,航空自衛隊,2022,2022,13
https://www.mod.go.jp/asdf/hyakuri/acs/2-7_procurement/kouhyou/5-3koukyou.pdf,pdf,asdf_hyakuri,百里基地,航空自衛隊,2022,2022,1
https://www.mod.go.jp/asdf/hyakuri/acs/2-7_procurement/kouhyou/5-4koukyou.pdf,pdf,asdf_hyakuri,百里基地,航空自衛隊,2023,2023,21
https://www.mod.go.jp/asdf/hyakuri/acs/2-7_procurement/kouhyou/5-5koukyou.pdf,pdf,asdf_hyakuri,百里基地,航空自衛隊,2023,2023,11
https://www.mod.go.jp/asdf/hyakuri/acs/2-7_procurement/kouhyou/5-6koukyou.pdf,pdf,asdf_hyakuri,百里基地,航空自衛隊,2023,2023,7
https://www.mod.go.jp/asdf/hyakuri/acs/2-7_procurement/kouhyou/5-7koukyou.pdf,pdf,asdf_hyakuri,百里基地,航空自衛隊,2023,2023,31
https://www.mod.go.jp/asdf/hyakuri/acs/2-7_procurement/kouhyou/5-8koukyou.pdf,pdf,asdf_hyakuri,百里基地,航空自衛隊,2023,2023,8
https://www.mod.go.jp/asdf/hyakuri/acs/2-7_procurement/kouhyou/6-10koukyou.pdf,pdf,asdf_hyakuri,百里基地,航空自衛隊,2024,2024,25
https://www.mod.go.jp/asdf/hyakuri/acs/2-7_procurement/kouhyou/6-11koukyou.pdf,pdf,asdf_hyakuri,百里基地,航空自衛隊,2024,2024,35
https://www.mod.go.jp/asdf/hyakuri/acs/2-7_procurement/kouhyou/6-12koukyou.pdf,pdf,asdf_hyakuri,百里基地,航空自衛隊,2024,2024,4
https://www.mod.go.jp/asdf/hyakuri/acs/2-7_procurement/kouhyou/6-3koukyou.pdf,pdf,asdf_hyakuri,百里基地,航空自衛隊,2023,2023,2
https://www.mod.go.jp/asdf/hyakuri/acs/2-7_procurement/kouhyou/6-4koukyou.pdf,pdf,asdf_hyakuri,百里基地,航空自衛隊,2024,2024,22
https://www.mod.go.jp/asdf/hyakuri/acs/2-7_procurement/kouhyou/6-5koukyou.pdf,pdf,asdf_hyakuri,百里基地,航空自衛隊,2024,2024,4
https://www.mod.go.jp/asdf/hyakuri/acs/2-7_procurement/kouhyou/6-6koukyou.pdf,pdf,asdf_hyakuri,百里基地,航空自衛隊,2024,2024,16
https://www.mod.go.jp/asdf/hyakuri/acs/2-7_procurement/kouhyou/6-7koukyou.pdf,pdf,asdf_hyakuri,百里基地,航空自衛隊,2024,2024,18
https://www.mod.go.jp/asdf/hyakuri/acs/2-7_procurement/kouhyou/6-8koukyou.pdf,pdf,asdf_hyakuri,百里基地,航空自衛隊,2024,2024,25
https://www.mod.go.jp/asdf/hyakuri/acs/2-7_procurement/kouhyou/6-9koukyou.pdf,pdf,asdf_hyakuri,百里基地,航空自衛隊,2024,2024,4
https://www.mod.go.jp/asdf/hyakuri/acs/2-7_procurement/kouhyou/7-10koukyou.pdf,pdf,asdf_hyakuri,百里基地,航空自衛隊,2025,2025,7
https://www.mod.go.jp/asdf/hyakuri/acs/2-7_procurement/kouhyou/7-11koukyou.pdf,pdf,asdf_hyakuri,百里基地,航空自衛隊,2025,2025,14
https://www.mod.go.jp/asdf/hyakuri/acs/2-7_procurement/kouhyou/7-12koukyou.pdf,pdf,asdf_hyakuri,百里基地,航空自衛隊,2025,2025,4
https://www.mod.go.jp/asdf/hyakuri/acs/2-7_procurement/kouhyou/7-1koukyou.pdf,pdf,asdf_hyakuri,百里基地,航空自衛隊,2024,2024,23
https://www.mod.go.jp/asdf/hyakuri/acs/2-7_procurement/kouhyou/7-2koukyou.pdf,pdf,asdf_hyakuri,百里基地,航空自衛隊,2024,2024,27
https://www.mod.go.jp/asdf/hyakuri/acs/2-7_procurement/kouhyou/7-4koukyou.pdf,pdf,asdf_hyakuri,百里基地,航空自衛隊,2025,2025,15
https://www.mod.go.jp/asdf/hyakuri/acs/2-7_procurement/kouhyou/7-5koukyou.pdf,pdf,asdf_hyakuri,百里基地,航空自衛隊,2025,2025,4
https://www.mod.go.jp/asdf/hyakuri/acs/2-7_procurement/kouhyou/7-6koukyou.pdf,pdf,asdf_hyakuri,百里基地,航空自衛隊,2025,2025,7
https://www.mod.go.jp/asdf/hyakuri/acs/2-7_procurement/kouhyou/7-7koukyou.pdf,pdf,asdf_hyakuri,百里基地,航空自衛隊,2025,2025,13
https://www.mod.go.jp/asdf/hyakuri/acs/2-7_procurement/kouhyou/7-8koukyou.pdf,pdf,asdf_hyakuri,百里基地,航空自衛隊,2025,2025,5
https://www.mod.go.jp/asdf/hyakuri/acs/2-7_procurement/kouhyou/7-9koukyou.pdf,pdf,asdf_hyakuri,百里基地,航空自衛隊,2025,2025,4
https://www.mod.go.jp/asdf/hyakuri/acs/2-7_procurement/kouhyou/8-1koukyou.pdf,pdf,asdf_hyakuri,百里基地,航空自衛隊,2025,2025,12
https://www.mod.go.jp/asdf/hyakuri/acs/2-7_procurement/kouhyou/8-2koukyou.pdf,pdf,asdf_hyakuri,百里基地,航空自衛隊,2025,2025,13
https://www.mod.go.jp/asdf/hyakuri/acs/2-7_procurement/kouhyou/8-3koukyou.pdf,pdf,asdf_hyakuri,百里基地,航空自衛隊,2025,2025,1
https://www.mod.go.jp/asdf/hyakuri/acs/2-7_procurement/nyusatu_jyouhou/koujisinsakakuninsyo.xlsx,warp_crawler,asdf_hyakuri,百里基地,航空自衛隊,2025,2025,3
https://www.mod.go.jp/asdf/ichigaya/tyoutatsu/tyoutatsu1/koukyou_zuiikei/tekiseika0604.pdf,pdf,asdf_ichigaya,市ヶ谷基地,航空自衛隊,2024,2024,44
https://www.mod.go.jp/asdf/ichigaya/tyoutatsu/tyoutatsu1/koukyou_zuiikei/tekiseika0605.pdf,pdf,asdf_ichigaya,市ヶ谷基地,航空自衛隊,2024,2024,8
https://www.mod.go.jp/asdf/ichigaya/tyoutatsu/tyoutatsu1/koukyou_zuiikei/tekiseika0606.pdf,pdf,asdf_ichigaya,市ヶ谷基地,航空自衛隊,2024,2024,16
https://www.mod.go.jp/asdf/ichigaya/tyoutatsu/tyoutatsu1/koukyou_zuiikei/tekiseika0607.pdf,pdf,asdf_ichigaya,市ヶ谷基地,航空自衛隊,2024,2024,31
https://www.mod.go.jp/asdf/ichigaya/tyoutatsu/tyoutatsu1/koukyou_zuiikei/tekiseika0608.pdf,pdf,asdf_ichigaya,市ヶ谷基地,航空自衛隊,2024,2024,22
https://www.mod.go.jp/asdf/ichigaya/tyoutatsu/tyoutatsu1/koukyou_zuiikei/tekiseika0609.pdf,pdf,asdf_ichigaya,市ヶ谷基地,航空自衛隊,2024,2024,17
https://www.mod.go.jp/asdf/ichigaya/tyoutatsu/tyoutatsu1/koukyou_zuiikei/tekiseika0610.pdf,pdf,asdf_ichigaya,市ヶ谷基地,航空自衛隊,2024,2024,21
https://www.mod.go.jp/asdf/ichigaya/tyoutatsu/tyoutatsu1/koukyou_zuiikei/tekiseika0611.pdf,pdf,asdf_ichigaya,市ヶ谷基地,航空自衛隊,2024,2024,11
https://www.mod.go.jp/asdf/ichigaya/tyoutatsu/tyoutatsu1/koukyou_zuiikei/tekiseika0612.pdf,pdf,asdf_ichigaya,市ヶ谷基地,航空自衛隊,2024,2024,21
https://www.mod.go.jp/asdf/ichigaya/tyoutatsu/tyoutatsu1/koukyou_zuiikei/tekiseika0701.pdf,pdf,asdf_ichigaya,市ヶ谷基地,航空自衛隊,2024,2024,13
https://www.mod.go.jp/asdf/ichigaya/tyoutatsu/tyoutatsu1/koukyou_zuiikei/tekiseika0702.pdf,pdf,asdf_ichigaya,市ヶ谷基地,航空自衛隊,2024,2024,21
https://www.mod.go.jp/asdf/ichigaya/tyoutatsu/tyoutatsu1/koukyou_zuiikei/tekiseika0703.pdf,pdf,asdf_ichigaya,市ヶ谷基地,航空自衛隊,2024,2024,8
https://www.mod.go.jp/asdf/ichigaya/tyoutatsu/tyoutatsu1/koukyou_zuiikei/tekiseika0704.pdf,pdf,asdf_ichigaya,市ヶ谷基地,航空自衛隊,2025,2025,45
https://www.mod.go.jp/asdf/ichigaya/tyoutatsu/tyoutatsu1/koukyou_zuiikei/tekiseika0705.pdf,pdf,asdf_ichigaya,市ヶ谷基地,航空自衛隊,2025,2025,2
https://www.mod.go.jp/asdf/ichigaya/tyoutatsu/tyoutatsu1/koukyou_zuiikei/tekiseika0706.pdf,pdf,asdf_ichigaya,市ヶ谷基地,航空自衛隊,2025,2025,22
https://www.mod.go.jp/asdf/ichigaya/tyoutatsu/tyoutatsu1/koukyou_zuiikei/tekiseika0707-2.pdf,pdf,asdf_ichigaya,市ヶ谷基地,航空自衛隊,2025,2025,10
https://www.mod.go.jp/asdf/ichigaya/tyoutatsu/tyoutatsu1/koukyou_zuiikei/tekiseika0708.pdf,pdf,asdf_ichigaya,市ヶ谷基地,航空自衛隊,2025,2025,16
https://www.mod.go.jp/asdf/ichigaya/tyoutatsu/tyoutatsu1/koukyou_zuiikei/tekiseika0709.pdf,pdf,asdf_ichigaya,市ヶ谷基地,航空自衛隊,2025,2025,12
https://www.mod.go.jp/asdf/ichigaya/tyoutatsu/tyoutatsu1/koukyou_zuiikei/tekiseika0710.pdf,pdf,asdf_ichigaya,市ヶ谷基地,航空自衛隊,2025,2025,12
https://www.mod.go.jp/asdf/ichigaya/tyoutatsu/tyoutatsu1/koukyou_zuiikei/tekiseika0711.pdf,pdf,asdf_ichigaya,市ヶ谷基地,航空自衛隊,2025,2025,8
https://www.mod.go.jp/asdf/ichigaya/tyoutatsu/tyoutatsu1/koukyou_zuiikei/tekiseika0712.pdf,pdf,asdf_ichigaya,市ヶ谷基地,航空自衛隊,2025,2025,11
https://www.mod.go.jp/asdf/ichigaya/tyoutatsu/tyoutatsu1/koukyou_zuiikei/tekiseika0801.pdf,pdf,asdf_ichigaya,市ヶ谷基地,航空自衛隊,2025,2025,6
https://www.mod.go.jp/asdf/ichigaya/tyoutatsu/tyoutatsu1/koukyou_zuiikei/tekiseika0802.pdf,pdf,asdf_ichigaya,市ヶ谷基地,航空自衛隊,2025,2025,19
https://www.mod.go.jp/asdf/iruma/bosyu/raising/images/0404kouhyou.pdf,pdf,asdf_iruma,入間基地,航空自衛隊,2022,2022,58
https://www.mod.go.jp/asdf/iruma/bosyu/raising/images/0405kouhyou.pdf,pdf,asdf_iruma,入間基地,航空自衛隊,2022,2022,31
https://www.mod.go.jp/asdf/iruma/bosyu/raising/images/04062kouhyou.pdf,pdf,asdf_iruma,入間基地,航空自衛隊,2022,2022,24
https://www.mod.go.jp/asdf/iruma/bosyu/raising/images/04072kouhyou.pdf,pdf,asdf_iruma,入間基地,航空自衛隊,2022,2022,37
https://www.mod.go.jp/asdf/iruma/bosyu/raising/images/04082kouhyou.pdf,pdf,asdf_iruma,入間基地,航空自衛隊,2022,2022,27
https://www.mod.go.jp/asdf/iruma/bosyu/raising/images/0409kouhyou.pdf,pdf,asdf_iruma,入間基地,航空自衛隊,2022,2022,37
https://www.mod.go.jp/asdf/iruma/bosyu/raising/images/0410kouhyou.pdf,pdf,asdf_iruma,入間基地,航空自衛隊,2022,2022,25
https://www.mod.go.jp/asdf/iruma/bosyu/raising/images/0411kouhyou.pdf,pdf,asdf_iruma,入間基地,航空自衛隊,2022,2022,30
https://www.mod.go.jp/asdf/iruma/bosyu/raising/images/04122kouhyou.pdf,pdf,asdf_iruma,入間基地,航空自衛隊,2022,2022,29
https://www.mod.go.jp/asdf/iruma/bosyu/raising/images/0412kouhyou.pdf,pdf,asdf_iruma,入間基地,航空自衛隊,2022,2022,1
https://www.mod.go.jp/asdf/iruma/bosyu/raising/images/0501kouhyou.pdf,pdf,asdf_iruma,入間基地,航空自衛隊,2022,2022,33
https://www.mod.go.jp/asdf/iruma/bosyu/raising/images/0502kouhyou.pdf,pdf,asdf_iruma,入間基地,航空自衛隊,2022,2022,41
https://www.mod.go.jp/asdf/iruma/bosyu/raising/images/0507kouhyou.pdf,pdf,asdf_iruma,入間基地,航空自衛隊,2023,2023,39
https://www.mod.go.jp/asdf/iruma/bosyu/raising/images/0508kouhyou.pdf,pdf,asdf_iruma,入間基地,航空自衛隊,2023,2023,51
https://www.mod.go.jp/asdf/iruma/bosyu/raising/images/0509kouhyou.pdf,pdf,asdf_iruma,入間基地,航空自衛隊,2023,2023,32
https://www.mod.go.jp/asdf/iruma/bosyu/raising/images/05102kouhyou.pdf,pdf,asdf_iruma,入間基地,航空自衛隊,2023,2023,3
https://www.mod.go.jp/asdf/iruma/bosyu/raising/images/06012kouhyou.pdf,pdf,asdf_iruma,入間基地,航空自衛隊,2023,2023,39
https://www.mod.go.jp/asdf/iruma/bosyu/raising/images/0602kouhyou.pdf,pdf,asdf_iruma,入間基地,航空自衛隊,2023,2023,55
https://www.mod.go.jp/asdf/iruma/bosyu/raising/images/06032kouhyou.pdf,pdf,asdf_iruma,入間基地,航空自衛隊,2023,2023,11
https://www.mod.go.jp/asdf/iruma/bosyu/raising/images/06042kouhyou.pdf,pdf,asdf_iruma,入間基地,航空自衛隊,2024,2024,73
https://www.mod.go.jp/asdf/iruma/bosyu/raising/images/06043kouhyou.pdf,pdf,asdf_iruma,入間基地,航空自衛隊,2024,2024,8
https://www.mod.go.jp/asdf/iruma/bosyu/raising/images/0604kouhyou.pdf,pdf,asdf_iruma,入間基地,航空自衛隊,2024,2024,6
https://www.mod.go.jp/asdf/iruma/bosyu/raising/images/06052kouhyou.pdf,pdf,asdf_iruma,入間基地,航空自衛隊,2024,2024,37
https://www.mod.go.jp/asdf/iruma/bosyu/raising/images/0605kouhyou.pdf,pdf,asdf_iruma,入間基地,航空自衛隊,2024,2024,5
https://www.mod.go.jp/asdf/iruma/bosyu/raising/images/0606kouhyou.pdf,pdf,asdf_iruma,入間基地,航空自衛隊,2024,2024,29
https://www.mod.go.jp/asdf/iruma/bosyu/raising/images/06072kouhyou.pdf,pdf,asdf_iruma,入間基地,航空自衛隊,2024,2024,53
https://www.mod.go.jp/asdf/iruma/bosyu/raising/images/0607kouhyou.pdf,pdf,asdf_iruma,入間基地,航空自衛隊,2024,2024,2
https://www.mod.go.jp/asdf/iruma/bosyu/raising/images/06082kouhyou.pdf,pdf,asdf_iruma,入間基地,航空自衛隊,2024,2024,34
https://www.mod.go.jp/asdf/iruma/bosyu/raising/images/0608kouhyou.pdf,pdf,asdf_iruma,入間基地,航空自衛隊,2024,2024,2
https://www.mod.go.jp/asdf/iruma/bosyu/raising/images/06093kouhyou.pdf,pdf,asdf_iruma,入間基地,航空自衛隊,2024,2024,52
https://www.mod.go.jp/asdf/iruma/bosyu/raising/images/0609kouhyou.pdf,pdf,asdf_iruma,入間基地,航空自衛隊,2024,2024,12
https://www.mod.go.jp/asdf/iruma/bosyu/raising/images/0610kouhyou.pdf,pdf,asdf_iruma,入間基地,航空自衛隊,2024,2024,47
https://www.mod.go.jp/asdf/iruma/bosyu/raising/images/0610kouhyou2.pdf,pdf,asdf_iruma,入間基地,航空自衛隊,2024,2024,16
https://www.mod.go.jp/asdf/iruma/bosyu/raising/images/0703kouhyou.pdf,pdf,asdf_iruma,入間基地,航空自衛隊,2024,2024,65
https://www.mod.go.jp/asdf/iruma/bosyu/raising/images/0705kouhyou.pdf,pdf,asdf_iruma,入間基地,航空自衛隊,2024,2024,10
https://www.mod.go.jp/asdf/iruma/bosyu/raising/images/070630kouhyou.pdf,warp_crawler,asdf_iruma,入間基地,航空自衛隊,2025,2025,50
https://www.mod.go.jp/asdf/iruma/bosyu/raising/images/0710kouhyou.pdf,pdf,asdf_iruma,入間基地,航空自衛隊,2024,2024,53
https://www.mod.go.jp/asdf/kisarazu/acs/index.html,html,asdf_kisarazu,木更津分屯基地,航空自衛隊,2024,2025,9
https://www.mod.go.jp/asdf/komaki/tyoutatu/chotatsu/R6koukyoutyoutatsu/12.pdf,warp_crawler,asdf_komaki,小牧基地,航空自衛隊,2025,2025,3
https://www.mod.go.jp/asdf/komaki/tyoutatu/chotatsu/R7koukyoutyoutatsu/1.pdf,warp_crawler,asdf_komaki,小牧基地,航空自衛隊,2025,2025,10
https://www.mod.go.jp/asdf/komaki/tyoutatu/chotatsu/R7koukyoutyoutatsu/10.pdf,warp_crawler,asdf_komaki,小牧基地,航空自衛隊,2025,2025,7
https://www.mod.go.jp/asdf/komaki/tyoutatu/chotatsu/R7koukyoutyoutatsu/11.pdf,warp_crawler,asdf_komaki,小牧基地,航空自衛隊,2025,2025,12
https://www.mod.go.jp/asdf/komaki/tyoutatu/chotatsu/R7koukyoutyoutatsu/12.pdf,warp_crawler,asdf_komaki,小牧基地,航空自衛隊,2025,2025,7
https://www.mod.go.jp/asdf/komaki/tyoutatu/chotatsu/R7koukyoutyoutatsu/4.pdf,warp_crawler,asdf_komaki,小牧基地,航空自衛隊,2025,2025,19
https://www.mod.go.jp/asdf/komaki/tyoutatu/chotatsu/R7koukyoutyoutatsu/5.pdf,warp_crawler,asdf_komaki,小牧基地,航空自衛隊,2025,2025,14
https://www.mod.go.jp/asdf/komaki/tyoutatu/chotatsu/R7koukyoutyoutatsu/6.pdf,warp_crawler,asdf_komaki,小牧基地,航空自衛隊,2025,2025,10
https://www.mod.go.jp/asdf/komaki/tyoutatu/chotatsu/R7koukyoutyoutatsu/7.pdf,warp_crawler,asdf_komaki,小牧基地,航空自衛隊,2025,2025,13
https://www.mod.go.jp/asdf/komaki/tyoutatu/chotatsu/R7koukyoutyoutatsu/8.pdf,warp_crawler,asdf_komaki,小牧基地,航空自衛隊,2025,2025,8
https://www.mod.go.jp/asdf/komaki/tyoutatu/chotatsu/R7koukyoutyoutatsu/9.pdf,warp_crawler,asdf_komaki,小牧基地,航空自衛隊,2025,2025,12
https://www.mod.go.jp/asdf/komaki/tyoutatu/chotatsu/R8koukyoutyoutatsu/2.pdf,warp_crawler,asdf_komaki,小牧基地,航空自衛隊,2025,2025,12
https://www.mod.go.jp/asdf/komaki/tyoutatu/chotatsu/R8koukyoutyoutatsu/3.pdf,warp_crawler,asdf_komaki,小牧基地,航空自衛隊,2025,2025,1
https://www.mod.go.jp/asdf/komaki/tyoutatu/chotatsu/chotatsu.files/sheet003.htm,html,asdf_komaki,小牧基地,航空自衛隊,2024,2025,45
https://www.mod.go.jp/asdf/komatsu/6/third/chotatsu_pdf/kouhyou/kou5.10.pdf,pdf,asdf_komatsu,小松基地,航空自衛隊,2023,2023,13
https://www.mod.go.jp/asdf/komatsu/6/third/chotatsu_pdf/kouhyou/kou5.4.pdf,pdf,asdf_komatsu,小松基地,航空自衛隊,2023,2023,19
https://www.mod.go.jp/asdf/komatsu/6/third/chotatsu_pdf/kouhyou/kou5.5.pdf,pdf,asdf_komatsu,小松基地,航空自衛隊,2023,2023,15
https://www.mod.go.jp/asdf/komatsu/6/third/chotatsu_pdf/kouhyou/kou5.6.pdf,pdf,asdf_komatsu,小松基地,航空自衛隊,2023,2023,24
https://www.mod.go.jp/asdf/komatsu/6/third/chotatsu_pdf/kouhyou/kou5.7.pdf,pdf,asdf_komatsu,小松基地,航空自衛隊,2023,2023,15
https://www.mod.go.jp/asdf/komatsu/6/third/chotatsu_pdf/kouhyou/kou5.8.pdf,pdf,asdf_komatsu,小松基地,航空自衛隊,2023,2023,15
https://www.mod.go.jp/asdf/komatsu/6/third/chotatsu_pdf/kouhyou/kou5.9.pdf,pdf,asdf_komatsu,小松基地,航空自衛隊,2023,2023,21
https://www.mod.go.jp/asdf/komatsu/6/third/chotatsu_pdf/kouhyou/kou6.10.pdf,pdf,asdf_komatsu,小松基地,航空自衛隊,2024,2024,17
https://www.mod.go.jp/asdf/komatsu/6/third/chotatsu_pdf/kouhyou/kou6.11.pdf,pdf,asdf_komatsu,小松基地,航空自衛隊,2024,2024,16
https://www.mod.go.jp/asdf/komatsu/6/third/chotatsu_pdf/kouhyou/kou6.12.pdf,pdf,asdf_komatsu,小松基地,航空自衛隊,2024,2024,22
https://www.mod.go.jp/asdf/komatsu/6/third/chotatsu_pdf/kouhyou/kou6.2.pdf,pdf,asdf_komatsu,小松基地,航空自衛隊,2023,2023,32
https://www.mod.go.jp/asdf/komatsu/6/third/chotatsu_pdf/kouhyou/kou6.3.pdf,pdf,asdf_komatsu,小松基地,航空自衛隊,2023,2023,4
https://www.mod.go.jp/asdf/komatsu/6/third/chotatsu_pdf/kouhyou/kou6.4.pdf,pdf,asdf_komatsu,小松基地,航空自衛隊,2024,2024,22
https://www.mod.go.jp/asdf/komatsu/6/third/chotatsu_pdf/kouhyou/kou6.5.pdf,pdf,asdf_komatsu,小松基地,航空自衛隊,2024,2024,15
https://www.mod.go.jp/asdf/komatsu/6/third/chotatsu_pdf/kouhyou/kou6.6.pdf,pdf,asdf_komatsu,小松基地,航空自衛隊,2024,2024,10
https://www.mod.go.jp/asdf/komatsu/6/third/chotatsu_pdf/kouhyou/kou6.7.pdf,pdf,asdf_komatsu,小松基地,航空自衛隊,2024,2024,22
https://www.mod.go.jp/asdf/komatsu/6/third/chotatsu_pdf/kouhyou/kou6.8.pdf,pdf,asdf_komatsu,小松基地,航空自衛隊,2024,2024,18
https://www.mod.go.jp/asdf/komatsu/6/third/chotatsu_pdf/kouhyou/kou6.9.pdf,pdf,asdf_komatsu,小松基地,航空自衛隊,2024,2024,25
https://www.mod.go.jp/asdf/komatsu/6/third/chotatsu_pdf/kouhyou/kou7.1.pdf,pdf,asdf_komatsu,小松基地,航空自衛隊,2024,2024,27
https://www.mod.go.jp/asdf/komatsu/6/third/chotatsu_pdf/kouhyou/kou7.10.pdf,pdf,asdf_komatsu,小松基地,航空自衛隊,2025,2025,5
https://www.mod.go.jp/asdf/komatsu/6/third/chotatsu_pdf/kouhyou/kou7.11.pdf,pdf,asdf_komatsu,小松基地,航空自衛隊,2025,2025,6
https://www.mod.go.jp/asdf/komatsu/6/third/chotatsu_pdf/kouhyou/kou7.12.pdf,pdf,asdf_komatsu,小松基地,航空自衛隊,2025,2025,16
https://www.mod.go.jp/asdf/komatsu/6/third/chotatsu_pdf/kouhyou/kou7.2.pdf,pdf,asdf_komatsu,小松基地,航空自衛隊,2024,2024,19
https://www.mod.go.jp/asdf/komatsu/6/third/chotatsu_pdf/kouhyou/kou7.3.pdf,pdf,asdf_komatsu,小松基地,航空自衛隊,2024,2024,2
https://www.mod.go.jp/asdf/komatsu/6/third/chotatsu_pdf/kouhyou/kou7.4.pdf,pdf,asdf_komatsu,小松基地,航空自衛隊,2025,2025,22
https://www.mod.go.jp/asdf/komatsu/6/third/chotatsu_pdf/kouhyou/kou7.5.pdf,pdf,asdf_komatsu,小松基地,航空自衛隊,2025,2025,13
https://www.mod.go.jp/asdf/komatsu/6/third/chotatsu_pdf/kouhyou/kou7.6.pdf,pdf,asdf_komatsu,小松基地,航空自衛隊,2025,2025,14
https://www.mod.go.jp/asdf/komatsu/6/third/chotatsu_pdf/kouhyou/kou7.7.pdf,pdf,asdf_komatsu,小松基地,航空自衛隊,2025,2025,17
https://www.mod.go.jp/asdf/komatsu/6/third/chotatsu_pdf/kouhyou/kou7.8.pdf,pdf,asdf_komatsu,小松基地,航空自衛隊,2025,2025,10
https://www.mod.go.jp/asdf/komatsu/6/third/chotatsu_pdf/kouhyou/kou7.9.pdf,pdf,asdf_komatsu,小松基地,航空自衛隊,2025,2025,13
https://www.mod.go.jp/asdf/komatsu/6/third/chotatsu_pdf/kouhyou/kou8.1.pdf,pdf,asdf_komatsu,小松基地,航空自衛隊,2025,2025,17
https://www.mod.go.jp/asdf/komatsu/6/third/chotatsu_pdf/kouhyou/kou8.2.pdf,pdf,asdf_komatsu,小松基地,航空自衛隊,2025,2025,14
https://www.mod.go.jp/asdf/kumagaya/R5_10_GCC.pdf,pdf,asdf_kumagaya,熊谷基地,航空自衛隊,2023,2023,4
https://www.mod.go.jp/asdf/kumagaya/R5_11_GCC.pdf,pdf,asdf_kumagaya,熊谷基地,航空自衛隊,2023,2023,7
https://www.mod.go.jp/asdf/kumagaya/R5_12_GCC.pdf,pdf,asdf_kumagaya,熊谷基地,航空自衛隊,2023,2023,20
https://www.mod.go.jp/asdf/kumagaya/R5_12_VCC_2.pdf,pdf,asdf_kumagaya,熊谷基地,航空自衛隊,2023,2023,1
https://www.mod.go.jp/asdf/kumagaya/R6_10.pdf,pdf,asdf_kumagaya,熊谷基地,航空自衛隊,2024,2024,10
https://www.mod.go.jp/asdf/kumagaya/R6_11.pdf,pdf,asdf_kumagaya,熊谷基地,航空自衛隊,2024,2024,5
https://www.mod.go.jp/asdf/kumagaya/R6_12_PA.pdf,pdf,asdf_kumagaya,熊谷基地,航空自衛隊,2024,2024,20
https://www.mod.go.jp/asdf/kumagaya/R6_1_GCC.pdf,pdf,asdf_kumagaya,熊谷基地,航空自衛隊,2023,2023,17
https://www.mod.go.jp/asdf/kumagaya/R6_2_GCC.pdf,pdf,asdf_kumagaya,熊谷基地,航空自衛隊,2023,2023,19
https://www.mod.go.jp/asdf/kumagaya/R6_3_GCC.pdf,pdf,asdf_kumagaya,熊谷基地,航空自衛隊,2023,2023,5
https://www.mod.go.jp/asdf/kumagaya/R6_4.pdf,pdf,asdf_kumagaya,熊谷基地,航空自衛隊,2024,2024,3
https://www.mod.go.jp/asdf/kumagaya/R6_4_2.pdf,pdf,asdf_kumagaya,熊谷基地,航空自衛隊,2024,2024,25
https://www.mod.go.jp/asdf/kumagaya/R6_4_3.pdf,pdf,asdf_kumagaya,熊谷基地,航空自衛隊,2024,2024,1
https://www.mod.go.jp/asdf/kumagaya/R6_5.pdf,pdf,asdf_kumagaya,熊谷基地,航空自衛隊,2024,2024,6
https://www.mod.go.jp/asdf/kumagaya/R6_5_2.pdf,pdf,asdf_kumagaya,熊谷基地,航空自衛隊,2024,2024,10
https://www.mod.go.jp/asdf/kumagaya/R6_6.pdf,pdf,asdf_kumagaya,熊谷基地,航空自衛隊,2024,2024,13
https://www.mod.go.jp/asdf/kumagaya/R6_6_2.pdf,pdf,asdf_kumagaya,熊谷基地,航空自衛隊,2024,2024,5
https://www.mod.go.jp/asdf/kumagaya/R6_7.pdf,pdf,asdf_kumagaya,熊谷基地,航空自衛隊,2024,2024,9
https://www.mod.go.jp/asdf/kumagaya/R6_7_2.pdf,pdf,asdf_kumagaya,熊谷基地,航空自衛隊,2024,2024,1
https://www.mod.go.jp/asdf/kumagaya/R6_8.pdf,pdf,asdf_kumagaya,熊谷基地,航空自衛隊,2024,2024,2
https://www.mod.go.jp/asdf/kumagaya/R6_8_2.pdf,pdf,asdf_kumagaya,熊谷基地,航空自衛隊,2024,2024,2
https://www.mod.go.jp/asdf/kumagaya/R6_9_2.pdf,pdf,asdf_kumagaya,熊谷基地,航空自衛隊,2024,2024,16
https://www.mod.go.jp/asdf/kumagaya/R7.4.pdf,pdf,asdf_kumagaya,熊谷基地,航空自衛隊,2025,2025,10
https://www.mod.go.jp/asdf/kumagaya/R7.7.pdf,pdf,asdf_kumagaya,熊谷基地,航空自衛隊,2025,2025,1
https://www.mod.go.jp/asdf/kumagaya/R7.8.pdf,pdf,asdf_kumagaya,熊谷基地,航空自衛隊,2025,2025,2
https://www.mod.go.jp/asdf/kumagaya/R7.9.pdf,pdf,asdf_kumagaya,熊谷基地,航空自衛隊,2025,2025,12
https://www.mod.go.jp/asdf/kumagaya/R7_1.pdf,pdf,asdf_kumagaya,熊谷基地,航空自衛隊,2024,2024,10
https://www.mod.go.jp/asdf/kumagaya/R7_10.pdf,pdf,asdf_kumagaya,熊谷基地,航空自衛隊,2025,2025,2
https://www.mod.go.jp/asdf/kumagaya/R7_11.pdf,pdf,asdf_kumagaya,熊谷基地,航空自衛隊,2025,2025,5
https://www.mod.go.jp/asdf/kumagaya/R7_2_PA.pdf,pdf,asdf_kumagaya,熊谷基地,航空自衛隊,2024,2024,26
https://www.mod.go.jp/asdf/kumagaya/R7_4_RRRR.pdf,pdf,asdf_kumagaya,熊谷基地,航空自衛隊,2025,2025,10
https://www.mod.go.jp/asdf/kumagaya/R7_5.pdf,pdf,asdf_kumagaya,熊谷基地,航空自衛隊,2025,2025,5
https://www.mod.go.jp/asdf/kumagaya/R7_6_RRRR.pdf,pdf,asdf_kumagaya,熊谷基地,航空自衛隊,2025,2025,11
https://www.mod.go.jp/asdf/kumagaya/R7_9_R.pdf,pdf,asdf_kumagaya,熊谷基地,航空自衛隊,2025,2025,1
https://www.mod.go.jp/asdf/kumagaya/R8_1_PA.pdf,pdf,asdf_kumagaya,熊谷基地,航空自衛隊,2025,2025,3
https://www.mod.go.jp/asdf/kumagaya/R8_2_PA.pdf,pdf,asdf_kumagaya,熊谷基地,航空自衛隊,2025,2025,10
https://www.mod.go.jp/asdf/kumagaya/op_bupin202306.pdf,pdf,asdf_kumagaya,熊谷基地,航空自衛隊,2023,2023,8
https://www.mod.go.jp/asdf/kumagaya/op_bupin202307.pdf,pdf,asdf_kumagaya,熊谷基地,航空自衛隊,2023,2023,7
https://www.mod.go.jp/asdf/kumagaya/op_bupin202308.pdf,pdf,asdf_kumagaya,熊谷基地,航空自衛隊,2023,2023,5
https://www.mod.go.jp/asdf/kumagaya/op_bupin202309.pdf,pdf,asdf_kumagaya,熊谷基地,航空自衛隊,2023,2023,15
https://www.mod.go.jp/asdf/kumagaya/op_bupin202309_2.pdf,pdf,asdf_kumagaya,熊谷基地,航空自衛隊,2023,2023,1
https://www.mod.go.jp/asdf/kumagaya/op_bupin20235.pdf,pdf,asdf_kumagaya,熊谷基地,航空自衛隊,2023,2023,7
https://www.mod.go.jp/asdf/kumagaya/op_kokyo_construction202309.pdf,pdf,asdf_kumagaya,熊谷基地,航空自衛隊,2023,2023,1
https://www.mod.go.jp/asdf/matsushima/tyotatu/kouhyou/images/R607choutatsukouhyou_060913.pdf,pdf,asdf_matsushima,松島基地,航空自衛隊,2024,2024,10
https://www.mod.go.jp/asdf/matsushima/tyotatu/kouhyou/images/R608choutatsukouhyou.pdf,pdf,asdf_matsushima,松島基地,航空自衛隊,2024,2024,6
https://www.mod.go.jp/asdf/matsushima/tyotatu/kouhyou/images/R609_choutatsukouhyou.pdf,pdf,asdf_matsushima,松島基地,航空自衛隊,2024,2024,11
https://www.mod.go.jp/asdf/matsushima/tyotatu/kouhyou/images/R610_choutatsujouhou.pdf,pdf,asdf_matsushima,松島基地,航空自衛隊,2024,2024,3
https://www.mod.go.jp/asdf/matsushima/tyotatu/kouhyou/images/R6_1choutatsukouhyou.pdf,pdf,asdf_matsushima,松島基地,航空自衛隊,2024,2024,9
https://www.mod.go.jp/asdf/matsushima/tyotatu/kouhyou/images/R704_choutatsukouhyou.pdf,pdf,asdf_matsushima,松島基地,航空自衛隊,2025,2025,13
https://www.mod.go.jp/asdf/matsushima/tyotatu/kouhyou/images/R705choutatsukouhyou.pdf,pdf,asdf_matsushima,松島基地,航空自衛隊,2025,2025,9
https://www.mod.go.jp/asdf/matsushima/tyotatu/kouhyou/images/R706chotatsukouhyou.pdf,pdf,asdf_matsushima,松島基地,航空自衛隊,2025,2025,10
https://www.mod.go.jp/asdf/matsushima/tyotatu/kouhyou/images/R707chotatsukouhyou.pdf,pdf,asdf_matsushima,松島基地,航空自衛隊,2025,2025,11
https://www.mod.go.jp/asdf/matsushima/tyotatu/kouhyou/images/R708chotatsukouhyou.pdf,pdf,asdf_matsushima,松島基地,航空自衛隊,2025,2025,4
https://www.mod.go.jp/asdf/matsushima/tyotatu/kouhyou/images/R709chotatsukouhyou.pdf,pdf,asdf_matsushima,松島基地,航空自衛隊,2025,2025,9
https://www.mod.go.jp/asdf/matsushima/tyotatu/kouhyou/images/R710chotatsukouhyou.pdf,pdf,asdf_matsushima,松島基地,航空自衛隊,2025,2025,6
https://www.mod.go.jp/asdf/matsushima/tyotatu/kouhyou/images/R711chotatsukouhyou.pdf,pdf,asdf_matsushima,松島基地,航空自衛隊,2025,2025,6
https://www.mod.go.jp/asdf/matsushima/tyotatu/kouhyou/images/R801chotatsukouhyou.pdf,pdf,asdf_matsushima,松島基地,航空自衛隊,2025,2025,7
https://www.mod.go.jp/asdf/matsushima/tyotatu/kouhyou/images/R802chotatsukouhyou.pdf,pdf,asdf_matsushima,松島基地,航空自衛隊,2025,2025,5
https://www.mod.go.jp/asdf/matsushima/tyotatu/kouhyou/images/R803chotatsukouhyou.pdf,pdf,asdf_matsushima,松島基地,航空自衛隊,2025,2025,2
https://www.mod.go.jp/asdf/matsushima/tyotatu/kouhyou/images/koukyoucyoutatu.pdf,pdf,asdf_matsushima,松島基地,航空自衛隊,2024,2024,6
https://www.mod.go.jp/asdf/matsushima/tyotatu/kouhyou/images/r6-kohyo4.pdf,pdf,asdf_matsushima,松島基地,航空自衛隊,2024,2024,12
https://www.mod.go.jp/asdf/matsushima/tyotatu/kouhyou/images/r6-kohyo5.pdf,pdf,asdf_matsushima,松島基地,航空自衛隊,2024,2024,9
https://www.mod.go.jp/asdf/matsushima/tyotatu/kouhyou/images/r6-kohyo6.pdf,pdf,asdf_matsushima,松島基地,航空自衛隊,2024,2024,7
https://www.mod.go.jp/asdf/matsushima/tyotatu/kouhyou/images/r611_choutasukouhyou.pdf,pdf,asdf_matsushima,松島基地,航空自衛隊,2024,2024,6
https://www.mod.go.jp/asdf/matsushima/tyotatu/kouhyou/images/r702_choutatsukouhyou.pdf,pdf,asdf_matsushima,松島基地,航空自衛隊,2024,2024,12
https://www.mod.go.jp/asdf/matsushima/tyotatu/kouhyou/images/r703_choutatsukouhyou.pdf,pdf,asdf_matsushima,松島基地,航空自衛隊,2024,2024,4
https://www.mod.go.jp/asdf/meguro/choutatsu/pdf/tekisei-1.pdf,pdf,asdf_meguro,目黒基地,航空自衛隊,2024,2024,6
https://www.mod.go.jp/asdf/meguro/choutatsu/pdf/tekisei-10.pdf,pdf,asdf_meguro,目黒基地,航空自衛隊,2024,2024,6
https://www.mod.go.jp/asdf/meguro/choutatsu/pdf/tekisei-11.pdf,pdf,asdf_meguro,目黒基地,航空自衛隊,2024,2024,12
https://www.mod.go.jp/asdf/meguro/choutatsu/pdf/tekisei-12.pdf,pdf,asdf_meguro,目黒基地,航空自衛隊,2024,2024,1
https://www.mod.go.jp/asdf/meguro/choutatsu/pdf/tekisei-2.pdf,pdf,asdf_meguro,目黒基地,航空自衛隊,2024,2024,9
https://www.mod.go.jp/asdf/meguro/choutatsu/pdf/tekisei-4.pdf,pdf,asdf_meguro,目黒基地,航空自衛隊,2024,2024,15
https://www.mod.go.jp/asdf/meguro/choutatsu/pdf/tekisei-5.pdf,pdf,asdf_meguro,目黒基地,航空自衛隊,2024,2024,6
https://www.mod.go.jp/asdf/meguro/choutatsu/pdf/tekisei-6.pdf,pdf,asdf_meguro,目黒基地,航空自衛隊,2024,2024,7
https://www.mod.go.jp/asdf/meguro/choutatsu/pdf/tekisei-7.pdf,pdf,asdf_meguro,目黒基地,航空自衛隊,2024,2024,3
https://www.mod.go.jp/asdf/meguro/choutatsu/pdf/tekisei-8.pdf,pdf,asdf_meguro,目黒基地,航空自衛隊,2024,2024,6
https://www.mod.go.jp/asdf/meguro/choutatsu/pdf/tekisei-9.pdf,pdf,asdf_meguro,目黒基地,航空自衛隊,2024,2024,3
https://www.mod.go.jp/asdf/meguro/choutatsu/pdf/tekisei2025-5.pdf,pdf,asdf_meguro,目黒基地,航空自衛隊,2025,2025,1
https://www.mod.go.jp/asdf/meguro/choutatsu/pdf/tekisei2025-6.pdf,pdf,asdf_meguro,目黒基地,航空自衛隊,2025,2025,6
https://www.mod.go.jp/asdf/miho/kaikeitai_tyoutatu/choutatujouhou.html,html,asdf_miho,美保基地,航空自衛隊,2024,2025,21
https://www.mod.go.jp/asdf/miho/kaikeitai_tyoutatu/koukyou/7.10.pdf,warp_crawler,asdf_miho,美保基地,航空自衛隊,2025,2025,6
https://www.mod.go.jp/asdf/miho/kaikeitai_tyoutatu/koukyou/7.11.pdf,warp_crawler,asdf_miho,美保基地,航空自衛隊,2025,2025,7
https://www.mod.go.jp/asdf/miho/kaikeitai_tyoutatu/koukyou/7.12.pdf,warp_crawler,asdf_miho,美保基地,航空自衛隊,2025,2025,15
https://www.mod.go.jp/asdf/miho/kaikeitai_tyoutatu/koukyou/7.4.pdf,warp_crawler,asdf_miho,美保基地,航空自衛隊,2025,2025,19
https://www.mod.go.jp/asdf/miho/kaikeitai_tyoutatu/koukyou/7.5.pdf,warp_crawler,asdf_miho,美保基地,航空自衛隊,2025,2025,9
https://www.mod.go.jp/asdf/miho/kaikeitai_tyoutatu/koukyou/7.6.pdf,warp_crawler,asdf_miho,美保基地,航空自衛隊,2025,2025,9
https://www.mod.go.jp/asdf/miho/kaikeitai_tyoutatu/koukyou/7.7.pdf,warp_crawler,asdf_miho,美保基地,航空自衛隊,2025,2025,6
https://www.mod.go.jp/asdf/miho/kaikeitai_tyoutatu/koukyou/7.8.pdf,warp_crawler,asdf_miho,美保基地,航空自衛隊,2025,2025,3
https://www.mod.go.jp/asdf/miho/kaikeitai_tyoutatu/koukyou/7.9.pdf,warp_crawler,asdf_miho,美保基地,航空自衛隊,2025,2025,15
https://www.mod.go.jp/asdf/miho/kaikeitai_tyoutatu/koukyou/8.1.pdf,warp_crawler,asdf_miho,美保基地,航空自衛隊,2025,2025,4
https://www.mod.go.jp/asdf/miho/kaikeitai_tyoutatu/koukyou/8.2.pdf,warp_crawler,asdf_miho,美保基地,航空自衛隊,2025,2025,15
https://www.mod.go.jp/asdf/misawa/offer/public_offering/kouhyou/R404.pdf,pdf,asdf_misawa,三沢基地,航空自衛隊,2022,2022,44
https://www.mod.go.jp/asdf/misawa/offer/public_offering/kouhyou/R405.pdf,pdf,asdf_misawa,三沢基地,航空自衛隊,2022,2022,12
https://www.mod.go.jp/asdf/misawa/offer/public_offering/kouhyou/R406.pdf,pdf,asdf_misawa,三沢基地,航空自衛隊,2022,2022,18
https://www.mod.go.jp/asdf/misawa/offer/public_offering/kouhyou/R407.pdf,pdf,asdf_misawa,三沢基地,航空自衛隊,2022,2022,30
https://www.mod.go.jp/asdf/misawa/offer/public_offering/kouhyou/R408.pdf,pdf,asdf_misawa,三沢基地,航空自衛隊,2022,2022,12
https://www.mod.go.jp/asdf/misawa/offer/public_offering/kouhyou/R411.pdf,pdf,asdf_misawa,三沢基地,航空自衛隊,2022,2022,18
https://www.mod.go.jp/asdf/misawa/offer/public_offering/kouhyou/R412.pdf,pdf,asdf_misawa,三沢基地,航空自衛隊,2022,2022,22
https://www.mod.go.jp/asdf/misawa/offer/public_offering/kouhyou/R501.pdf,pdf,asdf_misawa,三沢基地,航空自衛隊,2022,2022,15
https://www.mod.go.jp/asdf/misawa/offer/public_offering/kouhyou/R502.pdf,pdf,asdf_misawa,三沢基地,航空自衛隊,2022,2022,24
https://www.mod.go.jp/asdf/misawa/offer/public_offering/kouhyou/R503.pdf,pdf,asdf_misawa,三沢基地,航空自衛隊,2022,2022,3
https://www.mod.go.jp/asdf/misawa/offer/public_offering/kouhyou/R504.pdf,pdf,asdf_misawa,三沢基地,航空自衛隊,2023,2023,48
https://www.mod.go.jp/asdf/misawa/offer/public_offering/kouhyou/R505.pdf,pdf,asdf_misawa,三沢基地,航空自衛隊,2023,2023,16
https://www.mod.go.jp/asdf/misawa/offer/public_offering/kouhyou/R507.pdf,pdf,asdf_misawa,三沢基地,航空自衛隊,2022,2023,11
https://www.mod.go.jp/asdf/misawa/offer/public_offering/kouhyou/R509.pdf,pdf,asdf_misawa,三沢基地,航空自衛隊,2023,2023,15
https://www.mod.go.jp/asdf/misawa/offer/public_offering/kouhyou/R604.pdf,ocr_pdf,asdf_misawa,三沢基地,航空自衛隊,2024,2024,3
https://www.mod.go.jp/asdf/misawa/offer/public_offering/kouhyou/R606.pdf,ocr_pdf,asdf_misawa,三沢基地,航空自衛隊,2024,2024,8
https://www.mod.go.jp/asdf/misawa/offer/public_offering/kouhyou/R607.pdf,ocr_pdf,asdf_misawa,三沢基地,航空自衛隊,2024,2024,53
https://www.mod.go.jp/asdf/misawa/offer/public_offering/kouhyou/R608.pdf,ocr_pdf,asdf_misawa,三沢基地,航空自衛隊,2024,2024,12
https://www.mod.go.jp/asdf/misawa/offer/public_offering/kouhyou/R609.pdf,ocr_pdf,asdf_misawa,三沢基地,航空自衛隊,2024,2024,13
https://www.mod.go.jp/asdf/misawa/offer/public_offering/kouhyou/R610.pdf,ocr_pdf,asdf_misawa,三沢基地,航空自衛隊,2024,2024,13
https://www.mod.go.jp/asdf/misawa/offer/public_offering/kouhyou/R611.pdf,ocr_pdf,asdf_misawa,三沢基地,航空自衛隊,2024,2024,16
https://www.mod.go.jp/asdf/misawa/offer/public_offering/kouhyou/R701.pdf,ocr_pdf,asdf_misawa,三沢基地,航空自衛隊,2024,2024,2
https://www.mod.go.jp/asdf/misawa/offer/public_offering/kouhyou/R706.pdf,pdf,asdf_misawa,三沢基地,航空自衛隊,2025,2025,27
https://www.mod.go.jp/asdf/misawa/offer/public_offering/kouhyou/R711.pdf,pdf,asdf_misawa,三沢基地,航空自衛隊,2025,2025,10
https://www.mod.go.jp/asdf/misawa/offer/public_offering/kouhyou/R712.pdf,pdf,asdf_misawa,三沢基地,航空自衛隊,2025,2025,7
https://www.mod.go.jp/asdf/nara/05procurement/03release/images/01kokyo/051018.pdf,pdf,asdf_nara,奈良基地,航空自衛隊,2023,2023,3
https://www.mod.go.jp/asdf/nara/05procurement/03release/images/01kokyo/051120.pdf,pdf,asdf_nara,奈良基地,航空自衛隊,2023,2023,3
https://www.mod.go.jp/asdf/nara/05procurement/03release/images/01kokyo/051200.pdf,pdf,asdf_nara,奈良基地,航空自衛隊,2023,2023,4
https://www.mod.go.jp/asdf/nara/05procurement/03release/images/01kokyo/060100.pdf,pdf,asdf_nara,奈良基地,航空自衛隊,2023,2023,1
https://www.mod.go.jp/asdf/nara/05procurement/03release/images/01kokyo/060115.pdf,pdf,asdf_nara,奈良基地,航空自衛隊,2023,2023,10
https://www.mod.go.jp/asdf/nara/05procurement/03release/images/01kokyo/060200.pdf,pdf,asdf_nara,奈良基地,航空自衛隊,2023,2023,8
https://www.mod.go.jp/asdf/nara/05procurement/03release/images/01kokyo/060300.pdf,pdf,asdf_nara,奈良基地,航空自衛隊,2023,2023,1
https://www.mod.go.jp/asdf/nara/05procurement/03release/images/01kokyo/060400.pdf,pdf,asdf_nara,奈良基地,航空自衛隊,2024,2024,16
https://www.mod.go.jp/asdf/nara/05procurement/03release/images/01kokyo/060500.pdf,pdf,asdf_nara,奈良基地,航空自衛隊,2024,2024,15
https://www.mod.go.jp/asdf/nara/05procurement/03release/images/01kokyo/060600.pdf,pdf,asdf_nara,奈良基地,航空自衛隊,2024,2024,16
https://www.mod.go.jp/asdf/nara/05procurement/03release/images/01kokyo/060700.pdf,pdf,asdf_nara,奈良基地,航空自衛隊,2024,2024,2
https://www.mod.go.jp/asdf/nara/05procurement/03release/images/01kokyo/060800.pdf,pdf,asdf_nara,奈良基地,航空自衛隊,2024,2024,4
https://www.mod.go.jp/asdf/nara/05procurement/03release/images/01kokyo/060900.pdf,pdf,asdf_nara,奈良基地,航空自衛隊,2024,2024,14
https://www.mod.go.jp/asdf/nara/05procurement/03release/images/01kokyo/061000.pdf,pdf,asdf_nara,奈良基地,航空自衛隊,2024,2024,6
https://www.mod.go.jp/asdf/nara/05procurement/03release/images/01kokyo/061100.pdf,pdf,asdf_nara,奈良基地,航空自衛隊,2024,2024,7
https://www.mod.go.jp/asdf/nara/05procurement/03release/images/01kokyo/061200.pdf,pdf,asdf_nara,奈良基地,航空自衛隊,2024,2024,14
https://www.mod.go.jp/asdf/nara/05procurement/03release/images/01kokyo/070100.pdf,pdf,asdf_nara,奈良基地,航空自衛隊,2024,2024,3
https://www.mod.go.jp/asdf/nara/05procurement/03release/images/01kokyo/070200.pdf,pdf,asdf_nara,奈良基地,航空自衛隊,2024,2024,16
https://www.mod.go.jp/asdf/nara/05procurement/03release/images/01kokyo/070300.pdf,pdf,asdf_nara,奈良基地,航空自衛隊,2024,2024,1
https://www.mod.go.jp/asdf/nara/05procurement/03release/images/01kokyo/070400.pdf,pdf,asdf_nara,奈良基地,航空自衛隊,2025,2025,14
https://www.mod.go.jp/asdf/nara/05procurement/03release/images/01kokyo/070500.pdf,pdf,asdf_nara,奈良基地,航空自衛隊,2025,2025,7
https://www.mod.go.jp/asdf/nara/05procurement/03release/images/01kokyo/071000.pdf,pdf,asdf_nara,奈良基地,航空自衛隊,2025,2025,2
https://www.mod.go.jp/asdf/nara/05procurement/03release/images/01kokyo/071100.pdf,pdf,asdf_nara,奈良基地,航空自衛隊,2025,2025,5
https://www.mod.go.jp/asdf/nara/05procurement/03release/images/01kokyo/071200.pdf,pdf,asdf_nara,奈良基地,航空自衛隊,2025,2025,5
https://www.mod.go.jp/asdf/nara/05procurement/03release/images/01kokyo/080100.pdf,pdf,asdf_nara,奈良基地,航空自衛隊,2025,2025,3
https://www.mod.go.jp/asdf/nara/05procurement/03release/images/01kokyo/080200.pdf,pdf,asdf_nara,奈良基地,航空自衛隊,2025,2025,6
https://www.mod.go.jp/asdf/nara/05procurement/03release/images/01kokyo/080300.pdf,pdf,asdf_nara,奈良基地,航空自衛隊,2025,2025,1
https://www.mod.go.jp/asdf/niigata/procurement/third/images/kouhyou_pdf/0404.pdf,pdf,asdf_niigata,新潟分屯基地,航空自衛隊,2022,2022,8
https://www.mod.go.jp/asdf/niigata/procurement/third/images/kouhyou_pdf/0405.pdf,pdf,asdf_niigata,新潟分屯基地,航空自衛隊,2022,2022,6
https://www.mod.go.jp/asdf/niigata/procurement/third/images/kouhyou_pdf/0406.pdf,pdf,asdf_niigata,新潟分屯基地,航空自衛隊,2022,2022,5
https://www.mod.go.jp/asdf/niigata/procurement/third/images/kouhyou_pdf/0407.pdf,pdf,asdf_niigata,新潟分屯基地,航空自衛隊,2022,2022,2
https://www.mod.go.jp/asdf/niigata/procurement/third/images/kouhyou_pdf/0408.pdf,pdf,asdf_niigata,新潟分屯基地,航空自衛隊,2022,2022,7
https://www.mod.go.jp/asdf/niigata/procurement/third/images/kouhyou_pdf/0409.pdf,pdf,asdf_niigata,新潟分屯基地,航空自衛隊,2022,2022,2
https://www.mod.go.jp/asdf/niigata/procurement/third/images/kouhyou_pdf/0410.pdf,pdf,asdf_niigata,新潟分屯基地,航空自衛隊,2022,2022,3
https://www.mod.go.jp/asdf/niigata/procurement/third/images/kouhyou_pdf/0411.pdf,pdf,asdf_niigata,新潟分屯基地,航空自衛隊,2022,2022,3
https://www.mod.go.jp/asdf/niigata/procurement/third/images/kouhyou_pdf/0412.pdf,pdf,asdf_niigata,新潟分屯基地,航空自衛隊,2022,2022,5
https://www.mod.go.jp/asdf/niigata/procurement/third/images/kouhyou_pdf/0502.pdf,pdf,asdf_niigata,新潟分屯基地,航空自衛隊,2022,2022,1
https://www.mod.go.jp/asdf/niigata/procurement/third/images/kouhyou_pdf/0504.pdf,pdf,asdf_niigata,新潟分屯基地,航空自衛隊,2023,2023,9
https://www.mod.go.jp/asdf/niigata/procurement/third/images/kouhyou_pdf/0505.pdf,pdf,asdf_niigata,新潟分屯基地,航空自衛隊,2023,2023,7
https://www.mod.go.jp/asdf/niigata/procurement/third/images/kouhyou_pdf/0506.pdf,pdf,asdf_niigata,新潟分屯基地,航空自衛隊,2023,2023,3
https://www.mod.go.jp/asdf/niigata/procurement/third/images/kouhyou_pdf/0507.pdf,pdf,asdf_niigata,新潟分屯基地,航空自衛隊,2023,2023,1
https://www.mod.go.jp/asdf/niigata/procurement/third/images/kouhyou_pdf/0508.pdf,pdf,asdf_niigata,新潟分屯基地,航空自衛隊,2023,2023,4
https://www.mod.go.jp/asdf/niigata/procurement/third/images/kouhyou_pdf/0509.pdf,pdf,asdf_niigata,新潟分屯基地,航空自衛隊,2023,2023,7
https://www.mod.go.jp/asdf/niigata/procurement/third/images/kouhyou_pdf/0510.pdf,pdf,asdf_niigata,新潟分屯基地,航空自衛隊,2023,2023,3
https://www.mod.go.jp/asdf/niigata/procurement/third/images/kouhyou_pdf/0511.pdf,pdf,asdf_niigata,新潟分屯基地,航空自衛隊,2023,2023,7
https://www.mod.go.jp/asdf/niigata/procurement/third/images/kouhyou_pdf/0604.pdf,pdf,asdf_niigata,新潟分屯基地,航空自衛隊,2024,2024,7
https://www.mod.go.jp/asdf/niigata/procurement/third/images/kouhyou_pdf/0605.pdf,pdf,asdf_niigata,新潟分屯基地,航空自衛隊,2024,2024,5
https://www.mod.go.jp/asdf/niigata/procurement/third/images/kouhyou_pdf/0606.pdf,pdf,asdf_niigata,新潟分屯基地,航空自衛隊,2024,2024,2
https://www.mod.go.jp/asdf/niigata/procurement/third/images/kouhyou_pdf/0607.pdf,pdf,asdf_niigata,新潟分屯基地,航空自衛隊,2024,2024,4
https://www.mod.go.jp/asdf/niigata/procurement/third/images/kouhyou_pdf/0608.pdf,pdf,asdf_niigata,新潟分屯基地,航空自衛隊,2024,2024,8
https://www.mod.go.jp/asdf/niigata/procurement/third/images/kouhyou_pdf/0609.pdf,pdf,asdf_niigata,新潟分屯基地,航空自衛隊,2024,2024,5
https://www.mod.go.jp/asdf/niigata/procurement/third/images/kouhyou_pdf/0610.pdf,pdf,asdf_niigata,新潟分屯基地,航空自衛隊,2024,2024,3
https://www.mod.go.jp/asdf/niigata/procurement/third/images/kouhyou_pdf/0611.pdf,pdf,asdf_niigata,新潟分屯基地,航空自衛隊,2024,2024,3
https://www.mod.go.jp/asdf/niigata/procurement/third/images/kouhyou_pdf/0701.pdf,pdf,asdf_niigata,新潟分屯基地,航空自衛隊,2024,2024,2
https://www.mod.go.jp/asdf/niigata/procurement/third/images/kouhyou_pdf/0702.pdf,pdf,asdf_niigata,新潟分屯基地,航空自衛隊,2024,2024,4
https://www.mod.go.jp/asdf/niigata/procurement/third/images/kouhyou_pdf/0704.pdf,pdf,asdf_niigata,新潟分屯基地,航空自衛隊,2025,2025,5
https://www.mod.go.jp/asdf/niigata/procurement/third/images/kouhyou_pdf/0705.pdf,pdf,asdf_niigata,新潟分屯基地,航空自衛隊,2025,2025,1
https://www.mod.go.jp/asdf/niigata/procurement/third/images/kouhyou_pdf/0706.pdf,pdf,asdf_niigata,新潟分屯基地,航空自衛隊,2025,2025,7
https://www.mod.go.jp/asdf/niigata/procurement/third/images/kouhyou_pdf/0707.pdf,pdf,asdf_niigata,新潟分屯基地,航空自衛隊,2025,2025,4
https://www.mod.go.jp/asdf/niigata/procurement/third/images/kouhyou_pdf/0708.pdf,pdf,asdf_niigata,新潟分屯基地,航空自衛隊,2025,2025,6
https://www.mod.go.jp/asdf/niigata/procurement/third/images/kouhyou_pdf/0709.pdf,pdf,asdf_niigata,新潟分屯基地,航空自衛隊,2025,2025,4
https://www.mod.go.jp/asdf/niigata/procurement/third/images/kouhyou_pdf/0710.pdf,pdf,asdf_niigata,新潟分屯基地,航空自衛隊,2025,2025,3
https://www.mod.go.jp/asdf/niigata/procurement/third/images/kouhyou_pdf/0711.pdf,pdf,asdf_niigata,新潟分屯基地,航空自衛隊,2025,2025,2
https://www.mod.go.jp/asdf/niigata/procurement/third/images/kouhyou_pdf/0712.pdf,pdf,asdf_niigata,新潟分屯基地,航空自衛隊,2025,2025,1
https://www.mod.go.jp/asdf/niigata/procurement/third/images/kouhyou_pdf/0801.pdf,pdf,asdf_niigata,新潟分屯基地,航空自衛隊,2025,2025,1
https://www.mod.go.jp/asdf/niigata/procurement/third/images/kouhyou_pdf/0802.pdf,pdf,asdf_niigata,新潟分屯基地,航空自衛隊,2025,2025,2
https://www.mod.go.jp/asdf/nyutabaru/08cyoutatsu/pdf/tekiseika/tekiseika2204.pdf,pdf,asdf_nyutabaru,新田原基地,航空自衛隊,2022,2022,17
https://www.mod.go.jp/asdf/nyutabaru/08cyoutatsu/pdf/tekiseika/tekiseika2205.pdf,pdf,asdf_nyutabaru,新田原基地,航空自衛隊,2022,2022,7
https://www.mod.go.jp/asdf/nyutabaru/08cyoutatsu/pdf/tekiseika/tekiseika2206.pdf,pdf,asdf_nyutabaru,新田原基地,航空自衛隊,2022,2022,9
https://www.mod.go.jp/asdf/nyutabaru/08cyoutatsu/pdf/tekiseika/tekiseika2207.pdf,pdf,asdf_nyutabaru,新田原基地,航空自衛隊,2022,2022,9
https://www.mod.go.jp/asdf/nyutabaru/08cyoutatsu/pdf/tekiseika/tekiseika2208.pdf,pdf,asdf_nyutabaru,新田原基地,航空自衛隊,2022,2022,10
https://www.mod.go.jp/asdf/nyutabaru/08cyoutatsu/pdf/tekiseika/tekiseika2209.pdf,pdf,asdf_nyutabaru,新田原基地,航空自衛隊,2022,2022,6
https://www.mod.go.jp/asdf/nyutabaru/08cyoutatsu/pdf/tekiseika/tekiseika2210.pdf,pdf,asdf_nyutabaru,新田原基地,航空自衛隊,2022,2022,9
https://www.mod.go.jp/asdf/nyutabaru/08cyoutatsu/pdf/tekiseika/tekiseika2211.pdf,pdf,asdf_nyutabaru,新田原基地,航空自衛隊,2022,2022,16
https://www.mod.go.jp/asdf/nyutabaru/08cyoutatsu/pdf/tekiseika/tekiseika2212.pdf,pdf,asdf_nyutabaru,新田原基地,航空自衛隊,2022,2022,12
https://www.mod.go.jp/asdf/nyutabaru/08cyoutatsu/pdf/tekiseika/tekiseika2301.pdf,pdf,asdf_nyutabaru,新田原基地,航空自衛隊,2022,2022,12
https://www.mod.go.jp/asdf/nyutabaru/08cyoutatsu/pdf/tekiseika/tekiseika2302.pdf,pdf,asdf_nyutabaru,新田原基地,航空自衛隊,2022,2022,18
https://www.mod.go.jp/asdf/nyutabaru/08cyoutatsu/pdf/tekiseika/tekiseika2303.pdf,pdf,asdf_nyutabaru,新田原基地,航空自衛隊,2022,2022,4
https://www.mod.go.jp/asdf/nyutabaru/08cyoutatsu/pdf/tekiseika/tekiseika2304.pdf,pdf,asdf_nyutabaru,新田原基地,航空自衛隊,2023,2023,25
https://www.mod.go.jp/asdf/nyutabaru/08cyoutatsu/pdf/tekiseika/tekiseika2305.pdf,pdf,asdf_nyutabaru,新田原基地,航空自衛隊,2023,2023,15
https://www.mod.go.jp/asdf/nyutabaru/08cyoutatsu/pdf/tekiseika/tekiseika2306.pdf,pdf,asdf_nyutabaru,新田原基地,航空自衛隊,2023,2023,14
https://www.mod.go.jp/asdf/nyutabaru/08cyoutatsu/pdf/tekiseika/tekiseika2307.pdf,pdf,asdf_nyutabaru,新田原基地,航空自衛隊,2023,2023,24
https://www.mod.go.jp/asdf/nyutabaru/08cyoutatsu/pdf/tekiseika/tekiseika2308.pdf,pdf,asdf_nyutabaru,新田原基地,航空自衛隊,2023,2023,7
https://www.mod.go.jp/asdf/nyutabaru/08cyoutatsu/pdf/tekiseika/tekiseika2309.pdf,pdf,asdf_nyutabaru,新田原基地,航空自衛隊,2023,2023,29
https://www.mod.go.jp/asdf/nyutabaru/08cyoutatsu/pdf/tekiseika/tekiseika2310.pdf,pdf,asdf_nyutabaru,新田原基地,航空自衛隊,2023,2023,5
https://www.mod.go.jp/asdf/nyutabaru/08cyoutatsu/pdf/tekiseika/tekiseika2405.pdf,pdf,asdf_nyutabaru,新田原基地,航空自衛隊,2024,2024,6
https://www.mod.go.jp/asdf/nyutabaru/08cyoutatsu/pdf/tekiseika/tekiseika2407.pdf,pdf,asdf_nyutabaru,新田原基地,航空自衛隊,2024,2024,9
https://www.mod.go.jp/asdf/shizuhama/choutatsu/pdf/koukyoutyoutatuR6_10.pdf,pdf,asdf_shizuhama,静浜基地,航空自衛隊,2024,2024,1
https://www.mod.go.jp/asdf/shizuhama/choutatsu/pdf/koukyoutyoutatuR6_11.pdf,pdf,asdf_shizuhama,静浜基地,航空自衛隊,2024,2024,2
https://www.mod.go.jp/asdf/shizuhama/choutatsu/pdf/koukyoutyoutatuR6_12.pdf,pdf,asdf_shizuhama,静浜基地,航空自衛隊,2024,2024,13
https://www.mod.go.jp/asdf/shizuhama/choutatsu/pdf/koukyoutyoutatuR6_4.pdf,pdf,asdf_shizuhama,静浜基地,航空自衛隊,2024,2024,13
https://www.mod.go.jp/asdf/shizuhama/choutatsu/pdf/koukyoutyoutatuR6_5.pdf,pdf,asdf_shizuhama,静浜基地,航空自衛隊,2024,2024,12
https://www.mod.go.jp/asdf/shizuhama/choutatsu/pdf/koukyoutyoutatuR6_6.pdf,pdf,asdf_shizuhama,静浜基地,航空自衛隊,2024,2024,2
https://www.mod.go.jp/asdf/shizuhama/choutatsu/pdf/koukyoutyoutatuR6_7.pdf,pdf,asdf_shizuhama,静浜基地,航空自衛隊,2024,2024,1
https://www.mod.go.jp/asdf/shizuhama/choutatsu/pdf/koukyoutyoutatuR6_8.pdf,pdf,asdf_shizuhama,静浜基地,航空自衛隊,2024,2024,6
https://www.mod.go.jp/asdf/shizuhama/choutatsu/pdf/koukyoutyoutatuR6_9.1.pdf,pdf,asdf_shizuhama,静浜基地,航空自衛隊,2024,2024,6
https://www.mod.go.jp/asdf/shizuhama/choutatsu/pdf/koukyoutyoutatuR7.8.pdf,pdf,asdf_shizuhama,静浜基地,航空自衛隊,2025,2025,1
https://www.mod.go.jp/asdf/shizuhama/choutatsu/pdf/koukyoutyoutatuR7.9.pdf,pdf,asdf_shizuhama,静浜基地,航空自衛隊,2025,2025,3
https://www.mod.go.jp/asdf/shizuhama/choutatsu/pdf/koukyoutyoutatuR7_1.pdf,pdf,asdf_shizuhama,静浜基地,航空自衛隊,2024,2024,13
https://www.mod.go.jp/asdf/shizuhama/choutatsu/pdf/koukyoutyoutatuR7_12.pdf,pdf,asdf_shizuhama,静浜基地,航空自衛隊,2025,2025,8
https://www.mod.go.jp/asdf/shizuhama/choutatsu/pdf/koukyoutyoutatuR7_2.pdf,pdf,asdf_shizuhama,静浜基地,航空自衛隊,2024,2024,6
https://www.mod.go.jp/asdf/shizuhama/choutatsu/pdf/koukyoutyoutatuR7_4.pdf,pdf,asdf_shizuhama,静浜基地,航空自衛隊,2025,2025,8
https://www.mod.go.jp/asdf/shizuhama/choutatsu/pdf/koukyoutyoutatuR7_5.pdf,pdf,asdf_shizuhama,静浜基地,航空自衛隊,2025,2025,8
https://www.mod.go.jp/asdf/shizuhama/choutatsu/pdf/koukyoutyoutatuR7_6.pdf,pdf,asdf_shizuhama,静浜基地,航空自衛隊,2025,2025,1
https://www.mod.go.jp/asdf/shizuhama/choutatsu/pdf/koukyoutyoutatuR7_7.pdf,pdf,asdf_shizuhama,静浜基地,航空自衛隊,2025,2025,2
https://www.mod.go.jp/asdf/shizuhama/choutatsu/pdf/koukyoutyoutatuR8_1.pdf,pdf,asdf_shizuhama,静浜基地,航空自衛隊,2025,2025,6
https://www.mod.go.jp/asdf/shizuhama/choutatsu/pdf/koukyoutyoutatuR8_2.pdf,pdf,asdf_shizuhama,静浜基地,航空自衛隊,2025,2025,3
https://www.mod.go.jp/asdf/tsuiki/choutatsu/cyoutatujyouhou/r5/1.pdf,pdf,asdf_tsuiki,築城基地,航空自衛隊,2023,2023,10
https://www.mod.go.jp/asdf/tsuiki/choutatsu/cyoutatujyouhou/r5/10.pdf,pdf,asdf_tsuiki,築城基地,航空自衛隊,2023,2023,8
https://www.mod.go.jp/asdf/tsuiki/choutatsu/cyoutatujyouhou/r5/11.pdf,pdf,asdf_tsuiki,築城基地,航空自衛隊,2023,2023,24
https://www.mod.go.jp/asdf/tsuiki/choutatsu/cyoutatujyouhou/r5/2.pdf,pdf,asdf_tsuiki,築城基地,航空自衛隊,2023,2023,10
https://www.mod.go.jp/asdf/tsuiki/choutatsu/cyoutatujyouhou/r5/3.pdf,pdf,asdf_tsuiki,築城基地,航空自衛隊,2023,2023,12
https://www.mod.go.jp/asdf/tsuiki/choutatsu/cyoutatujyouhou/r5/4.pdf,pdf,asdf_tsuiki,築城基地,航空自衛隊,2023,2023,10
https://www.mod.go.jp/asdf/tsuiki/choutatsu/cyoutatujyouhou/r5/5.pdf,pdf,asdf_tsuiki,築城基地,航空自衛隊,2023,2023,6
https://www.mod.go.jp/asdf/tsuiki/choutatsu/cyoutatujyouhou/r5/6.pdf,pdf,asdf_tsuiki,築城基地,航空自衛隊,2023,2023,11
https://www.mod.go.jp/asdf/tsuiki/choutatsu/cyoutatujyouhou/r5/7.pdf,pdf,asdf_tsuiki,築城基地,航空自衛隊,2023,2023,13
https://www.mod.go.jp/asdf/tsuiki/choutatsu/cyoutatujyouhou/r5/8.pdf,pdf,asdf_tsuiki,築城基地,航空自衛隊,2023,2023,25
https://www.mod.go.jp/asdf/tsuiki/choutatsu/cyoutatujyouhou/r5/9.pdf,pdf,asdf_tsuiki,築城基地,航空自衛隊,2023,2023,11
https://www.mod.go.jp/asdf/tsuiki/choutatsu/cyoutatujyouhou/r6/10.pdf,pdf,asdf_tsuiki,築城基地,航空自衛隊,2024,2024,19
https://www.mod.go.jp/asdf/tsuiki/choutatsu/cyoutatujyouhou/r6/11.pdf,pdf,asdf_tsuiki,築城基地,航空自衛隊,2024,2024,16
https://www.mod.go.jp/asdf/tsuiki/choutatsu/cyoutatujyouhou/r6/12.pdf,pdf,asdf_tsuiki,築城基地,航空自衛隊,2024,2024,7
https://www.mod.go.jp/asdf/tsuiki/choutatsu/cyoutatujyouhou/r6/4.pdf,pdf,asdf_tsuiki,築城基地,航空自衛隊,2024,2024,8
https://www.mod.go.jp/asdf/tsuiki/choutatsu/cyoutatujyouhou/r6/5.pdf,pdf,asdf_tsuiki,築城基地,航空自衛隊,2024,2024,5
https://www.mod.go.jp/asdf/tsuiki/choutatsu/cyoutatujyouhou/r6/6.pdf,pdf,asdf_tsuiki,築城基地,航空自衛隊,2024,2024,6
https://www.mod.go.jp/asdf/tsuiki/choutatsu/cyoutatujyouhou/r6/7.pdf,pdf,asdf_tsuiki,築城基地,航空自衛隊,2024,2024,12
https://www.mod.go.jp/asdf/tsuiki/choutatsu/cyoutatujyouhou/r6/8.pdf,pdf,asdf_tsuiki,築城基地,航空自衛隊,2024,2024,8
https://www.mod.go.jp/asdf/tsuiki/choutatsu/cyoutatujyouhou/r6/9.pdf,pdf,asdf_tsuiki,築城基地,航空自衛隊,2024,2024,28
https://www.mod.go.jp/asdf/tsuiki/choutatsu/cyoutatujyouhou/r7/1.pdf,pdf,asdf_tsuiki,築城基地,航空自衛隊,2024,2024,21
https://www.mod.go.jp/asdf/tsuiki/choutatsu/cyoutatujyouhou/r7/10.pdf,pdf,asdf_tsuiki,築城基地,航空自衛隊,2025,2025,22
https://www.mod.go.jp/asdf/tsuiki/choutatsu/cyoutatujyouhou/r7/11.pdf,pdf,asdf_tsuiki,築城基地,航空自衛隊,2025,2025,3
https://www.mod.go.jp/asdf/tsuiki/choutatsu/cyoutatujyouhou/r7/12.pdf,pdf,asdf_tsuiki,築城基地,航空自衛隊,2025,2025,4
https://www.mod.go.jp/asdf/tsuiki/choutatsu/cyoutatujyouhou/r7/2.pdf,pdf,asdf_tsuiki,築城基地,航空自衛隊,2024,2024,24
https://www.mod.go.jp/asdf/tsuiki/choutatsu/cyoutatujyouhou/r7/4.pdf,pdf,asdf_tsuiki,築城基地,航空自衛隊,2025,2025,11
https://www.mod.go.jp/asdf/tsuiki/choutatsu/cyoutatujyouhou/r7/5.pdf,pdf,asdf_tsuiki,築城基地,航空自衛隊,2025,2025,3
https://www.mod.go.jp/asdf/tsuiki/choutatsu/cyoutatujyouhou/r7/6.pdf,pdf,asdf_tsuiki,築城基地,航空自衛隊,2025,2025,8
https://www.mod.go.jp/asdf/tsuiki/choutatsu/cyoutatujyouhou/r7/7.pdf,pdf,asdf_tsuiki,築城基地,航空自衛隊,2025,2025,10
https://www.mod.go.jp/asdf/tsuiki/choutatsu/cyoutatujyouhou/r7/8.pdf,pdf,asdf_tsuiki,築城基地,航空自衛隊,2025,2025,3
https://www.mod.go.jp/asdf/tsuiki/choutatsu/cyoutatujyouhou/r7/9.pdf,pdf,asdf_tsuiki,築城基地,航空自衛隊,2025,2025,4
https://www.mod.go.jp/asdf/yokota/060516_chotatsuApr06.pdf,pdf,asdf_yokota,横田基地,航空自衛隊,2024,2024,14
https://www.mod.go.jp/asdf/yokota/060701_chotatsuMay06.pdf,pdf,asdf_yokota,横田基地,航空自衛隊,2024,2024,9
https://www.mod.go.jp/asdf/yokota/060815_chotatsuJun06.pdf,pdf,asdf_yokota,横田基地,航空自衛隊,2024,2024,12
https://www.mod.go.jp/asdf/yokota/060906_chotatsuJul06.pdf,pdf,asdf_yokota,横田基地,航空自衛隊,2024,2024,3
https://www.mod.go.jp/asdf/yokota/061003_chotatsuAug06.pdf,pdf,asdf_yokota,横田基地,航空自衛隊,2024,2024,6
https://www.mod.go.jp/asdf/yokota/061106_chotatsuSep06.pdf,pdf,asdf_yokota,横田基地,航空自衛隊,2024,2024,5
https://www.mod.go.jp/asdf/yokota/070206_chotatsuDec06.pdf,pdf,asdf_yokota,横田基地,航空自衛隊,2024,2024,8
https://www.mod.go.jp/asdf/yokota/070306_chotatsuJan07.pdf,pdf,asdf_yokota,横田基地,航空自衛隊,2024,2024,18
https://www.mod.go.jp/atla/souhon/supply/jisseki/rakusatu/kohyo_r05/05_kyoso_kijunijo-01.xlsx,excel,atla,防衛装備庁 調達事業部（中央調達）,防衛装備庁,2023,2023,84
https://www.mod.go.jp/atla/souhon/supply/jisseki/rakusatu/kohyo_r05/05_kyoso_kijunijo-02.xlsx,excel,atla,防衛装備庁 調達事業部（中央調達）,防衛装備庁,2023,2023,95
https://www.mod.go.jp/atla/souhon/supply/jisseki/rakusatu/kohyo_r05/05_kyoso_kijunijo-03.xlsx,excel,atla,防衛装備庁 調達事業部（中央調達）,防衛装備庁,2023,2023,163
https://www.mod.go.jp/atla/souhon/supply/jisseki/rakusatu/kohyo_r05/05_kyoso_kijunijo-04.xlsx,excel,atla,防衛装備庁 調達事業部（中央調達）,防衛装備庁,2023,2023,14
https://www.mod.go.jp/atla/souhon/supply/jisseki/rakusatu/kohyo_r05/05_kyoso_kijunijo-05.xlsx,excel,atla,防衛装備庁 調達事業部（中央調達）,防衛装備庁,2023,2023,201
https://www.mod.go.jp/atla/souhon/supply/jisseki/rakusatu/kohyo_r05/05_kyoso_kijunijo-06.xlsx,excel,atla,防衛装備庁 調達事業部（中央調達）,防衛装備庁,2023,2023,71
https://www.mod.go.jp/atla/souhon/supply/jisseki/rakusatu/kohyo_r05/05_kyoso_kijunijo-07.xlsx,excel,atla,防衛装備庁 調達事業部（中央調達）,防衛装備庁,2023,2023,287
https://www.mod.go.jp/atla/souhon/supply/jisseki/rakusatu/kohyo_r05/05_kyoso_kijunijo-08.xlsx,excel,atla,防衛装備庁 調達事業部（中央調達）,防衛装備庁,2023,2023,317
https://www.mod.go.jp/atla/souhon/supply/jisseki/rakusatu/kohyo_r05/05_kyoso_kijunijo-09.xlsx,excel,atla,防衛装備庁 調達事業部（中央調達）,防衛装備庁,2023,2023,307
https://www.mod.go.jp/atla/souhon/supply/jisseki/rakusatu/kohyo_r05/05_kyoso_kijunijo-10.xlsx,excel,atla,防衛装備庁 調達事業部（中央調達）,防衛装備庁,2023,2023,312
https://www.mod.go.jp/atla/souhon/supply/jisseki/rakusatu/kohyo_r05/05_kyoso_kijunijo-11.xlsx,excel,atla,防衛装備庁 調達事業部（中央調達）,防衛装備庁,2023,2023,159
https://www.mod.go.jp/atla/souhon/supply/jisseki/rakusatu/kohyo_r05/05_kyoso_kijunijo-12.xlsx,excel,atla,防衛装備庁 調達事業部（中央調達）,防衛装備庁,2023,2023,384
https://www.mod.go.jp/atla/souhon/supply/jisseki/rakusatu/kohyo_r05/05_kyoso_kijunmiman-01.xlsx,excel,atla,防衛装備庁 調達事業部（中央調達）,防衛装備庁,2023,2023,3
https://www.mod.go.jp/atla/souhon/supply/jisseki/rakusatu/kohyo_r05/05_kyoso_kijunmiman-02.xlsx,excel,atla,防衛装備庁 調達事業部（中央調達）,防衛装備庁,2023,2023,21
https://www.mod.go.jp/atla/souhon/supply/jisseki/rakusatu/kohyo_r05/05_kyoso_kijunmiman-03.xlsx,excel,atla,防衛装備庁 調達事業部（中央調達）,防衛装備庁,2023,2023,8
https://www.mod.go.jp/atla/souhon/supply/jisseki/rakusatu/kohyo_r05/05_kyoso_kijunmiman-05.xlsx,excel,atla,防衛装備庁 調達事業部（中央調達）,防衛装備庁,2023,2023,66
https://www.mod.go.jp/atla/souhon/supply/jisseki/rakusatu/kohyo_r05/05_kyoso_kijunmiman-06.xlsx,excel,atla,防衛装備庁 調達事業部（中央調達）,防衛装備庁,2023,2023,7
https://www.mod.go.jp/atla/souhon/supply/jisseki/rakusatu/kohyo_r05/05_kyoso_kijunmiman-07.xlsx,excel,atla,防衛装備庁 調達事業部（中央調達）,防衛装備庁,2023,2023,70
https://www.mod.go.jp/atla/souhon/supply/jisseki/rakusatu/kohyo_r05/05_kyoso_kijunmiman-08.xlsx,excel,atla,防衛装備庁 調達事業部（中央調達）,防衛装備庁,2023,2023,38
https://www.mod.go.jp/atla/souhon/supply/jisseki/rakusatu/kohyo_r05/05_kyoso_kijunmiman-09.xlsx,excel,atla,防衛装備庁 調達事業部（中央調達）,防衛装備庁,2023,2023,27
https://www.mod.go.jp/atla/souhon/supply/jisseki/rakusatu/kohyo_r05/05_kyoso_kijunmiman-10.xlsx,excel,atla,防衛装備庁 調達事業部（中央調達）,防衛装備庁,2023,2023,53
https://www.mod.go.jp/atla/souhon/supply/jisseki/rakusatu/kohyo_r05/05_kyoso_kijunmiman-11.xlsx,excel,atla,防衛装備庁 調達事業部（中央調達）,防衛装備庁,2023,2023,15
https://www.mod.go.jp/atla/souhon/supply/jisseki/rakusatu/kohyo_r05/05_kyoso_kijunmiman-12.xlsx,excel,atla,防衛装備庁 調達事業部（中央調達）,防衛装備庁,2023,2023,80
https://www.mod.go.jp/atla/souhon/supply/jisseki/rakusatu/kohyo_r05/05_zuikei_kijunijo-01.xlsx,excel,atla,防衛装備庁 調達事業部（中央調達）,防衛装備庁,2023,2023,310
https://www.mod.go.jp/atla/souhon/supply/jisseki/rakusatu/kohyo_r05/05_zuikei_kijunijo-02.xlsx,excel,atla,防衛装備庁 調達事業部（中央調達）,防衛装備庁,2023,2023,354
https://www.mod.go.jp/atla/souhon/supply/jisseki/rakusatu/kohyo_r05/05_zuikei_kijunijo-03.xlsx,excel,atla,防衛装備庁 調達事業部（中央調達）,防衛装備庁,2023,2023,1452
https://www.mod.go.jp/atla/souhon/supply/jisseki/rakusatu/kohyo_r05/05_zuikei_kijunijo-04.xlsx,excel,atla,防衛装備庁 調達事業部（中央調達）,防衛装備庁,2023,2023,42
https://www.mod.go.jp/atla/souhon/supply/jisseki/rakusatu/kohyo_r05/05_zuikei_kijunijo-05.xlsx,excel,atla,防衛装備庁 調達事業部（中央調達）,防衛装備庁,2023,2023,41
https://www.mod.go.jp/atla/souhon/supply/jisseki/rakusatu/kohyo_r05/05_zuikei_kijunijo-06.xlsx,excel,atla,防衛装備庁 調達事業部（中央調達）,防衛装備庁,2023,2023,112
https://www.mod.go.jp/atla/souhon/supply/jisseki/rakusatu/kohyo_r05/05_zuikei_kijunijo-07.xlsx,excel,atla,防衛装備庁 調達事業部（中央調達）,防衛装備庁,2023,2023,186
https://www.mod.go.jp/atla/souhon/supply/jisseki/rakusatu/kohyo_r05/05_zuikei_kijunijo-08.xlsx,excel,atla,防衛装備庁 調達事業部（中央調達）,防衛装備庁,2023,2023,337
https://www.mod.go.jp/atla/souhon/supply/jisseki/rakusatu/kohyo_r05/05_zuikei_kijunijo-09.xlsx,excel,atla,防衛装備庁 調達事業部（中央調達）,防衛装備庁,2023,2023,289
https://www.mod.go.jp/atla/souhon/supply/jisseki/rakusatu/kohyo_r05/05_zuikei_kijunijo-10.xlsx,excel,atla,防衛装備庁 調達事業部（中央調達）,防衛装備庁,2023,2023,393
https://www.mod.go.jp/atla/souhon/supply/jisseki/rakusatu/kohyo_r05/05_zuikei_kijunijo-11.xlsx,excel,atla,防衛装備庁 調達事業部（中央調達）,防衛装備庁,2023,2023,337
https://www.mod.go.jp/atla/souhon/supply/jisseki/rakusatu/kohyo_r05/05_zuikei_kijunijo-12.xlsx,excel,atla,防衛装備庁 調達事業部（中央調達）,防衛装備庁,2023,2023,397
https://www.mod.go.jp/atla/souhon/supply/jisseki/rakusatu/kohyo_r05/05_zuikei_kijunmiman-01.xlsx,excel,atla,防衛装備庁 調達事業部（中央調達）,防衛装備庁,2023,2023,23
https://www.mod.go.jp/atla/souhon/supply/jisseki/rakusatu/kohyo_r05/05_zuikei_kijunmiman-02.xlsx,excel,atla,防衛装備庁 調達事業部（中央調達）,防衛装備庁,2023,2023,15
https://www.mod.go.jp/atla/souhon/supply/jisseki/rakusatu/kohyo_r05/05_zuikei_kijunmiman-03.xlsx,excel,atla,防衛装備庁 調達事業部（中央調達）,防衛装備庁,2023,2023,13
https://www.mod.go.jp/atla/souhon/supply/jisseki/rakusatu/kohyo_r05/05_zuikei_kijunmiman-04.xlsx,excel,atla,防衛装備庁 調達事業部（中央調達）,防衛装備庁,2023,2023,3
https://www.mod.go.jp/atla/souhon/supply/jisseki/rakusatu/kohyo_r05/05_zuikei_kijunmiman-05.xlsx,excel,atla,防衛装備庁 調達事業部（中央調達）,防衛装備庁,2023,2023,2
https://www.mod.go.jp/atla/souhon/supply/jisseki/rakusatu/kohyo_r05/05_zuikei_kijunmiman-06.xlsx,excel,atla,防衛装備庁 調達事業部（中央調達）,防衛装備庁,2023,2023,7
https://www.mod.go.jp/atla/souhon/supply/jisseki/rakusatu/kohyo_r05/05_zuikei_kijunmiman-07.xlsx,excel,atla,防衛装備庁 調達事業部（中央調達）,防衛装備庁,2023,2023,18
https://www.mod.go.jp/atla/souhon/supply/jisseki/rakusatu/kohyo_r05/05_zuikei_kijunmiman-08.xlsx,excel,atla,防衛装備庁 調達事業部（中央調達）,防衛装備庁,2023,2023,37
https://www.mod.go.jp/atla/souhon/supply/jisseki/rakusatu/kohyo_r05/05_zuikei_kijunmiman-09.xlsx,excel,atla,防衛装備庁 調達事業部（中央調達）,防衛装備庁,2023,2023,21
https://www.mod.go.jp/atla/souhon/supply/jisseki/rakusatu/kohyo_r05/05_zuikei_kijunmiman-10.xlsx,excel,atla,防衛装備庁 調達事業部（中央調達）,防衛装備庁,2023,2023,31
https://www.mod.go.jp/atla/souhon/supply/jisseki/rakusatu/kohyo_r05/05_zuikei_kijunmiman-11.xlsx,excel,atla,防衛装備庁 調達事業部（中央調達）,防衛装備庁,2023,2023,25
https://www.mod.go.jp/atla/souhon/supply/jisseki/rakusatu/kohyo_r05/05_zuikei_kijunmiman-12.xlsx,excel,atla,防衛装備庁 調達事業部（中央調達）,防衛装備庁,2023,2023,26
https://www.mod.go.jp/atla/souhon/supply/jisseki/rakusatu/kohyo_r06/06_kyoso_kijunijo-01.xlsx,excel,atla,防衛装備庁 調達事業部（中央調達）,防衛装備庁,2024,2024,142
https://www.mod.go.jp/atla/souhon/supply/jisseki/rakusatu/kohyo_r06/06_kyoso_kijunijo-02.xlsx,excel,atla,防衛装備庁 調達事業部（中央調達）,防衛装備庁,2024,2024,90
https://www.mod.go.jp/atla/souhon/supply/jisseki/rakusatu/kohyo_r06/06_kyoso_kijunijo-03.xlsx,excel,atla,防衛装備庁 調達事業部（中央調達）,防衛装備庁,2024,2024,189
https://www.mod.go.jp/atla/souhon/supply/jisseki/rakusatu/kohyo_r06/06_kyoso_kijunijo-04.xlsx,excel,atla,防衛装備庁 調達事業部（中央調達）,防衛装備庁,2024,2024,44
https://www.mod.go.jp/atla/souhon/supply/jisseki/rakusatu/kohyo_r06/06_kyoso_kijunijo-05.xlsx,excel,atla,防衛装備庁 調達事業部（中央調達）,防衛装備庁,2024,2024,227
https://www.mod.go.jp/atla/souhon/supply/jisseki/rakusatu/kohyo_r06/06_kyoso_kijunijo-06.xlsx,excel,atla,防衛装備庁 調達事業部（中央調達）,防衛装備庁,2024,2024,74
https://www.mod.go.jp/atla/souhon/supply/jisseki/rakusatu/kohyo_r06/06_kyoso_kijunijo-07.xlsx,excel,atla,防衛装備庁 調達事業部（中央調達）,防衛装備庁,2024,2024,404
https://www.mod.go.jp/atla/souhon/supply/jisseki/rakusatu/kohyo_r06/06_kyoso_kijunijo-08.xlsx,excel,atla,防衛装備庁 調達事業部（中央調達）,防衛装備庁,2024,2024,162
https://www.mod.go.jp/atla/souhon/supply/jisseki/rakusatu/kohyo_r06/06_kyoso_kijunijo-09.xlsx,excel,atla,防衛装備庁 調達事業部（中央調達）,防衛装備庁,2024,2024,429
https://www.mod.go.jp/atla/souhon/supply/jisseki/rakusatu/kohyo_r06/06_kyoso_kijunijo-10.xlsx,excel,atla,防衛装備庁 調達事業部（中央調達）,防衛装備庁,2024,2024,265
https://www.mod.go.jp/atla/souhon/supply/jisseki/rakusatu/kohyo_r06/06_kyoso_kijunijo-11.xlsx,excel,atla,防衛装備庁 調達事業部（中央調達）,防衛装備庁,2024,2024,211
https://www.mod.go.jp/atla/souhon/supply/jisseki/rakusatu/kohyo_r06/06_kyoso_kijunijo-12.xlsx,excel,atla,防衛装備庁 調達事業部（中央調達）,防衛装備庁,2024,2024,334
https://www.mod.go.jp/atla/souhon/supply/jisseki/rakusatu/kohyo_r06/06_kyoso_kijunmiman-01.xlsx,excel,atla,防衛装備庁 調達事業部（中央調達）,防衛装備庁,2024,2024,23
https://www.mod.go.jp/atla/souhon/supply/jisseki/rakusatu/kohyo_r06/06_kyoso_kijunmiman-02.xlsx,excel,atla,防衛装備庁 調達事業部（中央調達）,防衛装備庁,2024,2024,11
https://www.mod.go.jp/atla/souhon/supply/jisseki/rakusatu/kohyo_r06/06_kyoso_kijunmiman-03.xlsx,excel,atla,防衛装備庁 調達事業部（中央調達）,防衛装備庁,2024,2024,5
https://www.mod.go.jp/atla/souhon/supply/jisseki/rakusatu/kohyo_r06/06_kyoso_kijunmiman-04.xlsx,excel,atla,防衛装備庁 調達事業部（中央調達）,防衛装備庁,2024,2024,3
https://www.mod.go.jp/atla/souhon/supply/jisseki/rakusatu/kohyo_r06/06_kyoso_kijunmiman-05.xlsx,excel,atla,防衛装備庁 調達事業部（中央調達）,防衛装備庁,2024,2024,59
https://www.mod.go.jp/atla/souhon/supply/jisseki/rakusatu/kohyo_r06/06_kyoso_kijunmiman-06.xlsx,excel,atla,防衛装備庁 調達事業部（中央調達）,防衛装備庁,2024,2024,13
https://www.mod.go.jp/atla/souhon/supply/jisseki/rakusatu/kohyo_r06/06_kyoso_kijunmiman-07.xlsx,excel,atla,防衛装備庁 調達事業部（中央調達）,防衛装備庁,2024,2024,78
https://www.mod.go.jp/atla/souhon/supply/jisseki/rakusatu/kohyo_r06/06_kyoso_kijunmiman-08.xlsx,excel,atla,防衛装備庁 調達事業部（中央調達）,防衛装備庁,2024,2024,17
https://www.mod.go.jp/atla/souhon/supply/jisseki/rakusatu/kohyo_r06/06_kyoso_kijunmiman-09.xlsx,excel,atla,防衛装備庁 調達事業部（中央調達）,防衛装備庁,2024,2024,64
https://www.mod.go.jp/atla/souhon/supply/jisseki/rakusatu/kohyo_r06/06_kyoso_kijunmiman-10.xlsx,excel,atla,防衛装備庁 調達事業部（中央調達）,防衛装備庁,2024,2024,25
https://www.mod.go.jp/atla/souhon/supply/jisseki/rakusatu/kohyo_r06/06_kyoso_kijunmiman-11.xlsx,excel,atla,防衛装備庁 調達事業部（中央調達）,防衛装備庁,2024,2024,22
https://www.mod.go.jp/atla/souhon/supply/jisseki/rakusatu/kohyo_r06/06_kyoso_kijunmiman-12.xlsx,excel,atla,防衛装備庁 調達事業部（中央調達）,防衛装備庁,2024,2024,53
https://www.mod.go.jp/atla/souhon/supply/jisseki/rakusatu/kohyo_r06/06_zuikei_kijunijo-01.xlsx,excel,atla,防衛装備庁 調達事業部（中央調達）,防衛装備庁,2024,2024,360
https://www.mod.go.jp/atla/souhon/supply/jisseki/rakusatu/kohyo_r06/06_zuikei_kijunijo-02.xlsx,excel,atla,防衛装備庁 調達事業部（中央調達）,防衛装備庁,2024,2024,386
https://www.mod.go.jp/atla/souhon/supply/jisseki/rakusatu/kohyo_r06/06_zuikei_kijunijo-03.xlsx,excel,atla,防衛装備庁 調達事業部（中央調達）,防衛装備庁,2024,2024,1669
https://www.mod.go.jp/atla/souhon/supply/jisseki/rakusatu/kohyo_r06/06_zuikei_kijunijo-04.xlsx,excel,atla,防衛装備庁 調達事業部（中央調達）,防衛装備庁,2024,2024,40
https://www.mod.go.jp/atla/souhon/supply/jisseki/rakusatu/kohyo_r06/06_zuikei_kijunijo-05.xlsx,excel,atla,防衛装備庁 調達事業部（中央調達）,防衛装備庁,2024,2024,46
https://www.mod.go.jp/atla/souhon/supply/jisseki/rakusatu/kohyo_r06/06_zuikei_kijunijo-06.xlsx,excel,atla,防衛装備庁 調達事業部（中央調達）,防衛装備庁,2024,2024,119
https://www.mod.go.jp/atla/souhon/supply/jisseki/rakusatu/kohyo_r06/06_zuikei_kijunijo-07.xlsx,excel,atla,防衛装備庁 調達事業部（中央調達）,防衛装備庁,2024,2024,255
https://www.mod.go.jp/atla/souhon/supply/jisseki/rakusatu/kohyo_r06/06_zuikei_kijunijo-08.xlsx,excel,atla,防衛装備庁 調達事業部（中央調達）,防衛装備庁,2024,2024,232
https://www.mod.go.jp/atla/souhon/supply/jisseki/rakusatu/kohyo_r06/06_zuikei_kijunijo-09.xlsx,excel,atla,防衛装備庁 調達事業部（中央調達）,防衛装備庁,2024,2024,304
https://www.mod.go.jp/atla/souhon/supply/jisseki/rakusatu/kohyo_r06/06_zuikei_kijunijo-10.xlsx,excel,atla,防衛装備庁 調達事業部（中央調達）,防衛装備庁,2024,2024,380
https://www.mod.go.jp/atla/souhon/supply/jisseki/rakusatu/kohyo_r06/06_zuikei_kijunijo-11.xlsx,excel,atla,防衛装備庁 調達事業部（中央調達）,防衛装備庁,2024,2024,403
https://www.mod.go.jp/atla/souhon/supply/jisseki/rakusatu/kohyo_r06/06_zuikei_kijunijo-12.xlsx,excel,atla,防衛装備庁 調達事業部（中央調達）,防衛装備庁,2024,2024,405
https://www.mod.go.jp/atla/souhon/supply/jisseki/rakusatu/kohyo_r06/06_zuikei_kijunmiman-01.xlsx,excel,atla,防衛装備庁 調達事業部（中央調達）,防衛装備庁,2024,2024,23
https://www.mod.go.jp/atla/souhon/supply/jisseki/rakusatu/kohyo_r06/06_zuikei_kijunmiman-02.xlsx,excel,atla,防衛装備庁 調達事業部（中央調達）,防衛装備庁,2024,2024,12
https://www.mod.go.jp/atla/souhon/supply/jisseki/rakusatu/kohyo_r06/06_zuikei_kijunmiman-03.xlsx,excel,atla,防衛装備庁 調達事業部（中央調達）,防衛装備庁,2024,2024,27
https://www.mod.go.jp/atla/souhon/supply/jisseki/rakusatu/kohyo_r06/06_zuikei_kijunmiman-04.xlsx,excel,atla,防衛装備庁 調達事業部（中央調達）,防衛装備庁,2024,2024,4
https://www.mod.go.jp/atla/souhon/supply/jisseki/rakusatu/kohyo_r06/06_zuikei_kijunmiman-05.xlsx,excel,atla,防衛装備庁 調達事業部（中央調達）,防衛装備庁,2024,2024,1
https://www.mod.go.jp/atla/souhon/supply/jisseki/rakusatu/kohyo_r06/06_zuikei_kijunmiman-06.xlsx,excel,atla,防衛装備庁 調達事業部（中央調達）,防衛装備庁,2024,2024,11
https://www.mod.go.jp/atla/souhon/supply/jisseki/rakusatu/kohyo_r06/06_zuikei_kijunmiman-07.xlsx,excel,atla,防衛装備庁 調達事業部（中央調達）,防衛装備庁,2024,2024,40
https://www.mod.go.jp/atla/souhon/supply/jisseki/rakusatu/kohyo_r06/06_zuikei_kijunmiman-08.xlsx,excel,atla,防衛装備庁 調達事業部（中央調達）,防衛装備庁,2024,2024,27
https://www.mod.go.jp/atla/souhon/supply/jisseki/rakusatu/kohyo_r06/06_zuikei_kijunmiman-09.xlsx,excel,atla,防衛装備庁 調達事業部（中央調達）,防衛装備庁,2024,2024,28
https://www.mod.go.jp/atla/souhon/supply/jisseki/rakusatu/kohyo_r06/06_zuikei_kijunmiman-10.xlsx,excel,atla,防衛装備庁 調達事業部（中央調達）,防衛装備庁,2024,2024,11
https://www.mod.go.jp/atla/souhon/supply/jisseki/rakusatu/kohyo_r06/06_zuikei_kijunmiman-11.xlsx,excel,atla,防衛装備庁 調達事業部（中央調達）,防衛装備庁,2024,2024,29
https://www.mod.go.jp/atla/souhon/supply/jisseki/rakusatu/kohyo_r06/06_zuikei_kijunmiman-12.xlsx,excel,atla,防衛装備庁 調達事業部（中央調達）,防衛装備庁,2024,2024,20
https://www.mod.go.jp/atla/souhon/supply/jisseki/rakusatu/kohyo_r07/07_kyoso-01.xlsx,excel,atla,防衛装備庁 調達事業部（中央調達）,防衛装備庁,2025,2025,95
https://www.mod.go.jp/atla/souhon/supply/jisseki/rakusatu/kohyo_r07/07_kyoso-02.xlsx,excel,atla,防衛装備庁 調達事業部（中央調達）,防衛装備庁,2025,2025,102
https://www.mod.go.jp/atla/souhon/supply/jisseki/rakusatu/kohyo_r07/07_kyoso-03.xlsx,excel,atla,防衛装備庁 調達事業部（中央調達）,防衛装備庁,2025,2025,151
https://www.mod.go.jp/atla/souhon/supply/jisseki/rakusatu/kohyo_r07/07_kyoso-04.xlsx,excel,atla,防衛装備庁 調達事業部（中央調達）,防衛装備庁,2025,2025,1
https://www.mod.go.jp/atla/souhon/supply/jisseki/rakusatu/kohyo_r07/07_kyoso-05.xlsx,excel,atla,防衛装備庁 調達事業部（中央調達）,防衛装備庁,2025,2025,300
https://www.mod.go.jp/atla/souhon/supply/jisseki/rakusatu/kohyo_r07/07_kyoso-06.xlsx,excel,atla,防衛装備庁 調達事業部（中央調達）,防衛装備庁,2025,2025,72
https://www.mod.go.jp/atla/souhon/supply/jisseki/rakusatu/kohyo_r07/07_kyoso-07.xlsx,excel,atla,防衛装備庁 調達事業部（中央調達）,防衛装備庁,2025,2025,344
https://www.mod.go.jp/atla/souhon/supply/jisseki/rakusatu/kohyo_r07/07_kyoso-08.xlsx,excel,atla,防衛装備庁 調達事業部（中央調達）,防衛装備庁,2025,2025,246
https://www.mod.go.jp/atla/souhon/supply/jisseki/rakusatu/kohyo_r07/07_kyoso-09.xlsx,excel,atla,防衛装備庁 調達事業部（中央調達）,防衛装備庁,2025,2025,506
https://www.mod.go.jp/atla/souhon/supply/jisseki/rakusatu/kohyo_r07/07_kyoso-10.xlsx,excel,atla,防衛装備庁 調達事業部（中央調達）,防衛装備庁,2025,2025,269
https://www.mod.go.jp/atla/souhon/supply/jisseki/rakusatu/kohyo_r07/07_kyoso-11.xlsx,"excel,warp_crawler",atla,防衛装備庁 調達事業部（中央調達）,防衛装備庁,2025,2025,181
https://www.mod.go.jp/atla/souhon/supply/jisseki/rakusatu/kohyo_r07/07_kyoso-12.xlsx,"excel,warp_crawler",atla,防衛装備庁 調達事業部（中央調達）,防衛装備庁,2025,2025,443
https://www.mod.go.jp/atla/souhon/supply/jisseki/rakusatu/kohyo_r07/07_tokutei-12.xlsx,excel,atla,防衛装備庁 調達事業部（中央調達）,防衛装備庁,2025,2025,1
https://www.mod.go.jp/atla/souhon/supply/jisseki/rakusatu/kohyo_r07/07_zuikei-01.xlsx,"excel,warp_crawler",atla,防衛装備庁 調達事業部（中央調達）,防衛装備庁,2025,2025,348
https://www.mod.go.jp/atla/souhon/supply/jisseki/rakusatu/kohyo_r07/07_zuikei-02.xlsx,excel,atla,防衛装備庁 調達事業部（中央調達）,防衛装備庁,2025,2025,395
https://www.mod.go.jp/atla/souhon/supply/jisseki/rakusatu/kohyo_r07/07_zuikei-03.xlsx,excel,atla,防衛装備庁 調達事業部（中央調達）,防衛装備庁,2025,2025,992
https://www.mod.go.jp/atla/souhon/supply/jisseki/rakusatu/kohyo_r07/07_zuikei-04.xlsx,excel,atla,防衛装備庁 調達事業部（中央調達）,防衛装備庁,2025,2025,33
https://www.mod.go.jp/atla/souhon/supply/jisseki/rakusatu/kohyo_r07/07_zuikei-05.xlsx,excel,atla,防衛装備庁 調達事業部（中央調達）,防衛装備庁,2025,2025,23
https://www.mod.go.jp/atla/souhon/supply/jisseki/rakusatu/kohyo_r07/07_zuikei-06.xlsx,excel,atla,防衛装備庁 調達事業部（中央調達）,防衛装備庁,2025,2025,72
https://www.mod.go.jp/atla/souhon/supply/jisseki/rakusatu/kohyo_r07/07_zuikei-07.xlsx,excel,atla,防衛装備庁 調達事業部（中央調達）,防衛装備庁,2025,2025,202
https://www.mod.go.jp/atla/souhon/supply/jisseki/rakusatu/kohyo_r07/07_zuikei-08.xlsx,excel,atla,防衛装備庁 調達事業部（中央調達）,防衛装備庁,2025,2025,206
https://www.mod.go.jp/atla/souhon/supply/jisseki/rakusatu/kohyo_r07/07_zuikei-09.xlsx,"excel,warp_crawler",atla,防衛装備庁 調達事業部（中央調達）,防衛装備庁,2025,2025,296
https://www.mod.go.jp/atla/souhon/supply/jisseki/rakusatu/kohyo_r07/07_zuikei-10.xlsx,"excel,warp_crawler",atla,防衛装備庁 調達事業部（中央調達）,防衛装備庁,2025,2025,408
https://www.mod.go.jp/atla/souhon/supply/jisseki/rakusatu/kohyo_r07/07_zuikei-11.xlsx,excel,atla,防衛装備庁 調達事業部（中央調達）,防衛装備庁,2025,2025,394
https://www.mod.go.jp/atla/souhon/supply/jisseki/rakusatu/kohyo_r07/07_zuikei-12.xlsx,"excel,warp_crawler",atla,防衛装備庁 調達事業部（中央調達）,防衛装備庁,2025,2025,515
https://www.mod.go.jp/atla/data/info/ny_chitose/pdf_ichiran/r06/06-ekimu-kyousou-sa-01.pdf,pdf,atla_chitose,千歳試験場,防衛装備庁,2024,2024,2
https://www.mod.go.jp/atla/data/info/ny_chitose/pdf_ichiran/r06/06-ekimu-kyousou-sa-03.pdf,pdf,atla_chitose,千歳試験場,防衛装備庁,2024,2024,1
https://www.mod.go.jp/atla/data/info/ny_chitose/pdf_ichiran/r06/06-ekimu-kyousou-sa-04.pdf,pdf,atla_chitose,千歳試験場,防衛装備庁,2024,2024,7
https://www.mod.go.jp/atla/data/info/ny_chitose/pdf_ichiran/r06/06-ekimu-kyousou-sa-05.pdf,pdf,atla_chitose,千歳試験場,防衛装備庁,2024,2024,3
https://www.mod.go.jp/atla/data/info/ny_chitose/pdf_ichiran/r06/06-ekimu-kyousou-sa-06.pdf,pdf,atla_chitose,千歳試験場,防衛装備庁,2024,2024,4
https://www.mod.go.jp/atla/data/info/ny_chitose/pdf_ichiran/r06/06-ekimu-kyousou-sa-07.pdf,pdf,atla_chitose,千歳試験場,防衛装備庁,2024,2024,3
https://www.mod.go.jp/atla/data/info/ny_chitose/pdf_ichiran/r06/06-ekimu-kyousou-sa-08.pdf,pdf,atla_chitose,千歳試験場,防衛装備庁,2024,2024,2
https://www.mod.go.jp/atla/data/info/ny_chitose/pdf_ichiran/r06/06-ekimu-kyousou-sa-09.pdf,pdf,atla_chitose,千歳試験場,防衛装備庁,2024,2024,2
https://www.mod.go.jp/atla/data/info/ny_chitose/pdf_ichiran/r06/06-ekimu-kyousou-sa-10.pdf,pdf,atla_chitose,千歳試験場,防衛装備庁,2024,2024,2
https://www.mod.go.jp/atla/data/info/ny_chitose/pdf_ichiran/r06/06-ekimu-kyousou-sa-11.pdf,pdf,atla_chitose,千歳試験場,防衛装備庁,2024,2024,1
https://www.mod.go.jp/atla/data/info/ny_chitose/pdf_ichiran/r06/06-ekimu-kyousou-sa-12.pdf,pdf,atla_chitose,千歳試験場,防衛装備庁,2024,2024,1
https://www.mod.go.jp/atla/data/info/ny_chitose/pdf_ichiran/r06/06-ekimu-zuikei-sa-01.pdf,pdf,atla_chitose,千歳試験場,防衛装備庁,2024,2024,1
https://www.mod.go.jp/atla/data/info/ny_chitose/pdf_ichiran/r06/06-ekimu-zuikei-sa-02.pdf,pdf,atla_chitose,千歳試験場,防衛装備庁,2024,2024,1
https://www.mod.go.jp/atla/data/info/ny_chitose/pdf_ichiran/r06/06-ekimu-zuikei-sa-05.pdf,pdf,atla_chitose,千歳試験場,防衛装備庁,2024,2024,1
https://www.mod.go.jp/atla/data/info/ny_chitose/pdf_ichiran/r06/06-ekimu-zuikei-sa-06.pdf,pdf,atla_chitose,千歳試験場,防衛装備庁,2024,2024,2
https://www.mod.go.jp/atla/data/info/ny_chitose/pdf_ichiran/r06/06-ekimu-zuikei-sa-10.pdf,pdf,atla_chitose,千歳試験場,防衛装備庁,2024,2024,1
https://www.mod.go.jp/atla/data/info/ny_chitose/pdf_ichiran/r07/07-ekimu-kyousou-sa-02.pdf,pdf,atla_chitose,千歳試験場,防衛装備庁,2025,2025,1
https://www.mod.go.jp/atla/data/info/ny_chitose/pdf_ichiran/r07/07-ekimu-kyousou-sa-04.pdf,pdf,atla_chitose,千歳試験場,防衛装備庁,2025,2025,7
https://www.mod.go.jp/atla/data/info/ny_chitose/pdf_ichiran/r07/07-ekimu-kyousou-sa-05.pdf,pdf,atla_chitose,千歳試験場,防衛装備庁,2025,2025,2
https://www.mod.go.jp/atla/data/info/ny_chitose/pdf_ichiran/r07/07-ekimu-kyousou-sa-06.pdf,pdf,atla_chitose,千歳試験場,防衛装備庁,2025,2025,3
https://www.mod.go.jp/atla/data/info/ny_chitose/pdf_ichiran/r07/07-ekimu-kyousou-sa-07.pdf,pdf,atla_chitose,千歳試験場,防衛装備庁,2025,2025,3
https://www.mod.go.jp/atla/data/info/ny_chitose/pdf_ichiran/r07/07-ekimu-kyousou-sa-08.pdf,pdf,atla_chitose,千歳試験場,防衛装備庁,2025,2025,1
https://www.mod.go.jp/atla/data/info/ny_chitose/pdf_ichiran/r07/07-ekimu-kyousou-sa-09.pdf,pdf,atla_chitose,千歳試験場,防衛装備庁,2025,2025,2
https://www.mod.go.jp/atla/data/info/ny_chitose/pdf_ichiran/r07/07-ekimu-kyousou-sa-10.pdf,pdf,atla_chitose,千歳試験場,防衛装備庁,2025,2025,1
https://www.mod.go.jp/atla/data/info/ny_chitose/pdf_ichiran/r07/07-ekimu-zuikei-sa-04.pdf,pdf,atla_chitose,千歳試験場,防衛装備庁,2025,2025,1
https://www.mod.go.jp/atla/data/info/ny_chitose/pdf_ichiran/r07/07-ekimu-zuikei-sa-05.pdf,pdf,atla_chitose,千歳試験場,防衛装備庁,2025,2025,1
https://www.mod.go.jp/atla/data/info/ny_chitose/pdf_ichiran/r07/07-ekimu-zuikei-sa-07.pdf,pdf,atla_chitose,千歳試験場,防衛装備庁,2025,2025,1
https://www.mod.go.jp/atla/data/info/ny_chitose/pdf_ichiran/r07/07-ekimu-zuikei-sa-08.pdf,pdf,atla_chitose,千歳試験場,防衛装備庁,2025,2025,1
https://www.mod.go.jp/atla/data/info/ny_chitose/pdf_ichiran/r07/07-ekimu-zuikei-sa-10.pdf,pdf,atla_chitose,千歳試験場,防衛装備庁,2025,2025,1
https://www.mod.go.jp/atla/data/info/ny_disti/pdf_ichiran/r06/06-ekimu-kyousou-disti-01.pdf,pdf,atla_disti,防衛イノベーション科学技術研究所,防衛装備庁,2024,2024,2
https://www.mod.go.jp/atla/data/info/ny_disti/pdf_ichiran/r06/06-ekimu-kyousou-disti-02.pdf,pdf,atla_disti,防衛イノベーション科学技術研究所,防衛装備庁,2024,2024,2
https://www.mod.go.jp/atla/data/info/ny_disti/pdf_ichiran/r06/06-ekimu-kyousou-disti-03.pdf,pdf,atla_disti,防衛イノベーション科学技術研究所,防衛装備庁,2024,2024,1
https://www.mod.go.jp/atla/data/info/ny_disti/pdf_ichiran/r06/06-ekimu-kyousou-disti-10.pdf,pdf,atla_disti,防衛イノベーション科学技術研究所,防衛装備庁,2024,2024,1
https://www.mod.go.jp/atla/data/info/ny_disti/pdf_ichiran/r06/06-ekimu-zuikei-disti-02.pdf,pdf,atla_disti,防衛イノベーション科学技術研究所,防衛装備庁,2024,2024,1
https://www.mod.go.jp/atla/data/info/ny_disti/pdf_ichiran/r06/06-ekimu-zuikei-disti-03.pdf,pdf,atla_disti,防衛イノベーション科学技術研究所,防衛装備庁,2024,2024,15
https://www.mod.go.jp/atla/data/info/ny_disti/pdf_ichiran/r06/06-ekimu-zuikei-disti-10.pdf,pdf,atla_disti,防衛イノベーション科学技術研究所,防衛装備庁,2024,2024,14
https://www.mod.go.jp/atla/data/info/ny_disti/pdf_ichiran/r06/06-ekimu-zuikei-disti-11.pdf,pdf,atla_disti,防衛イノベーション科学技術研究所,防衛装備庁,2024,2024,11
https://www.mod.go.jp/atla/data/info/ny_disti/pdf_ichiran/r06/06-ekimu-zuikei-disti-12.pdf,pdf,atla_disti,防衛イノベーション科学技術研究所,防衛装備庁,2024,2024,1
https://www.mod.go.jp/atla/data/info/ny_disti/pdf_ichiran/r07/07-ekimu-kyousou-disti-01.pdf,pdf,atla_disti,防衛イノベーション科学技術研究所,防衛装備庁,2025,2025,4
https://www.mod.go.jp/atla/data/info/ny_disti/pdf_ichiran/r07/07-ekimu-kyousou-disti-02.pdf,pdf,atla_disti,防衛イノベーション科学技術研究所,防衛装備庁,2025,2025,1
https://www.mod.go.jp/atla/data/info/ny_disti/pdf_ichiran/r07/07-ekimu-kyousou-disti-04.pdf,pdf,atla_disti,防衛イノベーション科学技術研究所,防衛装備庁,2025,2025,1
https://www.mod.go.jp/atla/data/info/ny_disti/pdf_ichiran/r07/07-ekimu-kyousou-disti-05.pdf,pdf,atla_disti,防衛イノベーション科学技術研究所,防衛装備庁,2025,2025,4
https://www.mod.go.jp/atla/data/info/ny_disti/pdf_ichiran/r07/07-ekimu-kyousou-disti-06.pdf,pdf,atla_disti,防衛イノベーション科学技術研究所,防衛装備庁,2025,2025,1
https://www.mod.go.jp/atla/data/info/ny_disti/pdf_ichiran/r07/07-ekimu-kyousou-disti-09.pdf,pdf,atla_disti,防衛イノベーション科学技術研究所,防衛装備庁,2025,2025,1
https://www.mod.go.jp/atla/data/info/ny_disti/pdf_ichiran/r07/07-ekimu-kyousou-disti-11.pdf,pdf,atla_disti,防衛イノベーション科学技術研究所,防衛装備庁,2025,2025,1
https://www.mod.go.jp/atla/data/info/ny_disti/pdf_ichiran/r07/07-ekimu-kyousou-disti-12.pdf,pdf,atla_disti,防衛イノベーション科学技術研究所,防衛装備庁,2025,2025,1
https://www.mod.go.jp/atla/data/info/ny_disti/pdf_ichiran/r07/07-ekimu-zuikei-disti-01.pdf,pdf,atla_disti,防衛イノベーション科学技術研究所,防衛装備庁,2025,2025,2
https://www.mod.go.jp/atla/data/info/ny_disti/pdf_ichiran/r07/07-ekimu-zuikei-disti-02.pdf,pdf,atla_disti,防衛イノベーション科学技術研究所,防衛装備庁,2025,2025,4
https://www.mod.go.jp/atla/data/info/ny_disti/pdf_ichiran/r07/07-ekimu-zuikei-disti-03.pdf,pdf,atla_disti,防衛イノベーション科学技術研究所,防衛装備庁,2025,2025,4
https://www.mod.go.jp/atla/data/info/ny_disti/pdf_ichiran/r07/07-ekimu-zuikei-disti-04.pdf,pdf,atla_disti,防衛イノベーション科学技術研究所,防衛装備庁,2025,2025,32
https://www.mod.go.jp/atla/data/info/ny_disti/pdf_ichiran/r07/07-ekimu-zuikei-disti-05.pdf,pdf,atla_disti,防衛イノベーション科学技術研究所,防衛装備庁,2025,2025,1
https://www.mod.go.jp/atla/data/info/ny_disti/pdf_ichiran/r07/07-ekimu-zuikei-disti-06.pdf,pdf,atla_disti,防衛イノベーション科学技術研究所,防衛装備庁,2025,2025,3
https://www.mod.go.jp/atla/data/info/ny_disti/pdf_ichiran/r07/07-ekimu-zuikei-disti-07.pdf,pdf,atla_disti,防衛イノベーション科学技術研究所,防衛装備庁,2025,2025,3
https://www.mod.go.jp/atla/data/info/ny_disti/pdf_ichiran/r07/07-ekimu-zuikei-disti-08.pdf,pdf,atla_disti,防衛イノベーション科学技術研究所,防衛装備庁,2025,2025,3
https://www.mod.go.jp/atla/data/info/ny_disti/pdf_ichiran/r07/07-ekimu-zuikei-disti-09.pdf,pdf,atla_disti,防衛イノベーション科学技術研究所,防衛装備庁,2025,2025,4
https://www.mod.go.jp/atla/data/info/ny_disti/pdf_ichiran/r07/07-ekimu-zuikei-disti-10.pdf,pdf,atla_disti,防衛イノベーション科学技術研究所,防衛装備庁,2025,2025,3
https://www.mod.go.jp/atla/data/info/ny_disti/pdf_ichiran/r07/07-ekimu-zuikei-disti-11.pdf,pdf,atla_disti,防衛イノベーション科学技術研究所,防衛装備庁,2025,2025,24
https://www.mod.go.jp/atla/data/info/ny_disti/pdf_ichiran/r07/07-ekimu-zuikei-disti-12.pdf,pdf,atla_disti,防衛イノベーション科学技術研究所,防衛装備庁,2025,2025,4
https://www.mod.go.jp/atla/data/info/ny_gifu/pdf_ichiran/r06/06-ekimu-kyousou-g-01.pdf,pdf,atla_gifu,岐阜試験場,防衛装備庁,2024,2024,1
https://www.mod.go.jp/atla/data/info/ny_gifu/pdf_ichiran/r06/06-ekimu-kyousou-g-02.pdf,pdf,atla_gifu,岐阜試験場,防衛装備庁,2024,2024,1
https://www.mod.go.jp/atla/data/info/ny_gifu/pdf_ichiran/r06/06-ekimu-kyousou-g-04.pdf,pdf,atla_gifu,岐阜試験場,防衛装備庁,2024,2024,1
https://www.mod.go.jp/atla/data/info/ny_gifu/pdf_ichiran/r06/06-ekimu-kyousou-g-06.pdf,pdf,atla_gifu,岐阜試験場,防衛装備庁,2024,2024,1
https://www.mod.go.jp/atla/data/info/ny_gifu/pdf_ichiran/r06/06-ekimu-kyousou-g-11.pdf,pdf,atla_gifu,岐阜試験場,防衛装備庁,2024,2024,2
https://www.mod.go.jp/atla/data/info/ny_gifu/pdf_ichiran/r06/06-ekimu-zuikei-g-01.pdf,pdf,atla_gifu,岐阜試験場,防衛装備庁,2024,2024,2
https://www.mod.go.jp/atla/data/info/ny_gifu/pdf_ichiran/r06/06-ekimu-zuikei-g-02.pdf,pdf,atla_gifu,岐阜試験場,防衛装備庁,2024,2024,2
https://www.mod.go.jp/atla/data/info/ny_gifu/pdf_ichiran/r06/06-ekimu-zuikei-g-03.pdf,pdf,atla_gifu,岐阜試験場,防衛装備庁,2024,2024,2
https://www.mod.go.jp/atla/data/info/ny_gifu/pdf_ichiran/r06/06-ekimu-zuikei-g-04.pdf,pdf,atla_gifu,岐阜試験場,防衛装備庁,2024,2024,1
https://www.mod.go.jp/atla/data/info/ny_gifu/pdf_ichiran/r06/06-ekimu-zuikei-g-10.pdf,pdf,atla_gifu,岐阜試験場,防衛装備庁,2024,2024,3
https://www.mod.go.jp/atla/data/info/ny_gifu/pdf_ichiran/r06/06-ekimu-zuikei-g-11.pdf,pdf,atla_gifu,岐阜試験場,防衛装備庁,2024,2024,1
https://www.mod.go.jp/atla/data/info/ny_gifu/pdf_ichiran/r07/07-ekimu-kyousou-g-03.pdf,pdf,atla_gifu,岐阜試験場,防衛装備庁,2025,2025,2
https://www.mod.go.jp/atla/data/info/ny_gifu/pdf_ichiran/r07/07-ekimu-kyousou-g-04.pdf,pdf,atla_gifu,岐阜試験場,防衛装備庁,2025,2025,1
https://www.mod.go.jp/atla/data/info/ny_gifu/pdf_ichiran/r07/07-ekimu-kyousou-g-05.pdf,pdf,atla_gifu,岐阜試験場,防衛装備庁,2025,2025,2
https://www.mod.go.jp/atla/data/info/ny_gifu/pdf_ichiran/r07/07-ekimu-kyousou-g-08.pdf,pdf,atla_gifu,岐阜試験場,防衛装備庁,2025,2025,1
https://www.mod.go.jp/atla/data/info/ny_gifu/pdf_ichiran/r07/07-ekimu-kyousou-g-12.pdf,pdf,atla_gifu,岐阜試験場,防衛装備庁,2025,2025,2
https://www.mod.go.jp/atla/data/info/ny_gifu/pdf_ichiran/r07/07-ekimu-zuikei-g-02.pdf,pdf,atla_gifu,岐阜試験場,防衛装備庁,2025,2025,5
https://www.mod.go.jp/atla/data/info/ny_gifu/pdf_ichiran/r07/07-ekimu-zuikei-g-03.pdf,pdf,atla_gifu,岐阜試験場,防衛装備庁,2025,2025,6
https://www.mod.go.jp/atla/data/info/ny_gifu/pdf_ichiran/r07/07-ekimu-zuikei-g-04.pdf,pdf,atla_gifu,岐阜試験場,防衛装備庁,2025,2025,3
https://www.mod.go.jp/atla/data/info/ny_gifu/pdf_ichiran/r07/07-ekimu-zuikei-g-06.pdf,pdf,atla_gifu,岐阜試験場,防衛装備庁,2025,2025,2
https://www.mod.go.jp/atla/data/info/ny_gifu/pdf_ichiran/r07/07-ekimu-zuikei-g-07.pdf,pdf,atla_gifu,岐阜試験場,防衛装備庁,2025,2025,3
https://www.mod.go.jp/atla/data/info/ny_gifu/pdf_ichiran/r07/07-ekimu-zuikei-g-08.pdf,pdf,atla_gifu,岐阜試験場,防衛装備庁,2025,2025,1
https://www.mod.go.jp/atla/data/info/ny_gifu/pdf_ichiran/r07/07-ekimu-zuikei-g-10.pdf,pdf,atla_gifu,岐阜試験場,防衛装備庁,2025,2025,1
https://www.mod.go.jp/atla/data/info/ny_gifu/pdf_ichiran/r07/07-ekimu-zuikei-g-12.pdf,pdf,atla_gifu,岐阜試験場,防衛装備庁,2025,2025,2
https://www.mod.go.jp/atla/data/info/ny_honbu/pdf_ichiran/r06/06-ekimu-kyousou-h-01.pdf,pdf,atla_kanbo,防衛装備庁長官官房会計官,防衛装備庁,2024,2024,31
https://www.mod.go.jp/atla/data/info/ny_honbu/pdf_ichiran/r06/06-ekimu-kyousou-h-02.pdf,pdf,atla_kanbo,防衛装備庁長官官房会計官,防衛装備庁,2024,2024,7
https://www.mod.go.jp/atla/data/info/ny_honbu/pdf_ichiran/r06/06-ekimu-kyousou-h-03.pdf,pdf,atla_kanbo,防衛装備庁長官官房会計官,防衛装備庁,2024,2024,3
https://www.mod.go.jp/atla/data/info/ny_honbu/pdf_ichiran/r06/06-ekimu-kyousou-h-04.pdf,pdf,atla_kanbo,防衛装備庁長官官房会計官,防衛装備庁,2024,2024,33
https://www.mod.go.jp/atla/data/info/ny_honbu/pdf_ichiran/r06/06-ekimu-kyousou-h-05.pdf,pdf,atla_kanbo,防衛装備庁長官官房会計官,防衛装備庁,2024,2024,11
https://www.mod.go.jp/atla/data/info/ny_honbu/pdf_ichiran/r06/06-ekimu-kyousou-h-06.pdf,pdf,atla_kanbo,防衛装備庁長官官房会計官,防衛装備庁,2024,2024,8
https://www.mod.go.jp/atla/data/info/ny_honbu/pdf_ichiran/r06/06-ekimu-kyousou-h-07.pdf,pdf,atla_kanbo,防衛装備庁長官官房会計官,防衛装備庁,2024,2024,10
https://www.mod.go.jp/atla/data/info/ny_honbu/pdf_ichiran/r06/06-ekimu-kyousou-h-08.pdf,pdf,atla_kanbo,防衛装備庁長官官房会計官,防衛装備庁,2024,2024,19
https://www.mod.go.jp/atla/data/info/ny_honbu/pdf_ichiran/r06/06-ekimu-kyousou-h-09.pdf,pdf,atla_kanbo,防衛装備庁長官官房会計官,防衛装備庁,2024,2024,13
https://www.mod.go.jp/atla/data/info/ny_honbu/pdf_ichiran/r06/06-ekimu-kyousou-h-10.pdf,pdf,atla_kanbo,防衛装備庁長官官房会計官,防衛装備庁,2024,2024,19
https://www.mod.go.jp/atla/data/info/ny_honbu/pdf_ichiran/r06/06-ekimu-kyousou-h-11.pdf,pdf,atla_kanbo,防衛装備庁長官官房会計官,防衛装備庁,2024,2024,23
https://www.mod.go.jp/atla/data/info/ny_honbu/pdf_ichiran/r06/06-ekimu-kyousou-h-12.pdf,pdf,atla_kanbo,防衛装備庁長官官房会計官,防衛装備庁,2024,2024,26
https://www.mod.go.jp/atla/data/info/ny_honbu/pdf_ichiran/r06/06-ekimu-zuikei-h-01.pdf,pdf,atla_kanbo,防衛装備庁長官官房会計官,防衛装備庁,2024,2024,12
https://www.mod.go.jp/atla/data/info/ny_honbu/pdf_ichiran/r06/06-ekimu-zuikei-h-02.pdf,pdf,atla_kanbo,防衛装備庁長官官房会計官,防衛装備庁,2024,2024,3
https://www.mod.go.jp/atla/data/info/ny_honbu/pdf_ichiran/r06/06-ekimu-zuikei-h-03.pdf,pdf,atla_kanbo,防衛装備庁長官官房会計官,防衛装備庁,2024,2024,24
https://www.mod.go.jp/atla/data/info/ny_honbu/pdf_ichiran/r06/06-ekimu-zuikei-h-04.pdf,pdf,atla_kanbo,防衛装備庁長官官房会計官,防衛装備庁,2024,2024,64
https://www.mod.go.jp/atla/data/info/ny_honbu/pdf_ichiran/r06/06-ekimu-zuikei-h-05.pdf,pdf,atla_kanbo,防衛装備庁長官官房会計官,防衛装備庁,2024,2024,19
https://www.mod.go.jp/atla/data/info/ny_honbu/pdf_ichiran/r06/06-ekimu-zuikei-h-06.pdf,pdf,atla_kanbo,防衛装備庁長官官房会計官,防衛装備庁,2024,2024,17
https://www.mod.go.jp/atla/data/info/ny_honbu/pdf_ichiran/r06/06-ekimu-zuikei-h-07.pdf,pdf,atla_kanbo,防衛装備庁長官官房会計官,防衛装備庁,2024,2024,30
https://www.mod.go.jp/atla/data/info/ny_honbu/pdf_ichiran/r06/06-ekimu-zuikei-h-08.pdf,pdf,atla_kanbo,防衛装備庁長官官房会計官,防衛装備庁,2024,2024,21
https://www.mod.go.jp/atla/data/info/ny_honbu/pdf_ichiran/r06/06-ekimu-zuikei-h-09.pdf,pdf,atla_kanbo,防衛装備庁長官官房会計官,防衛装備庁,2024,2024,13
https://www.mod.go.jp/atla/data/info/ny_honbu/pdf_ichiran/r06/06-ekimu-zuikei-h-10.pdf,pdf,atla_kanbo,防衛装備庁長官官房会計官,防衛装備庁,2024,2024,16
https://www.mod.go.jp/atla/data/info/ny_honbu/pdf_ichiran/r06/06-ekimu-zuikei-h-11.pdf,pdf,atla_kanbo,防衛装備庁長官官房会計官,防衛装備庁,2024,2024,20
https://www.mod.go.jp/atla/data/info/ny_honbu/pdf_ichiran/r06/06-ekimu-zuikei-h-12.pdf,pdf,atla_kanbo,防衛装備庁長官官房会計官,防衛装備庁,2024,2024,24
https://www.mod.go.jp/atla/data/info/ny_honbu/pdf_ichiran/r07/07-ekimu-kyousou-h-01.pdf,pdf,atla_kanbo,防衛装備庁長官官房会計官,防衛装備庁,2025,2025,16
https://www.mod.go.jp/atla/data/info/ny_honbu/pdf_ichiran/r07/07-ekimu-kyousou-h-02.pdf,pdf,atla_kanbo,防衛装備庁長官官房会計官,防衛装備庁,2025,2025,12
https://www.mod.go.jp/atla/data/info/ny_honbu/pdf_ichiran/r07/07-ekimu-kyousou-h-03.pdf,pdf,atla_kanbo,防衛装備庁長官官房会計官,防衛装備庁,2025,2025,5
https://www.mod.go.jp/atla/data/info/ny_honbu/pdf_ichiran/r07/07-ekimu-kyousou-h-04.pdf,pdf,atla_kanbo,防衛装備庁長官官房会計官,防衛装備庁,2025,2025,21
https://www.mod.go.jp/atla/data/info/ny_honbu/pdf_ichiran/r07/07-ekimu-kyousou-h-05.pdf,pdf,atla_kanbo,防衛装備庁長官官房会計官,防衛装備庁,2025,2025,5
https://www.mod.go.jp/atla/data/info/ny_honbu/pdf_ichiran/r07/07-ekimu-kyousou-h-06.pdf,pdf,atla_kanbo,防衛装備庁長官官房会計官,防衛装備庁,2025,2025,6
https://www.mod.go.jp/atla/data/info/ny_honbu/pdf_ichiran/r07/07-ekimu-kyousou-h-07.pdf,pdf,atla_kanbo,防衛装備庁長官官房会計官,防衛装備庁,2025,2025,12
https://www.mod.go.jp/atla/data/info/ny_honbu/pdf_ichiran/r07/07-ekimu-kyousou-h-08.pdf,pdf,atla_kanbo,防衛装備庁長官官房会計官,防衛装備庁,2025,2025,17
https://www.mod.go.jp/atla/data/info/ny_honbu/pdf_ichiran/r07/07-ekimu-kyousou-h-09.pdf,pdf,atla_kanbo,防衛装備庁長官官房会計官,防衛装備庁,2025,2025,12
https://www.mod.go.jp/atla/data/info/ny_honbu/pdf_ichiran/r07/07-ekimu-kyousou-h-10.pdf,pdf,atla_kanbo,防衛装備庁長官官房会計官,防衛装備庁,2025,2025,8
https://www.mod.go.jp/atla/data/info/ny_honbu/pdf_ichiran/r07/07-ekimu-kyousou-h-11.pdf,pdf,atla_kanbo,防衛装備庁長官官房会計官,防衛装備庁,2025,2025,6
https://www.mod.go.jp/atla/data/info/ny_honbu/pdf_ichiran/r07/07-ekimu-kyousou-h-12.pdf,pdf,atla_kanbo,防衛装備庁長官官房会計官,防衛装備庁,2025,2025,16
https://www.mod.go.jp/atla/data/info/ny_honbu/pdf_ichiran/r07/07-ekimu-zuikei-h-01.pdf,pdf,atla_kanbo,防衛装備庁長官官房会計官,防衛装備庁,2025,2025,10
https://www.mod.go.jp/atla/data/info/ny_honbu/pdf_ichiran/r07/07-ekimu-zuikei-h-02.pdf,pdf,atla_kanbo,防衛装備庁長官官房会計官,防衛装備庁,2025,2025,13
https://www.mod.go.jp/atla/data/info/ny_honbu/pdf_ichiran/r07/07-ekimu-zuikei-h-03.pdf,pdf,atla_kanbo,防衛装備庁長官官房会計官,防衛装備庁,2025,2025,45
https://www.mod.go.jp/atla/data/info/ny_honbu/pdf_ichiran/r07/07-ekimu-zuikei-h-04.pdf,pdf,atla_kanbo,防衛装備庁長官官房会計官,防衛装備庁,2025,2025,37
https://www.mod.go.jp/atla/data/info/ny_honbu/pdf_ichiran/r07/07-ekimu-zuikei-h-05.pdf,pdf,atla_kanbo,防衛装備庁長官官房会計官,防衛装備庁,2025,2025,12
https://www.mod.go.jp/atla/data/info/ny_honbu/pdf_ichiran/r07/07-ekimu-zuikei-h-06.pdf,pdf,atla_kanbo,防衛装備庁長官官房会計官,防衛装備庁,2025,2025,21
https://www.mod.go.jp/atla/data/info/ny_honbu/pdf_ichiran/r07/07-ekimu-zuikei-h-07.pdf,pdf,atla_kanbo,防衛装備庁長官官房会計官,防衛装備庁,2025,2025,16
https://www.mod.go.jp/atla/data/info/ny_honbu/pdf_ichiran/r07/07-ekimu-zuikei-h-08.pdf,pdf,atla_kanbo,防衛装備庁長官官房会計官,防衛装備庁,2025,2025,13
https://www.mod.go.jp/atla/data/info/ny_honbu/pdf_ichiran/r07/07-ekimu-zuikei-h-09.pdf,pdf,atla_kanbo,防衛装備庁長官官房会計官,防衛装備庁,2025,2025,16
https://www.mod.go.jp/atla/data/info/ny_honbu/pdf_ichiran/r07/07-ekimu-zuikei-h-10.pdf,pdf,atla_kanbo,防衛装備庁長官官房会計官,防衛装備庁,2025,2025,30
https://www.mod.go.jp/atla/data/info/ny_honbu/pdf_ichiran/r07/07-ekimu-zuikei-h-11.pdf,pdf,atla_kanbo,防衛装備庁長官官房会計官,防衛装備庁,2025,2025,20
https://www.mod.go.jp/atla/data/info/ny_honbu/pdf_ichiran/r07/07-ekimu-zuikei-h-12.pdf,pdf,atla_kanbo,防衛装備庁長官官房会計官,防衛装備庁,2025,2025,20
https://www.mod.go.jp/atla/data/info/ny_kenkyu_kantei/pdf_ichiran/r06/06-ekimu-kyousou-ka-01.pdf,pdf,atla_kantei,艦艇装備研究所,防衛装備庁,2024,2024,6
https://www.mod.go.jp/atla/data/info/ny_kenkyu_kantei/pdf_ichiran/r06/06-ekimu-kyousou-ka-04.pdf,pdf,atla_kantei,艦艇装備研究所,防衛装備庁,2024,2024,19
https://www.mod.go.jp/atla/data/info/ny_kenkyu_kantei/pdf_ichiran/r06/06-ekimu-kyousou-ka-05.pdf,pdf,atla_kantei,艦艇装備研究所,防衛装備庁,2024,2024,1
https://www.mod.go.jp/atla/data/info/ny_kenkyu_kantei/pdf_ichiran/r06/06-ekimu-kyousou-ka-06.pdf,pdf,atla_kantei,艦艇装備研究所,防衛装備庁,2024,2024,3
https://www.mod.go.jp/atla/data/info/ny_kenkyu_kantei/pdf_ichiran/r06/06-ekimu-kyousou-ka-07.pdf,pdf,atla_kantei,艦艇装備研究所,防衛装備庁,2024,2024,3
https://www.mod.go.jp/atla/data/info/ny_kenkyu_kantei/pdf_ichiran/r06/06-ekimu-kyousou-ka-08.pdf,pdf,atla_kantei,艦艇装備研究所,防衛装備庁,2024,2024,4
https://www.mod.go.jp/atla/data/info/ny_kenkyu_kantei/pdf_ichiran/r06/06-ekimu-kyousou-ka-09.pdf,pdf,atla_kantei,艦艇装備研究所,防衛装備庁,2024,2024,5
https://www.mod.go.jp/atla/data/info/ny_kenkyu_kantei/pdf_ichiran/r06/06-ekimu-kyousou-ka-10.pdf,pdf,atla_kantei,艦艇装備研究所,防衛装備庁,2024,2024,3
https://www.mod.go.jp/atla/data/info/ny_kenkyu_kantei/pdf_ichiran/r06/06-ekimu-kyousou-ka-11.pdf,pdf,atla_kantei,艦艇装備研究所,防衛装備庁,2024,2024,6
https://www.mod.go.jp/atla/data/info/ny_kenkyu_kantei/pdf_ichiran/r06/06-ekimu-kyousou-ka-12.pdf,pdf,atla_kantei,艦艇装備研究所,防衛装備庁,2024,2024,10
https://www.mod.go.jp/atla/data/info/ny_kenkyu_kantei/pdf_ichiran/r06/06-ekimu-zuikei-ka-01.pdf,pdf,atla_kantei,艦艇装備研究所,防衛装備庁,2024,2024,6
https://www.mod.go.jp/atla/data/info/ny_kenkyu_kantei/pdf_ichiran/r06/06-ekimu-zuikei-ka-02.pdf,pdf,atla_kantei,艦艇装備研究所,防衛装備庁,2024,2024,3
https://www.mod.go.jp/atla/data/info/ny_kenkyu_kantei/pdf_ichiran/r06/06-ekimu-zuikei-ka-04.pdf,pdf,atla_kantei,艦艇装備研究所,防衛装備庁,2024,2024,7
https://www.mod.go.jp/atla/data/info/ny_kenkyu_kantei/pdf_ichiran/r06/06-ekimu-zuikei-ka-05.pdf,pdf,atla_kantei,艦艇装備研究所,防衛装備庁,2024,2024,7
https://www.mod.go.jp/atla/data/info/ny_kenkyu_kantei/pdf_ichiran/r06/06-ekimu-zuikei-ka-06.pdf,pdf,atla_kantei,艦艇装備研究所,防衛装備庁,2024,2024,7
https://www.mod.go.jp/atla/data/info/ny_kenkyu_kantei/pdf_ichiran/r06/06-ekimu-zuikei-ka-07.pdf,pdf,atla_kantei,艦艇装備研究所,防衛装備庁,2024,2024,12
https://www.mod.go.jp/atla/data/info/ny_kenkyu_kantei/pdf_ichiran/r06/06-ekimu-zuikei-ka-08.pdf,pdf,atla_kantei,艦艇装備研究所,防衛装備庁,2024,2024,5
https://www.mod.go.jp/atla/data/info/ny_kenkyu_kantei/pdf_ichiran/r06/06-ekimu-zuikei-ka-09.pdf,pdf,atla_kantei,艦艇装備研究所,防衛装備庁,2024,2024,3
https://www.mod.go.jp/atla/data/info/ny_kenkyu_kantei/pdf_ichiran/r06/06-ekimu-zuikei-ka-10.pdf,pdf,atla_kantei,艦艇装備研究所,防衛装備庁,2024,2024,12
https://www.mod.go.jp/atla/data/info/ny_kenkyu_kantei/pdf_ichiran/r06/06-ekimu-zuikei-ka-11.pdf,pdf,atla_kantei,艦艇装備研究所,防衛装備庁,2024,2024,6
https://www.mod.go.jp/atla/data/info/ny_kenkyu_kantei/pdf_ichiran/r06/06-ekimu-zuikei-ka-12.pdf,pdf,atla_kantei,艦艇装備研究所,防衛装備庁,2024,2024,8
https://www.mod.go.jp/atla/data/info/ny_kenkyu_kantei/pdf_ichiran/r06/06-kouji-kyousou-ka-09.pdf,pdf,atla_kantei,艦艇装備研究所,防衛装備庁,2024,2024,2
https://www.mod.go.jp/atla/data/info/ny_kenkyu_kantei/pdf_ichiran/r06/06-kouji-kyousou-ka-10.pdf,pdf,atla_kantei,艦艇装備研究所,防衛装備庁,2024,2024,2
https://www.mod.go.jp/atla/data/info/ny_kenkyu_kantei/pdf_ichiran/r06/06-kouji-kyousou-ka-12.pdf,pdf,atla_kantei,艦艇装備研究所,防衛装備庁,2024,2024,1
https://www.mod.go.jp/atla/data/info/ny_kenkyu_kantei/pdf_ichiran/r07/07-ekimu-kyousou-ka-01.pdf,pdf,atla_kantei,艦艇装備研究所,防衛装備庁,2025,2025,3
https://www.mod.go.jp/atla/data/info/ny_kenkyu_kantei/pdf_ichiran/r07/07-ekimu-kyousou-ka-02.pdf,pdf,atla_kantei,艦艇装備研究所,防衛装備庁,2025,2025,1
https://www.mod.go.jp/atla/data/info/ny_kenkyu_kantei/pdf_ichiran/r07/07-ekimu-kyousou-ka-03.pdf,pdf,atla_kantei,艦艇装備研究所,防衛装備庁,2025,2025,1
https://www.mod.go.jp/atla/data/info/ny_kenkyu_kantei/pdf_ichiran/r07/07-ekimu-kyousou-ka-04.pdf,pdf,atla_kantei,艦艇装備研究所,防衛装備庁,2025,2025,22
https://www.mod.go.jp/atla/data/info/ny_kenkyu_kantei/pdf_ichiran/r07/07-ekimu-kyousou-ka-05.pdf,pdf,atla_kantei,艦艇装備研究所,防衛装備庁,2025,2025,1
https://www.mod.go.jp/atla/data/info/ny_kenkyu_kantei/pdf_ichiran/r07/07-ekimu-kyousou-ka-06.pdf,pdf,atla_kantei,艦艇装備研究所,防衛装備庁,2025,2025,2
https://www.mod.go.jp/atla/data/info/ny_kenkyu_kantei/pdf_ichiran/r07/07-ekimu-kyousou-ka-07.pdf,pdf,atla_kantei,艦艇装備研究所,防衛装備庁,2025,2025,4
https://www.mod.go.jp/atla/data/info/ny_kenkyu_kantei/pdf_ichiran/r07/07-ekimu-kyousou-ka-08.pdf,pdf,atla_kantei,艦艇装備研究所,防衛装備庁,2025,2025,3
https://www.mod.go.jp/atla/data/info/ny_kenkyu_kantei/pdf_ichiran/r07/07-ekimu-kyousou-ka-10.pdf,pdf,atla_kantei,艦艇装備研究所,防衛装備庁,2025,2025,2
https://www.mod.go.jp/atla/data/info/ny_kenkyu_kantei/pdf_ichiran/r07/07-ekimu-kyousou-ka-11.pdf,pdf,atla_kantei,艦艇装備研究所,防衛装備庁,2025,2025,5
https://www.mod.go.jp/atla/data/info/ny_kenkyu_kantei/pdf_ichiran/r07/07-ekimu-kyousou-ka-12.pdf,pdf,atla_kantei,艦艇装備研究所,防衛装備庁,2025,2025,4
https://www.mod.go.jp/atla/data/info/ny_kenkyu_kantei/pdf_ichiran/r07/07-ekimu-zuikei-ka-01.pdf,pdf,atla_kantei,艦艇装備研究所,防衛装備庁,2025,2025,1
https://www.mod.go.jp/atla/data/info/ny_kenkyu_kantei/pdf_ichiran/r07/07-ekimu-zuikei-ka-02.pdf,pdf,atla_kantei,艦艇装備研究所,防衛装備庁,2025,2025,3
https://www.mod.go.jp/atla/data/info/ny_kenkyu_kantei/pdf_ichiran/r07/07-ekimu-zuikei-ka-03.pdf,pdf,atla_kantei,艦艇装備研究所,防衛装備庁,2025,2025,1
https://www.mod.go.jp/atla/data/info/ny_kenkyu_kantei/pdf_ichiran/r07/07-ekimu-zuikei-ka-04.pdf,pdf,atla_kantei,艦艇装備研究所,防衛装備庁,2025,2025,3
https://www.mod.go.jp/atla/data/info/ny_kenkyu_kantei/pdf_ichiran/r07/07-ekimu-zuikei-ka-05.pdf,pdf,atla_kantei,艦艇装備研究所,防衛装備庁,2025,2025,6
https://www.mod.go.jp/atla/data/info/ny_kenkyu_kantei/pdf_ichiran/r07/07-ekimu-zuikei-ka-06.pdf,pdf,atla_kantei,艦艇装備研究所,防衛装備庁,2025,2025,4
https://www.mod.go.jp/atla/data/info/ny_kenkyu_kantei/pdf_ichiran/r07/07-ekimu-zuikei-ka-07.pdf,pdf,atla_kantei,艦艇装備研究所,防衛装備庁,2025,2025,11
https://www.mod.go.jp/atla/data/info/ny_kenkyu_kantei/pdf_ichiran/r07/07-ekimu-zuikei-ka-08.pdf,pdf,atla_kantei,艦艇装備研究所,防衛装備庁,2025,2025,8
https://www.mod.go.jp/atla/data/info/ny_kenkyu_kantei/pdf_ichiran/r07/07-ekimu-zuikei-ka-09.pdf,pdf,atla_kantei,艦艇装備研究所,防衛装備庁,2025,2025,10
https://www.mod.go.jp/atla/data/info/ny_kenkyu_kantei/pdf_ichiran/r07/07-ekimu-zuikei-ka-10.pdf,pdf,atla_kantei,艦艇装備研究所,防衛装備庁,2025,2025,8
https://www.mod.go.jp/atla/data/info/ny_kenkyu_kantei/pdf_ichiran/r07/07-ekimu-zuikei-ka-11.pdf,pdf,atla_kantei,艦艇装備研究所,防衛装備庁,2025,2025,5
https://www.mod.go.jp/atla/data/info/ny_kenkyu_kantei/pdf_ichiran/r07/07-ekimu-zuikei-ka-12.pdf,pdf,atla_kantei,艦艇装備研究所,防衛装備庁,2025,2025,10
https://www.mod.go.jp/atla/data/info/ny_kenkyu_kantei/pdf_ichiran/r07/07-kouji-kyousou-ka-05.pdf,pdf,atla_kantei,艦艇装備研究所,防衛装備庁,2025,2025,1
https://www.mod.go.jp/atla/data/info/ny_kenkyu_kantei/pdf_ichiran/r07/07-kouji-kyousou-ka-06.pdf,pdf,atla_kantei,艦艇装備研究所,防衛装備庁,2025,2025,2
https://www.mod.go.jp/atla/data/info/ny_kenkyu_koukuu/pdf_ichiran/r06/06-ekimu-kyousou-ko-01.pdf,pdf,atla_koukuu,航空装備研究所,防衛装備庁,2024,2024,5
https://www.mod.go.jp/atla/data/info/ny_kenkyu_koukuu/pdf_ichiran/r06/06-ekimu-kyousou-ko-02.pdf,pdf,atla_koukuu,航空装備研究所,防衛装備庁,2024,2024,6
https://www.mod.go.jp/atla/data/info/ny_kenkyu_koukuu/pdf_ichiran/r06/06-ekimu-kyousou-ko-03.pdf,pdf,atla_koukuu,航空装備研究所,防衛装備庁,2024,2024,2
https://www.mod.go.jp/atla/data/info/ny_kenkyu_koukuu/pdf_ichiran/r06/06-ekimu-kyousou-ko-04.pdf,pdf,atla_koukuu,航空装備研究所,防衛装備庁,2024,2024,17
https://www.mod.go.jp/atla/data/info/ny_kenkyu_koukuu/pdf_ichiran/r06/06-ekimu-kyousou-ko-05.pdf,pdf,atla_koukuu,航空装備研究所,防衛装備庁,2024,2024,5
https://www.mod.go.jp/atla/data/info/ny_kenkyu_koukuu/pdf_ichiran/r06/06-ekimu-kyousou-ko-06.pdf,pdf,atla_koukuu,航空装備研究所,防衛装備庁,2024,2024,6
https://www.mod.go.jp/atla/data/info/ny_kenkyu_koukuu/pdf_ichiran/r06/06-ekimu-kyousou-ko-07.pdf,pdf,atla_koukuu,航空装備研究所,防衛装備庁,2024,2024,7
https://www.mod.go.jp/atla/data/info/ny_kenkyu_koukuu/pdf_ichiran/r06/06-ekimu-kyousou-ko-08.pdf,pdf,atla_koukuu,航空装備研究所,防衛装備庁,2024,2024,8
https://www.mod.go.jp/atla/data/info/ny_kenkyu_koukuu/pdf_ichiran/r06/06-ekimu-kyousou-ko-09.pdf,pdf,atla_koukuu,航空装備研究所,防衛装備庁,2024,2024,2
https://www.mod.go.jp/atla/data/info/ny_kenkyu_koukuu/pdf_ichiran/r06/06-ekimu-kyousou-ko-10.pdf,pdf,atla_koukuu,航空装備研究所,防衛装備庁,2024,2024,2
https://www.mod.go.jp/atla/data/info/ny_kenkyu_koukuu/pdf_ichiran/r06/06-ekimu-kyousou-ko-11.pdf,pdf,atla_koukuu,航空装備研究所,防衛装備庁,2024,2024,5
https://www.mod.go.jp/atla/data/info/ny_kenkyu_koukuu/pdf_ichiran/r06/06-ekimu-kyousou-ko-12.pdf,pdf,atla_koukuu,航空装備研究所,防衛装備庁,2024,2024,6
https://www.mod.go.jp/atla/data/info/ny_kenkyu_koukuu/pdf_ichiran/r06/06-ekimu-zuikei-ko-01.pdf,pdf,atla_koukuu,航空装備研究所,防衛装備庁,2024,2024,5
https://www.mod.go.jp/atla/data/info/ny_kenkyu_koukuu/pdf_ichiran/r06/06-ekimu-zuikei-ko-02.pdf,pdf,atla_koukuu,航空装備研究所,防衛装備庁,2024,2024,3
https://www.mod.go.jp/atla/data/info/ny_kenkyu_koukuu/pdf_ichiran/r06/06-ekimu-zuikei-ko-03.pdf,pdf,atla_koukuu,航空装備研究所,防衛装備庁,2024,2024,1
https://www.mod.go.jp/atla/data/info/ny_kenkyu_koukuu/pdf_ichiran/r06/06-ekimu-zuikei-ko-04.pdf,pdf,atla_koukuu,航空装備研究所,防衛装備庁,2024,2024,4
https://www.mod.go.jp/atla/data/info/ny_kenkyu_koukuu/pdf_ichiran/r06/06-ekimu-zuikei-ko-05.pdf,pdf,atla_koukuu,航空装備研究所,防衛装備庁,2024,2024,6
https://www.mod.go.jp/atla/data/info/ny_kenkyu_koukuu/pdf_ichiran/r06/06-ekimu-zuikei-ko-06.pdf,pdf,atla_koukuu,航空装備研究所,防衛装備庁,2024,2024,2
https://www.mod.go.jp/atla/data/info/ny_kenkyu_koukuu/pdf_ichiran/r06/06-ekimu-zuikei-ko-07.pdf,pdf,atla_koukuu,航空装備研究所,防衛装備庁,2024,2024,8
https://www.mod.go.jp/atla/data/info/ny_kenkyu_koukuu/pdf_ichiran/r06/06-ekimu-zuikei-ko-08.pdf,pdf,atla_koukuu,航空装備研究所,防衛装備庁,2024,2024,11
https://www.mod.go.jp/atla/data/info/ny_kenkyu_koukuu/pdf_ichiran/r06/06-ekimu-zuikei-ko-09.pdf,pdf,atla_koukuu,航空装備研究所,防衛装備庁,2024,2024,7
https://www.mod.go.jp/atla/data/info/ny_kenkyu_koukuu/pdf_ichiran/r06/06-ekimu-zuikei-ko-10.pdf,pdf,atla_koukuu,航空装備研究所,防衛装備庁,2024,2024,9
https://www.mod.go.jp/atla/data/info/ny_kenkyu_koukuu/pdf_ichiran/r06/06-ekimu-zuikei-ko-11.pdf,pdf,atla_koukuu,航空装備研究所,防衛装備庁,2024,2024,6
https://www.mod.go.jp/atla/data/info/ny_kenkyu_koukuu/pdf_ichiran/r06/06-ekimu-zuikei-ko-12.pdf,pdf,atla_koukuu,航空装備研究所,防衛装備庁,2024,2024,7
https://www.mod.go.jp/atla/data/info/ny_kenkyu_koukuu/pdf_ichiran/r06/06-kouji-kyousou-ko-05.pdf,pdf,atla_koukuu,航空装備研究所,防衛装備庁,2024,2024,1
https://www.mod.go.jp/atla/data/info/ny_kenkyu_koukuu/pdf_ichiran/r06/06-kouji-kyousou-ko-06.pdf,pdf,atla_koukuu,航空装備研究所,防衛装備庁,2024,2024,1
https://www.mod.go.jp/atla/data/info/ny_kenkyu_koukuu/pdf_ichiran/r06/06-kouji-kyousou-ko-07.pdf,pdf,atla_koukuu,航空装備研究所,防衛装備庁,2024,2024,1
https://www.mod.go.jp/atla/data/info/ny_kenkyu_koukuu/pdf_ichiran/r06/06-kouji-kyousou-ko-09.pdf,pdf,atla_koukuu,航空装備研究所,防衛装備庁,2024,2024,1
https://www.mod.go.jp/atla/data/info/ny_kenkyu_koukuu/pdf_ichiran/r06/06-kouji-kyousou-ko-10.pdf,pdf,atla_koukuu,航空装備研究所,防衛装備庁,2024,2024,2
https://www.mod.go.jp/atla/data/info/ny_kenkyu_koukuu/pdf_ichiran/r06/06-kouji-kyousou-ko-11.pdf,pdf,atla_koukuu,航空装備研究所,防衛装備庁,2024,2024,1
https://www.mod.go.jp/atla/data/info/ny_kenkyu_koukuu/pdf_ichiran/r07/07-ekimu-kyousou-ko-01.pdf,pdf,atla_koukuu,航空装備研究所,防衛装備庁,2025,2025,1
https://www.mod.go.jp/atla/data/info/ny_kenkyu_koukuu/pdf_ichiran/r07/07-ekimu-kyousou-ko-02.pdf,pdf,atla_koukuu,航空装備研究所,防衛装備庁,2025,2025,1
https://www.mod.go.jp/atla/data/info/ny_kenkyu_koukuu/pdf_ichiran/r07/07-ekimu-kyousou-ko-03.pdf,pdf,atla_koukuu,航空装備研究所,防衛装備庁,2025,2025,1
https://www.mod.go.jp/atla/data/info/ny_kenkyu_koukuu/pdf_ichiran/r07/07-ekimu-kyousou-ko-04.pdf,pdf,atla_koukuu,航空装備研究所,防衛装備庁,2025,2025,20
https://www.mod.go.jp/atla/data/info/ny_kenkyu_koukuu/pdf_ichiran/r07/07-ekimu-kyousou-ko-05.pdf,pdf,atla_koukuu,航空装備研究所,防衛装備庁,2025,2025,1
https://www.mod.go.jp/atla/data/info/ny_kenkyu_koukuu/pdf_ichiran/r07/07-ekimu-kyousou-ko-06.pdf,pdf,atla_koukuu,航空装備研究所,防衛装備庁,2025,2025,6
https://www.mod.go.jp/atla/data/info/ny_kenkyu_koukuu/pdf_ichiran/r07/07-ekimu-kyousou-ko-07.pdf,pdf,atla_koukuu,航空装備研究所,防衛装備庁,2025,2025,11
https://www.mod.go.jp/atla/data/info/ny_kenkyu_koukuu/pdf_ichiran/r07/07-ekimu-kyousou-ko-08.pdf,pdf,atla_koukuu,航空装備研究所,防衛装備庁,2025,2025,5
https://www.mod.go.jp/atla/data/info/ny_kenkyu_koukuu/pdf_ichiran/r07/07-ekimu-kyousou-ko-09.pdf,pdf,atla_koukuu,航空装備研究所,防衛装備庁,2025,2025,2
https://www.mod.go.jp/atla/data/info/ny_kenkyu_koukuu/pdf_ichiran/r07/07-ekimu-kyousou-ko-10.pdf,pdf,atla_koukuu,航空装備研究所,防衛装備庁,2025,2025,5
https://www.mod.go.jp/atla/data/info/ny_kenkyu_koukuu/pdf_ichiran/r07/07-ekimu-kyousou-ko-11.pdf,pdf,atla_koukuu,航空装備研究所,防衛装備庁,2025,2025,3
https://www.mod.go.jp/atla/data/info/ny_kenkyu_koukuu/pdf_ichiran/r07/07-ekimu-kyousou-ko-12.pdf,pdf,atla_koukuu,航空装備研究所,防衛装備庁,2025,2025,3
https://www.mod.go.jp/atla/data/info/ny_kenkyu_koukuu/pdf_ichiran/r07/07-ekimu-zuikei-ko-01.pdf,pdf,atla_koukuu,航空装備研究所,防衛装備庁,2025,2025,7
https://www.mod.go.jp/atla/data/info/ny_kenkyu_koukuu/pdf_ichiran/r07/07-ekimu-zuikei-ko-02.pdf,pdf,atla_koukuu,航空装備研究所,防衛装備庁,2025,2025,2
https://www.mod.go.jp/atla/data/info/ny_kenkyu_koukuu/pdf_ichiran/r07/07-ekimu-zuikei-ko-03.pdf,pdf,atla_koukuu,航空装備研究所,防衛装備庁,2025,2025,5
https://www.mod.go.jp/atla/data/info/ny_kenkyu_koukuu/pdf_ichiran/r07/07-ekimu-zuikei-ko-04.pdf,pdf,atla_koukuu,航空装備研究所,防衛装備庁,2025,2025,7
https://www.mod.go.jp/atla/data/info/ny_kenkyu_koukuu/pdf_ichiran/r07/07-ekimu-zuikei-ko-05.pdf,pdf,atla_koukuu,航空装備研究所,防衛装備庁,2025,2025,6
https://www.mod.go.jp/atla/data/info/ny_kenkyu_koukuu/pdf_ichiran/r07/07-ekimu-zuikei-ko-06.pdf,pdf,atla_koukuu,航空装備研究所,防衛装備庁,2025,2025,4
https://www.mod.go.jp/atla/data/info/ny_kenkyu_koukuu/pdf_ichiran/r07/07-ekimu-zuikei-ko-07.pdf,pdf,atla_koukuu,航空装備研究所,防衛装備庁,2025,2025,13
https://www.mod.go.jp/atla/data/info/ny_kenkyu_koukuu/pdf_ichiran/r07/07-ekimu-zuikei-ko-08.pdf,pdf,atla_koukuu,航空装備研究所,防衛装備庁,2025,2025,8
https://www.mod.go.jp/atla/data/info/ny_kenkyu_koukuu/pdf_ichiran/r07/07-ekimu-zuikei-ko-09.pdf,pdf,atla_koukuu,航空装備研究所,防衛装備庁,2025,2025,7
https://www.mod.go.jp/atla/data/info/ny_kenkyu_koukuu/pdf_ichiran/r07/07-ekimu-zuikei-ko-10.pdf,pdf,atla_koukuu,航空装備研究所,防衛装備庁,2025,2025,8
https://www.mod.go.jp/atla/data/info/ny_kenkyu_koukuu/pdf_ichiran/r07/07-ekimu-zuikei-ko-11.pdf,pdf,atla_koukuu,航空装備研究所,防衛装備庁,2025,2025,6
https://www.mod.go.jp/atla/data/info/ny_kenkyu_koukuu/pdf_ichiran/r07/07-ekimu-zuikei-ko-12.pdf,pdf,atla_koukuu,航空装備研究所,防衛装備庁,2025,2025,13
https://www.mod.go.jp/atla/data/info/ny_kenkyu_koukuu/pdf_ichiran/r07/07-kouji-kyousou-ko-01.pdf,pdf,atla_koukuu,航空装備研究所,防衛装備庁,2025,2025,1
https://www.mod.go.jp/atla/data/info/ny_kenkyu_koukuu/pdf_ichiran/r07/07-kouji-kyousou-ko-02.pdf,pdf,atla_koukuu,航空装備研究所,防衛装備庁,2025,2025,1
https://www.mod.go.jp/atla/data/info/ny_kenkyu_koukuu/pdf_ichiran/r07/07-kouji-kyousou-ko-07.pdf,pdf,atla_koukuu,航空装備研究所,防衛装備庁,2025,2025,1
https://www.mod.go.jp/atla/data/info/ny_kenkyu_riku/pdf_ichiran/r06/06-ekimu-kyousou-r-01.pdf,pdf,atla_riku,陸上装備研究所,防衛装備庁,2024,2024,5
https://www.mod.go.jp/atla/data/info/ny_kenkyu_riku/pdf_ichiran/r06/06-ekimu-kyousou-r-02.pdf,pdf,atla_riku,陸上装備研究所,防衛装備庁,2024,2024,1
https://www.mod.go.jp/atla/data/info/ny_kenkyu_riku/pdf_ichiran/r06/06-ekimu-kyousou-r-04.pdf,pdf,atla_riku,陸上装備研究所,防衛装備庁,2024,2024,7
https://www.mod.go.jp/atla/data/info/ny_kenkyu_riku/pdf_ichiran/r06/06-ekimu-kyousou-r-05.pdf,pdf,atla_riku,陸上装備研究所,防衛装備庁,2024,2024,1
https://www.mod.go.jp/atla/data/info/ny_kenkyu_riku/pdf_ichiran/r06/06-ekimu-kyousou-r-06.pdf,pdf,atla_riku,陸上装備研究所,防衛装備庁,2024,2024,4
https://www.mod.go.jp/atla/data/info/ny_kenkyu_riku/pdf_ichiran/r06/06-ekimu-kyousou-r-07.pdf,pdf,atla_riku,陸上装備研究所,防衛装備庁,2024,2024,2
https://www.mod.go.jp/atla/data/info/ny_kenkyu_riku/pdf_ichiran/r06/06-ekimu-kyousou-r-08.pdf,pdf,atla_riku,陸上装備研究所,防衛装備庁,2024,2024,3
https://www.mod.go.jp/atla/data/info/ny_kenkyu_riku/pdf_ichiran/r06/06-ekimu-kyousou-r-09.pdf,pdf,atla_riku,陸上装備研究所,防衛装備庁,2024,2024,3
https://www.mod.go.jp/atla/data/info/ny_kenkyu_riku/pdf_ichiran/r06/06-ekimu-kyousou-r-10.pdf,pdf,atla_riku,陸上装備研究所,防衛装備庁,2024,2024,5
https://www.mod.go.jp/atla/data/info/ny_kenkyu_riku/pdf_ichiran/r06/06-ekimu-kyousou-r-11.pdf,pdf,atla_riku,陸上装備研究所,防衛装備庁,2024,2024,8
https://www.mod.go.jp/atla/data/info/ny_kenkyu_riku/pdf_ichiran/r06/06-ekimu-kyousou-r-12.pdf,pdf,atla_riku,陸上装備研究所,防衛装備庁,2024,2024,3
https://www.mod.go.jp/atla/data/info/ny_kenkyu_riku/pdf_ichiran/r06/06-ekimu-zuikei-r-01.pdf,pdf,atla_riku,陸上装備研究所,防衛装備庁,2024,2024,6
https://www.mod.go.jp/atla/data/info/ny_kenkyu_riku/pdf_ichiran/r06/06-ekimu-zuikei-r-03.pdf,pdf,atla_riku,陸上装備研究所,防衛装備庁,2024,2024,1
https://www.mod.go.jp/atla/data/info/ny_kenkyu_riku/pdf_ichiran/r06/06-ekimu-zuikei-r-04.pdf,pdf,atla_riku,陸上装備研究所,防衛装備庁,2024,2024,13
https://www.mod.go.jp/atla/data/info/ny_kenkyu_riku/pdf_ichiran/r06/06-ekimu-zuikei-r-05.pdf,pdf,atla_riku,陸上装備研究所,防衛装備庁,2024,2024,5
https://www.mod.go.jp/atla/data/info/ny_kenkyu_riku/pdf_ichiran/r06/06-ekimu-zuikei-r-06.pdf,pdf,atla_riku,陸上装備研究所,防衛装備庁,2024,2024,4
https://www.mod.go.jp/atla/data/info/ny_kenkyu_riku/pdf_ichiran/r06/06-ekimu-zuikei-r-07.pdf,pdf,atla_riku,陸上装備研究所,防衛装備庁,2024,2024,10
https://www.mod.go.jp/atla/data/info/ny_kenkyu_riku/pdf_ichiran/r06/06-ekimu-zuikei-r-08.pdf,pdf,atla_riku,陸上装備研究所,防衛装備庁,2024,2024,6
https://www.mod.go.jp/atla/data/info/ny_kenkyu_riku/pdf_ichiran/r06/06-ekimu-zuikei-r-09.pdf,pdf,atla_riku,陸上装備研究所,防衛装備庁,2024,2024,9
https://www.mod.go.jp/atla/data/info/ny_kenkyu_riku/pdf_ichiran/r06/06-ekimu-zuikei-r-10.pdf,pdf,atla_riku,陸上装備研究所,防衛装備庁,2024,2024,6
https://www.mod.go.jp/atla/data/info/ny_kenkyu_riku/pdf_ichiran/r06/06-ekimu-zuikei-r-11.pdf,pdf,atla_riku,陸上装備研究所,防衛装備庁,2024,2024,9
https://www.mod.go.jp/atla/data/info/ny_kenkyu_riku/pdf_ichiran/r06/06-ekimu-zuikei-r-12.pdf,pdf,atla_riku,陸上装備研究所,防衛装備庁,2024,2024,10
https://www.mod.go.jp/atla/data/info/ny_kenkyu_riku/pdf_ichiran/r06/06-kouji-kyousou-r-07.pdf,pdf,atla_riku,陸上装備研究所,防衛装備庁,2024,2024,1
https://www.mod.go.jp/atla/data/info/ny_kenkyu_riku/pdf_ichiran/r06/06-kouji-kyousou-r-08.pdf,pdf,atla_riku,陸上装備研究所,防衛装備庁,2024,2024,1
https://www.mod.go.jp/atla/data/info/ny_kenkyu_riku/pdf_ichiran/r07/07-ekimu-kyousou-r-01.pdf,pdf,atla_riku,陸上装備研究所,防衛装備庁,2025,2025,6
https://www.mod.go.jp/atla/data/info/ny_kenkyu_riku/pdf_ichiran/r07/07-ekimu-kyousou-r-04.pdf,pdf,atla_riku,陸上装備研究所,防衛装備庁,2025,2025,8
https://www.mod.go.jp/atla/data/info/ny_kenkyu_riku/pdf_ichiran/r07/07-ekimu-kyousou-r-05.pdf,pdf,atla_riku,陸上装備研究所,防衛装備庁,2025,2025,8
https://www.mod.go.jp/atla/data/info/ny_kenkyu_riku/pdf_ichiran/r07/07-ekimu-kyousou-r-06.pdf,pdf,atla_riku,陸上装備研究所,防衛装備庁,2025,2025,4
https://www.mod.go.jp/atla/data/info/ny_kenkyu_riku/pdf_ichiran/r07/07-ekimu-kyousou-r-07.pdf,pdf,atla_riku,陸上装備研究所,防衛装備庁,2025,2025,2
https://www.mod.go.jp/atla/data/info/ny_kenkyu_riku/pdf_ichiran/r07/07-ekimu-kyousou-r-08.pdf,pdf,atla_riku,陸上装備研究所,防衛装備庁,2025,2025,4
https://www.mod.go.jp/atla/data/info/ny_kenkyu_riku/pdf_ichiran/r07/07-ekimu-kyousou-r-09.pdf,pdf,atla_riku,陸上装備研究所,防衛装備庁,2025,2025,6
https://www.mod.go.jp/atla/data/info/ny_kenkyu_riku/pdf_ichiran/r07/07-ekimu-kyousou-r-10.pdf,pdf,atla_riku,陸上装備研究所,防衛装備庁,2025,2025,5
https://www.mod.go.jp/atla/data/info/ny_kenkyu_riku/pdf_ichiran/r07/07-ekimu-kyousou-r-11.pdf,pdf,atla_riku,陸上装備研究所,防衛装備庁,2025,2025,11
https://www.mod.go.jp/atla/data/info/ny_kenkyu_riku/pdf_ichiran/r07/07-ekimu-kyousou-r-12.pdf,pdf,atla_riku,陸上装備研究所,防衛装備庁,2025,2025,4
https://www.mod.go.jp/atla/data/info/ny_kenkyu_riku/pdf_ichiran/r07/07-ekimu-zuikei-r-01.pdf,pdf,atla_riku,陸上装備研究所,防衛装備庁,2025,2025,9
https://www.mod.go.jp/atla/data/info/ny_kenkyu_riku/pdf_ichiran/r07/07-ekimu-zuikei-r-02.pdf,pdf,atla_riku,陸上装備研究所,防衛装備庁,2025,2025,4
https://www.mod.go.jp/atla/data/info/ny_kenkyu_riku/pdf_ichiran/r07/07-ekimu-zuikei-r-04.pdf,pdf,atla_riku,陸上装備研究所,防衛装備庁,2025,2025,9
https://www.mod.go.jp/atla/data/info/ny_kenkyu_riku/pdf_ichiran/r07/07-ekimu-zuikei-r-05.pdf,pdf,atla_riku,陸上装備研究所,防衛装備庁,2025,2025,11
https://www.mod.go.jp/atla/data/info/ny_kenkyu_riku/pdf_ichiran/r07/07-ekimu-zuikei-r-06.pdf,pdf,atla_riku,陸上装備研究所,防衛装備庁,2025,2025,16
https://www.mod.go.jp/atla/data/info/ny_kenkyu_riku/pdf_ichiran/r07/07-ekimu-zuikei-r-07.pdf,pdf,atla_riku,陸上装備研究所,防衛装備庁,2025,2025,10
https://www.mod.go.jp/atla/data/info/ny_kenkyu_riku/pdf_ichiran/r07/07-ekimu-zuikei-r-08.pdf,pdf,atla_riku,陸上装備研究所,防衛装備庁,2025,2025,6
https://www.mod.go.jp/atla/data/info/ny_kenkyu_riku/pdf_ichiran/r07/07-ekimu-zuikei-r-09.pdf,pdf,atla_riku,陸上装備研究所,防衛装備庁,2025,2025,6
https://www.mod.go.jp/atla/data/info/ny_kenkyu_riku/pdf_ichiran/r07/07-ekimu-zuikei-r-10.pdf,pdf,atla_riku,陸上装備研究所,防衛装備庁,2025,2025,8
https://www.mod.go.jp/atla/data/info/ny_kenkyu_riku/pdf_ichiran/r07/07-ekimu-zuikei-r-11.pdf,pdf,atla_riku,陸上装備研究所,防衛装備庁,2025,2025,7
https://www.mod.go.jp/atla/data/info/ny_kenkyu_riku/pdf_ichiran/r07/07-ekimu-zuikei-r-12.pdf,pdf,atla_riku,陸上装備研究所,防衛装備庁,2025,2025,10
https://www.mod.go.jp/atla/data/info/ny_shimokita/pdf_ichiran/r06/06-ekimu-kyousou-sh-01.pdf,pdf,atla_shimokita,下北試験場,防衛装備庁,2024,2024,8
https://www.mod.go.jp/atla/data/info/ny_shimokita/pdf_ichiran/r06/06-ekimu-kyousou-sh-02.pdf,pdf,atla_shimokita,下北試験場,防衛装備庁,2024,2024,1
https://www.mod.go.jp/atla/data/info/ny_shimokita/pdf_ichiran/r06/06-ekimu-kyousou-sh-03.pdf,pdf,atla_shimokita,下北試験場,防衛装備庁,2024,2024,1
https://www.mod.go.jp/atla/data/info/ny_shimokita/pdf_ichiran/r06/06-ekimu-kyousou-sh-04.pdf,pdf,atla_shimokita,下北試験場,防衛装備庁,2024,2024,6
https://www.mod.go.jp/atla/data/info/ny_shimokita/pdf_ichiran/r06/06-ekimu-kyousou-sh-05.pdf,pdf,atla_shimokita,下北試験場,防衛装備庁,2024,2024,5
https://www.mod.go.jp/atla/data/info/ny_shimokita/pdf_ichiran/r06/06-ekimu-kyousou-sh-06.pdf,pdf,atla_shimokita,下北試験場,防衛装備庁,2024,2024,7
https://www.mod.go.jp/atla/data/info/ny_shimokita/pdf_ichiran/r06/06-ekimu-kyousou-sh-07.pdf,pdf,atla_shimokita,下北試験場,防衛装備庁,2024,2024,15
https://www.mod.go.jp/atla/data/info/ny_shimokita/pdf_ichiran/r06/06-ekimu-kyousou-sh-08.pdf,pdf,atla_shimokita,下北試験場,防衛装備庁,2024,2024,3
https://www.mod.go.jp/atla/data/info/ny_shimokita/pdf_ichiran/r06/06-ekimu-kyousou-sh-09.pdf,pdf,atla_shimokita,下北試験場,防衛装備庁,2024,2024,6
https://www.mod.go.jp/atla/data/info/ny_shimokita/pdf_ichiran/r06/06-ekimu-kyousou-sh-10.pdf,pdf,atla_shimokita,下北試験場,防衛装備庁,2024,2024,6
https://www.mod.go.jp/atla/data/info/ny_shimokita/pdf_ichiran/r06/06-ekimu-kyousou-sh-11.pdf,pdf,atla_shimokita,下北試験場,防衛装備庁,2024,2024,4
https://www.mod.go.jp/atla/data/info/ny_shimokita/pdf_ichiran/r06/06-ekimu-kyousou-sh-12.pdf,pdf,atla_shimokita,下北試験場,防衛装備庁,2024,2024,6
https://www.mod.go.jp/atla/data/info/ny_shimokita/pdf_ichiran/r06/06-ekimu-zuikei-sh-06.pdf,pdf,atla_shimokita,下北試験場,防衛装備庁,2024,2024,2
https://www.mod.go.jp/atla/data/info/ny_shimokita/pdf_ichiran/r06/06-ekimu-zuikei-sh-07.pdf,pdf,atla_shimokita,下北試験場,防衛装備庁,2024,2024,1
https://www.mod.go.jp/atla/data/info/ny_shimokita/pdf_ichiran/r06/06-ekimu-zuikei-sh-08.pdf,pdf,atla_shimokita,下北試験場,防衛装備庁,2024,2024,1
https://www.mod.go.jp/atla/data/info/ny_shimokita/pdf_ichiran/r06/06-ekimu-zuikei-sh-09.pdf,pdf,atla_shimokita,下北試験場,防衛装備庁,2024,2024,2
https://www.mod.go.jp/atla/data/info/ny_shimokita/pdf_ichiran/r06/06-ekimu-zuikei-sh-10.pdf,pdf,atla_shimokita,下北試験場,防衛装備庁,2024,2024,1
https://www.mod.go.jp/atla/data/info/ny_shimokita/pdf_ichiran/r06/06-ekimu-zuikei-sh-11.pdf,pdf,atla_shimokita,下北試験場,防衛装備庁,2024,2024,4
https://www.mod.go.jp/atla/data/info/ny_shimokita/pdf_ichiran/r06/06-ekimu-zuikei-sh-12.pdf,pdf,atla_shimokita,下北試験場,防衛装備庁,2024,2024,2
https://www.mod.go.jp/atla/data/info/ny_shimokita/pdf_ichiran/r06/06-kouji-kyousou-sh-09.pdf,pdf,atla_shimokita,下北試験場,防衛装備庁,2024,2024,1
https://www.mod.go.jp/atla/data/info/ny_shimokita/pdf_ichiran/r07/07-ekimu-kyousou-sh-01.pdf,pdf,atla_shimokita,下北試験場,防衛装備庁,2025,2025,3
https://www.mod.go.jp/atla/data/info/ny_shimokita/pdf_ichiran/r07/07-ekimu-kyousou-sh-02.pdf,pdf,atla_shimokita,下北試験場,防衛装備庁,2025,2025,2
https://www.mod.go.jp/atla/data/info/ny_shimokita/pdf_ichiran/r07/07-ekimu-kyousou-sh-04.pdf,pdf,atla_shimokita,下北試験場,防衛装備庁,2025,2025,7
https://www.mod.go.jp/atla/data/info/ny_shimokita/pdf_ichiran/r07/07-ekimu-kyousou-sh-05.pdf,pdf,atla_shimokita,下北試験場,防衛装備庁,2025,2025,3
https://www.mod.go.jp/atla/data/info/ny_shimokita/pdf_ichiran/r07/07-ekimu-kyousou-sh-06.pdf,pdf,atla_shimokita,下北試験場,防衛装備庁,2025,2025,2
https://www.mod.go.jp/atla/data/info/ny_shimokita/pdf_ichiran/r07/07-ekimu-kyousou-sh-07.pdf,pdf,atla_shimokita,下北試験場,防衛装備庁,2025,2025,6
https://www.mod.go.jp/atla/data/info/ny_shimokita/pdf_ichiran/r07/07-ekimu-kyousou-sh-08.pdf,pdf,atla_shimokita,下北試験場,防衛装備庁,2025,2025,2
https://www.mod.go.jp/atla/data/info/ny_shimokita/pdf_ichiran/r07/07-ekimu-kyousou-sh-09.pdf,pdf,atla_shimokita,下北試験場,防衛装備庁,2025,2025,4
https://www.mod.go.jp/atla/data/info/ny_shimokita/pdf_ichiran/r07/07-ekimu-kyousou-sh-10.pdf,pdf,atla_shimokita,下北試験場,防衛装備庁,2025,2025,6
https://www.mod.go.jp/atla/data/info/ny_shimokita/pdf_ichiran/r07/07-ekimu-kyousou-sh-11.pdf,pdf,atla_shimokita,下北試験場,防衛装備庁,2025,2025,3
https://www.mod.go.jp/atla/data/info/ny_shimokita/pdf_ichiran/r07/07-ekimu-kyousou-sh-12.pdf,pdf,atla_shimokita,下北試験場,防衛装備庁,2025,2025,6
https://www.mod.go.jp/atla/data/info/ny_shimokita/pdf_ichiran/r07/07-ekimu-zuikei-sh-01.pdf,pdf,atla_shimokita,下北試験場,防衛装備庁,2025,2025,2
https://www.mod.go.jp/atla/data/info/ny_shimokita/pdf_ichiran/r07/07-ekimu-zuikei-sh-04.pdf,pdf,atla_shimokita,下北試験場,防衛装備庁,2025,2025,1
https://www.mod.go.jp/atla/data/info/ny_shimokita/pdf_ichiran/r07/07-ekimu-zuikei-sh-08.pdf,pdf,atla_shimokita,下北試験場,防衛装備庁,2025,2025,3
https://www.mod.go.jp/atla/data/info/ny_shimokita/pdf_ichiran/r07/07-ekimu-zuikei-sh-09.pdf,pdf,atla_shimokita,下北試験場,防衛装備庁,2025,2025,1
https://www.mod.go.jp/atla/data/info/ny_shimokita/pdf_ichiran/r07/07-ekimu-zuikei-sh-10.pdf,pdf,atla_shimokita,下北試験場,防衛装備庁,2025,2025,3
https://www.mod.go.jp/atla/data/info/ny_shimokita/pdf_ichiran/r07/07-ekimu-zuikei-sh-11.pdf,pdf,atla_shimokita,下北試験場,防衛装備庁,2025,2025,1
https://www.mod.go.jp/atla/data/info/ny_shimokita/pdf_ichiran/r07/07-kouji-kyousou-sh-07.pdf,pdf,atla_shimokita,下北試験場,防衛装備庁,2025,2025,1
https://www.mod.go.jp/atla/data/info/ny_shimokita/pdf_ichiran/r07/07-kouji-kyousou-sh-08.pdf,pdf,atla_shimokita,下北試験場,防衛装備庁,2025,2025,1
https://www.mod.go.jp/atla/data/info/ny_kenkyu_shinsedai/pdf_ichiran/r06/06-ekimu-kyousou-shi-01.pdf,pdf,atla_shinsedai,新世代装備研究所,防衛装備庁,2024,2024,13
https://www.mod.go.jp/atla/data/info/ny_kenkyu_shinsedai/pdf_ichiran/r06/06-ekimu-kyousou-shi-02.pdf,pdf,atla_shinsedai,新世代装備研究所,防衛装備庁,2024,2024,7
https://www.mod.go.jp/atla/data/info/ny_kenkyu_shinsedai/pdf_ichiran/r06/06-ekimu-kyousou-shi-03.pdf,pdf,atla_shinsedai,新世代装備研究所,防衛装備庁,2024,2024,1
https://www.mod.go.jp/atla/data/info/ny_kenkyu_shinsedai/pdf_ichiran/r06/06-ekimu-kyousou-shi-10.pdf,pdf,atla_shinsedai,新世代装備研究所,防衛装備庁,2024,2024,8
https://www.mod.go.jp/atla/data/info/ny_kenkyu_shinsedai/pdf_ichiran/r06/06-ekimu-kyousou-shi-11.pdf,pdf,atla_shinsedai,新世代装備研究所,防衛装備庁,2024,2024,10
https://www.mod.go.jp/atla/data/info/ny_kenkyu_shinsedai/pdf_ichiran/r06/06-ekimu-kyousou-shi-12.pdf,pdf,atla_shinsedai,新世代装備研究所,防衛装備庁,2024,2024,16
https://www.mod.go.jp/atla/data/info/ny_kenkyu_shinsedai/pdf_ichiran/r06/06-ekimu-zuikei-shi-01.pdf,pdf,atla_shinsedai,新世代装備研究所,防衛装備庁,2024,2024,4
https://www.mod.go.jp/atla/data/info/ny_kenkyu_shinsedai/pdf_ichiran/r06/06-ekimu-zuikei-shi-02.pdf,pdf,atla_shinsedai,新世代装備研究所,防衛装備庁,2024,2024,9
https://www.mod.go.jp/atla/data/info/ny_kenkyu_shinsedai/pdf_ichiran/r06/06-ekimu-zuikei-shi-03.pdf,pdf,atla_shinsedai,新世代装備研究所,防衛装備庁,2024,2024,1
https://www.mod.go.jp/atla/data/info/ny_kenkyu_shinsedai/pdf_ichiran/r06/06-ekimu-zuikei-shi-10.pdf,pdf,atla_shinsedai,新世代装備研究所,防衛装備庁,2024,2024,5
https://www.mod.go.jp/atla/data/info/ny_kenkyu_shinsedai/pdf_ichiran/r06/06-ekimu-zuikei-shi-11.pdf,pdf,atla_shinsedai,新世代装備研究所,防衛装備庁,2024,2024,8
https://www.mod.go.jp/atla/data/info/ny_kenkyu_shinsedai/pdf_ichiran/r06/06-ekimu-zuikei-shi-12.pdf,pdf,atla_shinsedai,新世代装備研究所,防衛装備庁,2024,2024,7
https://www.mod.go.jp/atla/data/info/ny_kenkyu_shinsedai/pdf_ichiran/r07/07-ekimu-kyousou-shi-01.pdf,pdf,atla_shinsedai,新世代装備研究所,防衛装備庁,2025,2025,7
https://www.mod.go.jp/atla/data/info/ny_kenkyu_shinsedai/pdf_ichiran/r07/07-ekimu-kyousou-shi-02.pdf,pdf,atla_shinsedai,新世代装備研究所,防衛装備庁,2025,2025,1
https://www.mod.go.jp/atla/data/info/ny_kenkyu_shinsedai/pdf_ichiran/r07/07-ekimu-kyousou-shi-03.pdf,pdf,atla_shinsedai,新世代装備研究所,防衛装備庁,2025,2025,1
https://www.mod.go.jp/atla/data/info/ny_kenkyu_shinsedai/pdf_ichiran/r07/07-ekimu-kyousou-shi-04.pdf,pdf,atla_shinsedai,新世代装備研究所,防衛装備庁,2025,2025,10
https://www.mod.go.jp/atla/data/info/ny_kenkyu_shinsedai/pdf_ichiran/r07/07-ekimu-kyousou-shi-05.pdf,pdf,atla_shinsedai,新世代装備研究所,防衛装備庁,2025,2025,1
https://www.mod.go.jp/atla/data/info/ny_kenkyu_shinsedai/pdf_ichiran/r07/07-ekimu-kyousou-shi-06.pdf,pdf,atla_shinsedai,新世代装備研究所,防衛装備庁,2025,2025,1
https://www.mod.go.jp/atla/data/info/ny_kenkyu_shinsedai/pdf_ichiran/r07/07-ekimu-kyousou-shi-07.pdf,pdf,atla_shinsedai,新世代装備研究所,防衛装備庁,2025,2025,4
https://www.mod.go.jp/atla/data/info/ny_kenkyu_shinsedai/pdf_ichiran/r07/07-ekimu-kyousou-shi-08.pdf,pdf,atla_shinsedai,新世代装備研究所,防衛装備庁,2025,2025,9
https://www.mod.go.jp/atla/data/info/ny_kenkyu_shinsedai/pdf_ichiran/r07/07-ekimu-kyousou-shi-09.pdf,pdf,atla_shinsedai,新世代装備研究所,防衛装備庁,2025,2025,3
https://www.mod.go.jp/atla/data/info/ny_kenkyu_shinsedai/pdf_ichiran/r07/07-ekimu-kyousou-shi-10.pdf,pdf,atla_shinsedai,新世代装備研究所,防衛装備庁,2025,2025,2
https://www.mod.go.jp/atla/data/info/ny_kenkyu_shinsedai/pdf_ichiran/r07/07-ekimu-kyousou-shi-11.pdf,pdf,atla_shinsedai,新世代装備研究所,防衛装備庁,2025,2025,8
https://www.mod.go.jp/atla/data/info/ny_kenkyu_shinsedai/pdf_ichiran/r07/07-ekimu-kyousou-shi-12.pdf,pdf,atla_shinsedai,新世代装備研究所,防衛装備庁,2025,2025,4
https://www.mod.go.jp/atla/data/info/ny_kenkyu_shinsedai/pdf_ichiran/r07/07-ekimu-zuikei-shi-01.pdf,pdf,atla_shinsedai,新世代装備研究所,防衛装備庁,2025,2025,10
https://www.mod.go.jp/atla/data/info/ny_kenkyu_shinsedai/pdf_ichiran/r07/07-ekimu-zuikei-shi-02.pdf,pdf,atla_shinsedai,新世代装備研究所,防衛装備庁,2025,2025,4
https://www.mod.go.jp/atla/data/info/ny_kenkyu_shinsedai/pdf_ichiran/r07/07-ekimu-zuikei-shi-03.pdf,pdf,atla_shinsedai,新世代装備研究所,防衛装備庁,2025,2025,1
https://www.mod.go.jp/atla/data/info/ny_kenkyu_shinsedai/pdf_ichiran/r07/07-ekimu-zuikei-shi-04.pdf,pdf,atla_shinsedai,新世代装備研究所,防衛装備庁,2025,2025,3
https://www.mod.go.jp/atla/data/info/ny_kenkyu_shinsedai/pdf_ichiran/r07/07-ekimu-zuikei-shi-05.pdf,pdf,atla_shinsedai,新世代装備研究所,防衛装備庁,2025,2025,2
https://www.mod.go.jp/atla/data/info/ny_kenkyu_shinsedai/pdf_ichiran/r07/07-ekimu-zuikei-shi-06.pdf,pdf,atla_shinsedai,新世代装備研究所,防衛装備庁,2025,2025,1
https://www.mod.go.jp/atla/data/info/ny_kenkyu_shinsedai/pdf_ichiran/r07/07-ekimu-zuikei-shi-07.pdf,pdf,atla_shinsedai,新世代装備研究所,防衛装備庁,2025,2025,3
https://www.mod.go.jp/atla/data/info/ny_kenkyu_shinsedai/pdf_ichiran/r07/07-ekimu-zuikei-shi-08.pdf,pdf,atla_shinsedai,新世代装備研究所,防衛装備庁,2025,2025,7
https://www.mod.go.jp/atla/data/info/ny_kenkyu_shinsedai/pdf_ichiran/r07/07-ekimu-zuikei-shi-09.pdf,pdf,atla_shinsedai,新世代装備研究所,防衛装備庁,2025,2025,6
https://www.mod.go.jp/atla/data/info/ny_kenkyu_shinsedai/pdf_ichiran/r07/07-ekimu-zuikei-shi-10.pdf,pdf,atla_shinsedai,新世代装備研究所,防衛装備庁,2025,2025,6
https://www.mod.go.jp/atla/data/info/ny_kenkyu_shinsedai/pdf_ichiran/r07/07-ekimu-zuikei-shi-11.pdf,pdf,atla_shinsedai,新世代装備研究所,防衛装備庁,2025,2025,14
https://www.mod.go.jp/atla/data/info/ny_kenkyu_shinsedai/pdf_ichiran/r07/07-ekimu-zuikei-shi-12.pdf,pdf,atla_shinsedai,新世代装備研究所,防衛装備庁,2025,2025,14
https://www.mod.go.jp/dih/8.2-kyousou.pdf,pdf,dih,情報本部,情報本部,2025,2025,3
https://www.mod.go.jp/dih/8.2-zuikei.pdf,pdf,dih,情報本部,情報本部,2025,2025,9
https://www.mod.go.jp/dih/R7.10-kyousou.pdf,pdf,dih,情報本部,情報本部,2025,2025,9
https://www.mod.go.jp/dih/R7.10-zuikei.pdf,pdf,dih,情報本部,情報本部,2025,2025,9
https://www.mod.go.jp/dih/R7.11-kyousou.pdf,pdf,dih,情報本部,情報本部,2025,2025,9
https://www.mod.go.jp/dih/R7.11-zuikei.pdf,pdf,dih,情報本部,情報本部,2025,2025,9
https://www.mod.go.jp/dih/R7.12-kyousou.pdf,pdf,dih,情報本部,情報本部,2025,2025,9
https://www.mod.go.jp/dih/R7.12-zuikei.pdf,pdf,dih,情報本部,情報本部,2025,2025,9
https://www.mod.go.jp/dih/R7.4-kyousou.pdf,pdf,dih,情報本部,情報本部,2025,2025,9
https://www.mod.go.jp/dih/R7.4-zuikei.pdf,pdf,dih,情報本部,情報本部,2025,2025,9
https://www.mod.go.jp/dih/R7.5-kyousou.pdf,pdf,dih,情報本部,情報本部,2025,2025,5
https://www.mod.go.jp/dih/R7.5-zuikei.pdf,pdf,dih,情報本部,情報本部,2025,2025,4
https://www.mod.go.jp/dih/R7.6-kyousou.pdf,pdf,dih,情報本部,情報本部,2025,2025,1
https://www.mod.go.jp/dih/R7.6-zuikei.pdf,pdf,dih,情報本部,情報本部,2025,2025,3
https://www.mod.go.jp/dih/R7.7-kyousou.pdf,pdf,dih,情報本部,情報本部,2025,2025,7
https://www.mod.go.jp/dih/R7.7-zuikei.pdf,pdf,dih,情報本部,情報本部,2025,2025,4
https://www.mod.go.jp/dih/R7.8-kyousou.pdf,pdf,dih,情報本部,情報本部,2025,2025,8
https://www.mod.go.jp/dih/R7.8-zuikei.pdf,pdf,dih,情報本部,情報本部,2025,2025,5
https://www.mod.go.jp/dih/R7.9-kyousou.pdf,pdf,dih,情報本部,情報本部,2025,2025,8
https://www.mod.go.jp/dih/R7.9-zuikei.pdf,pdf,dih,情報本部,情報本部,2025,2025,9
https://www.mod.go.jp/dih/R8.1-kyousou.pdf,pdf,dih,情報本部,情報本部,2025,2025,9
https://www.mod.go.jp/dih/R8.1-zuikei.pdf,pdf,dih,情報本部,情報本部,2025,2025,9
https://www.mod.go.jp/gsdf/aasch/aaspr-hp/sta-intro/draft/announce/nk7ipp.pdf,pdf,gsdf_aasch,高射学校,陸上自衛隊,2025,2025,41
https://www.mod.go.jp/gsdf/aasch/aaspr-hp/sta-intro/draft/announce/nk7zui.pdf,pdf,gsdf_aasch,高射学校,陸上自衛隊,2025,2025,4
https://www.mod.go.jp/gsdf/akeno/img/img-fin/koukai/r5/1.pdf,pdf,gsdf_akeno,航空学校,陸上自衛隊,2023,2023,2
https://www.mod.go.jp/gsdf/akeno/img/img-fin/koukai/r5/10.pdf,pdf,gsdf_akeno,航空学校,陸上自衛隊,2023,2023,1
https://www.mod.go.jp/gsdf/akeno/img/img-fin/koukai/r5/11.pdf,pdf,gsdf_akeno,航空学校,陸上自衛隊,2023,2023,1
https://www.mod.go.jp/gsdf/akeno/img/img-fin/koukai/r5/12.pdf,pdf,gsdf_akeno,航空学校,陸上自衛隊,2023,2023,5
https://www.mod.go.jp/gsdf/akeno/img/img-fin/koukai/r5/2.pdf,pdf,gsdf_akeno,航空学校,陸上自衛隊,2023,2023,1
https://www.mod.go.jp/gsdf/akeno/img/img-fin/koukai/r5/3.pdf,pdf,gsdf_akeno,航空学校,陸上自衛隊,2023,2023,3
https://www.mod.go.jp/gsdf/akeno/img/img-fin/koukai/r5/4.pdf,pdf,gsdf_akeno,航空学校,陸上自衛隊,2023,2023,9
https://www.mod.go.jp/gsdf/akeno/img/img-fin/koukai/r5/5.pdf,pdf,gsdf_akeno,航空学校,陸上自衛隊,2023,2023,1
https://www.mod.go.jp/gsdf/akeno/img/img-fin/koukai/r5/6.pdf,pdf,gsdf_akeno,航空学校,陸上自衛隊,2023,2023,2
https://www.mod.go.jp/gsdf/akeno/img/img-fin/koukai/r5/7.pdf,pdf,gsdf_akeno,航空学校,陸上自衛隊,2023,2023,2
https://www.mod.go.jp/gsdf/akeno/img/img-fin/koukai/r5/8.pdf,pdf,gsdf_akeno,航空学校,陸上自衛隊,2023,2023,4
https://www.mod.go.jp/gsdf/akeno/img/img-fin/koukai/r6/1.pdf,pdf,gsdf_akeno,航空学校,陸上自衛隊,2024,2024,17
https://www.mod.go.jp/gsdf/akeno/img/img-fin/koukai/r6/10.pdf,pdf,gsdf_akeno,航空学校,陸上自衛隊,2024,2024,7
https://www.mod.go.jp/gsdf/akeno/img/img-fin/koukai/r6/11.pdf,pdf,gsdf_akeno,航空学校,陸上自衛隊,2024,2024,5
https://www.mod.go.jp/gsdf/akeno/img/img-fin/koukai/r6/12.pdf,pdf,gsdf_akeno,航空学校,陸上自衛隊,2024,2024,7
https://www.mod.go.jp/gsdf/akeno/img/img-fin/koukai/r6/2.pdf,pdf,gsdf_akeno,航空学校,陸上自衛隊,2024,2024,12
https://www.mod.go.jp/gsdf/akeno/img/img-fin/koukai/r6/3.pdf,pdf,gsdf_akeno,航空学校,陸上自衛隊,2024,2024,1
https://www.mod.go.jp/gsdf/akeno/img/img-fin/koukai/r6/4.pdf,pdf,gsdf_akeno,航空学校,陸上自衛隊,2024,2024,8
https://www.mod.go.jp/gsdf/akeno/img/img-fin/koukai/r6/6.pdf,pdf,gsdf_akeno,航空学校,陸上自衛隊,2024,2024,5
https://www.mod.go.jp/gsdf/akeno/img/img-fin/koukai/r6/7.pdf,pdf,gsdf_akeno,航空学校,陸上自衛隊,2024,2024,1
https://www.mod.go.jp/gsdf/akeno/img/img-fin/koukai/r6/8.pdf,pdf,gsdf_akeno,航空学校,陸上自衛隊,2024,2024,5
https://www.mod.go.jp/gsdf/akeno/img/img-fin/koukai/r6/9.pdf,pdf,gsdf_akeno,航空学校,陸上自衛隊,2024,2024,1
https://www.mod.go.jp/gsdf/akeno/img/img-fin/koukai/r7/1.pdf,pdf,gsdf_akeno,航空学校,陸上自衛隊,2025,2025,3
https://www.mod.go.jp/gsdf/akeno/img/img-fin/koukai/r7/10.pdf,pdf,gsdf_akeno,航空学校,陸上自衛隊,2025,2025,1
https://www.mod.go.jp/gsdf/akeno/img/img-fin/koukai/r7/11.pdf,pdf,gsdf_akeno,航空学校,陸上自衛隊,2025,2025,2
https://www.mod.go.jp/gsdf/akeno/img/img-fin/koukai/r7/12.pdf,pdf,gsdf_akeno,航空学校,陸上自衛隊,2025,2025,3
https://www.mod.go.jp/gsdf/akeno/img/img-fin/koukai/r7/2.pdf,pdf,gsdf_akeno,航空学校,陸上自衛隊,2025,2025,8
https://www.mod.go.jp/gsdf/akeno/img/img-fin/koukai/r7/3.pdf,pdf,gsdf_akeno,航空学校,陸上自衛隊,2025,2025,1
https://www.mod.go.jp/gsdf/akeno/img/img-fin/koukai/r7/4-1.pdf,pdf,gsdf_akeno,航空学校,陸上自衛隊,2025,2025,12
https://www.mod.go.jp/gsdf/akeno/img/img-fin/koukai/r7/5.pdf,pdf,gsdf_akeno,航空学校,陸上自衛隊,2025,2025,1
https://www.mod.go.jp/gsdf/akeno/img/img-fin/koukai/r7/6-1.pdf,pdf,gsdf_akeno,航空学校,陸上自衛隊,2025,2025,2
https://www.mod.go.jp/gsdf/akeno/img/img-fin/koukai/r7/7.pdf,pdf,gsdf_akeno,航空学校,陸上自衛隊,2025,2025,1
https://www.mod.go.jp/gsdf/akeno/img/img-fin/koukai/r7/8.pdf,pdf,gsdf_akeno,航空学校,陸上自衛隊,2025,2025,1
https://www.mod.go.jp/gsdf/akeno/img/img-fin/koukai/r7/9.pdf,pdf,gsdf_akeno,航空学校,陸上自衛隊,2025,2025,3
https://www.mod.go.jp/gsdf/ord_sch/07_fin/pdf/Joho/Buppin/7-1buppinzuikei.pdf,pdf,gsdf_buki,武器学校,陸上自衛隊,2024,2024,3
https://www.mod.go.jp/gsdf/ord_sch/07_fin/pdf/Joho/Buppin/7-2buppinzuikei.pdf,pdf,gsdf_buki,武器学校,陸上自衛隊,2024,2024,1
https://www.mod.go.jp/gsdf/ord_sch/07_fin/pdf/Joho/Buppin/7-4butu-iti-.pdf,warp_crawler,gsdf_buki,武器学校,陸上自衛隊,2025,2025,6
https://www.mod.go.jp/gsdf/ord_sch/07_fin/pdf/Joho/Buppin/7-4butu-zui-.pdf,warp_crawler,gsdf_buki,武器学校,陸上自衛隊,2025,2025,1
https://www.mod.go.jp/gsdf/ord_sch/07_fin/pdf/Joho/Buppin/7-6butu-iti-.pdf,warp_crawler,gsdf_buki,武器学校,陸上自衛隊,2025,2025,2
https://www.mod.go.jp/gsdf/ord_sch/07_fin/pdf/Joho/Buppin/7-6butu-zui-.pdf,warp_crawler,gsdf_buki,武器学校,陸上自衛隊,2025,2025,1
https://www.mod.go.jp/gsdf/ord_sch/07_fin/pdf/Joho/Buppin/7-7butu-iti-.pdf,warp_crawler,gsdf_buki,武器学校,陸上自衛隊,2025,2025,1
https://www.mod.go.jp/gsdf/ord_sch/07_fin/pdf/Joho/Buppin/7-8butu-zui-.pdf,warp_crawler,gsdf_buki,武器学校,陸上自衛隊,2025,2025,1
https://www.mod.go.jp/gsdf/ord_sch/07_fin/pdf/Joho/Buppin/7-9butu-iti-.pdf,warp_crawler,gsdf_buki,武器学校,陸上自衛隊,2025,2025,1
https://www.mod.go.jp/gsdf/dc/cfin/html/img/file10.pdf,pdf,gsdf_cfin,陸自中央会計隊,陸上自衛隊,2025,2025,34
https://www.mod.go.jp/gsdf/dc/cfin/html/img/file107.pdf,pdf,gsdf_cfin,陸自中央会計隊,陸上自衛隊,2022,2022,12
https://www.mod.go.jp/gsdf/dc/cfin/html/img/file11.pdf,pdf,gsdf_cfin,陸自中央会計隊,陸上自衛隊,2025,2025,39
https://www.mod.go.jp/gsdf/dc/cfin/html/img/file119.pdf,pdf,gsdf_cfin,陸自中央会計隊,陸上自衛隊,2024,2024,30
https://www.mod.go.jp/gsdf/dc/cfin/html/img/file12.pdf,pdf,gsdf_cfin,陸自中央会計隊,陸上自衛隊,2025,2025,31
https://www.mod.go.jp/gsdf/dc/cfin/html/img/file13.pdf,pdf,gsdf_cfin,陸自中央会計隊,陸上自衛隊,2025,2025,31
https://www.mod.go.jp/gsdf/dc/cfin/html/img/file14.pdf,pdf,gsdf_cfin,陸自中央会計隊,陸上自衛隊,2025,2025,36
https://www.mod.go.jp/gsdf/dc/cfin/html/img/file148.pdf,pdf,gsdf_cfin,陸自中央会計隊,陸上自衛隊,2024,2024,34
https://www.mod.go.jp/gsdf/dc/cfin/html/img/file15.pdf,pdf,gsdf_cfin,陸自中央会計隊,陸上自衛隊,2025,2025,31
https://www.mod.go.jp/gsdf/dc/cfin/html/img/file210.pdf,pdf,gsdf_cfin,陸自中央会計隊,陸上自衛隊,2024,2024,33
https://www.mod.go.jp/gsdf/dc/cfin/html/img/file276.pdf,pdf,gsdf_cfin,陸自中央会計隊,陸上自衛隊,2024,2024,62
https://www.mod.go.jp/gsdf/dc/cfin/html/img/file282.pdf,pdf,gsdf_cfin,陸自中央会計隊,陸上自衛隊,2023,2023,40
https://www.mod.go.jp/gsdf/dc/cfin/html/img/file283.pdf,pdf,gsdf_cfin,陸自中央会計隊,陸上自衛隊,2023,2023,19
https://www.mod.go.jp/gsdf/dc/cfin/html/img/file284.pdf,pdf,gsdf_cfin,陸自中央会計隊,陸上自衛隊,2023,2023,39
https://www.mod.go.jp/gsdf/dc/cfin/html/img/file285.pdf,pdf,gsdf_cfin,陸自中央会計隊,陸上自衛隊,2022,2022,93
https://www.mod.go.jp/gsdf/dc/cfin/html/img/file286.pdf,pdf,gsdf_cfin,陸自中央会計隊,陸上自衛隊,2022,2022,12
https://www.mod.go.jp/gsdf/dc/cfin/html/img/file287.pdf,pdf,gsdf_cfin,陸自中央会計隊,陸上自衛隊,2023,2023,36
https://www.mod.go.jp/gsdf/dc/cfin/html/img/file288.pdf,pdf,gsdf_cfin,陸自中央会計隊,陸上自衛隊,2023,2023,67
https://www.mod.go.jp/gsdf/dc/cfin/html/img/file289.pdf,pdf,gsdf_cfin,陸自中央会計隊,陸上自衛隊,2023,2023,14
https://www.mod.go.jp/gsdf/dc/cfin/html/img/file3.pdf,pdf,gsdf_cfin,陸自中央会計隊,陸上自衛隊,2024,2024,77
https://www.mod.go.jp/gsdf/dc/cfin/html/img/file305.pdf,pdf,gsdf_cfin,陸自中央会計隊,陸上自衛隊,2022,2022,22
https://www.mod.go.jp/gsdf/dc/cfin/html/img/file324.pdf,pdf,gsdf_cfin,陸自中央会計隊,陸上自衛隊,2022,2022,13
https://www.mod.go.jp/gsdf/dc/cfin/html/img/file327.pdf,pdf,gsdf_cfin,陸自中央会計隊,陸上自衛隊,2024,2024,34
https://www.mod.go.jp/gsdf/dc/cfin/html/img/file338.pdf,pdf,gsdf_cfin,陸自中央会計隊,陸上自衛隊,2024,2024,53
https://www.mod.go.jp/gsdf/dc/cfin/html/img/file378.pdf,pdf,gsdf_cfin,陸自中央会計隊,陸上自衛隊,2022,2022,26
https://www.mod.go.jp/gsdf/dc/cfin/html/img/file396.pdf,pdf,gsdf_cfin,陸自中央会計隊,陸上自衛隊,2022,2022,29
https://www.mod.go.jp/gsdf/dc/cfin/html/img/file4.pdf,pdf,gsdf_cfin,陸自中央会計隊,陸上自衛隊,2024,2024,28
https://www.mod.go.jp/gsdf/dc/cfin/html/img/file409.pdf,pdf,gsdf_cfin,陸自中央会計隊,陸上自衛隊,2022,2022,30
https://www.mod.go.jp/gsdf/dc/cfin/html/img/file457.pdf,pdf,gsdf_cfin,陸自中央会計隊,陸上自衛隊,2022,2022,23
https://www.mod.go.jp/gsdf/dc/cfin/html/img/file484.pdf,pdf,gsdf_cfin,陸自中央会計隊,陸上自衛隊,2024,2024,51
https://www.mod.go.jp/gsdf/dc/cfin/html/img/file496.pdf,pdf,gsdf_cfin,陸自中央会計隊,陸上自衛隊,2022,2022,21
https://www.mod.go.jp/gsdf/dc/cfin/html/img/file5.pdf,pdf,gsdf_cfin,陸自中央会計隊,陸上自衛隊,2025,2025,116
https://www.mod.go.jp/gsdf/dc/cfin/html/img/file506.pdf,pdf,gsdf_cfin,陸自中央会計隊,陸上自衛隊,2022,2022,36
https://www.mod.go.jp/gsdf/dc/cfin/html/img/file523.pdf,pdf,gsdf_cfin,陸自中央会計隊,陸上自衛隊,2022,2022,18
https://www.mod.go.jp/gsdf/dc/cfin/html/img/file54.pdf,pdf,gsdf_cfin,陸自中央会計隊,陸上自衛隊,2024,2024,31
https://www.mod.go.jp/gsdf/dc/cfin/html/img/file545.pdf,pdf,gsdf_cfin,陸自中央会計隊,陸上自衛隊,2023,2023,111
https://www.mod.go.jp/gsdf/dc/cfin/html/img/file55.pdf,pdf,gsdf_cfin,陸自中央会計隊,陸上自衛隊,2024,2024,117
https://www.mod.go.jp/gsdf/dc/cfin/html/img/file563.pdf,pdf,gsdf_cfin,陸自中央会計隊,陸上自衛隊,2023,2023,20
https://www.mod.go.jp/gsdf/dc/cfin/html/img/file599.pdf,pdf,gsdf_cfin,陸自中央会計隊,陸上自衛隊,2023,2023,16
https://www.mod.go.jp/gsdf/dc/cfin/html/img/file6.pdf,pdf,gsdf_cfin,陸自中央会計隊,陸上自衛隊,2025,2025,30
https://www.mod.go.jp/gsdf/dc/cfin/html/img/file626.pdf,pdf,gsdf_cfin,陸自中央会計隊,陸上自衛隊,2023,2023,32
https://www.mod.go.jp/gsdf/dc/cfin/html/img/file653.pdf,pdf,gsdf_cfin,陸自中央会計隊,陸上自衛隊,2023,2023,41
https://www.mod.go.jp/gsdf/dc/cfin/html/img/file7.pdf,pdf,gsdf_cfin,陸自中央会計隊,陸上自衛隊,2025,2025,23
https://www.mod.go.jp/gsdf/dc/cfin/html/img/file8.pdf,pdf,gsdf_cfin,陸自中央会計隊,陸上自衛隊,2025,2025,15
https://www.mod.go.jp/gsdf/dc/cfin/html/img/file9.pdf,pdf,gsdf_cfin,陸自中央会計隊,陸上自衛隊,2025,2025,26
https://www.mod.go.jp/gsdf/dc/cfin/html/img/file95.pdf,pdf,gsdf_cfin,陸自中央会計隊,陸上自衛隊,2024,2024,29
https://www.mod.go.jp/gsdf/dc/cfin/html/img/file960.pdf,pdf,gsdf_cfin,陸自中央会計隊,陸上自衛隊,2025,2025,20
https://www.mod.go.jp/gsdf/chosp/fin/buppinekimu-kyousou_R7.10.pdf,pdf,gsdf_chosp,中央病院,陸上自衛隊,2025,2025,5
https://www.mod.go.jp/gsdf/chosp/fin/buppinekimu-kyousou_R7.11.pdf,pdf,gsdf_chosp,中央病院,陸上自衛隊,2025,2025,7
https://www.mod.go.jp/gsdf/chosp/fin/buppinekimu-kyousou_R7.12.pdf,pdf,gsdf_chosp,中央病院,陸上自衛隊,2025,2025,6
https://www.mod.go.jp/gsdf/chosp/fin/buppinekimu-kyousou_R7.4.pdf,pdf,gsdf_chosp,中央病院,陸上自衛隊,2025,2025,139
https://www.mod.go.jp/gsdf/chosp/fin/buppinekimu-kyousou_R7.5.pdf,pdf,gsdf_chosp,中央病院,陸上自衛隊,2025,2025,2
https://www.mod.go.jp/gsdf/chosp/fin/buppinekimu-kyousou_R7.6.pdf,pdf,gsdf_chosp,中央病院,陸上自衛隊,2025,2025,8
https://www.mod.go.jp/gsdf/chosp/fin/buppinekimu-kyousou_R7.7.pdf,pdf,gsdf_chosp,中央病院,陸上自衛隊,2025,2025,6
https://www.mod.go.jp/gsdf/chosp/fin/buppinekimu-kyousou_R7.9.pdf,pdf,gsdf_chosp,中央病院,陸上自衛隊,2025,2025,11
https://www.mod.go.jp/gsdf/chosp/fin/buppinekimu-kyousou_R8.1.pdf,pdf,gsdf_chosp,中央病院,陸上自衛隊,2025,2025,7
https://www.mod.go.jp/gsdf/chosp/fin/buppinekimu-kyousou_R8.2.pdf,pdf,gsdf_chosp,中央病院,陸上自衛隊,2025,2025,7
https://www.mod.go.jp/gsdf/chosp/fin/buppinekimu-kyousou_R8.3.pdf,pdf,gsdf_chosp,中央病院,陸上自衛隊,2025,2025,1
https://www.mod.go.jp/gsdf/chosp/fin/buppinekimu-zuikei_R7.10.pdf,pdf,gsdf_chosp,中央病院,陸上自衛隊,2025,2025,1
https://www.mod.go.jp/gsdf/chosp/fin/buppinekimu-zuikei_R7.11.pdf,pdf,gsdf_chosp,中央病院,陸上自衛隊,2025,2025,1
https://www.mod.go.jp/gsdf/chosp/fin/buppinekimu-zuikei_R7.4.pdf,pdf,gsdf_chosp,中央病院,陸上自衛隊,2025,2025,1
https://www.mod.go.jp/gsdf/chosp/fin/buppinekimu-zuikei_R7.7.pdf,pdf,gsdf_chosp,中央病院,陸上自衛隊,2025,2025,1
https://www.mod.go.jp/gsdf/chosp/fin/buppinekimu-zuikei_R8.3.pdf,pdf,gsdf_chosp,中央病院,陸上自衛隊,2025,2025,1
https://www.mod.go.jp/gsdf/chosp/fin/k04-10.pdf,pdf,gsdf_chosp,中央病院,陸上自衛隊,2022,2022,1
https://www.mod.go.jp/gsdf/chosp/fin/k04-11.pdf,pdf,gsdf_chosp,中央病院,陸上自衛隊,2022,2022,2
https://www.mod.go.jp/gsdf/chosp/fin/k04-12.pdf,pdf,gsdf_chosp,中央病院,陸上自衛隊,2022,2022,2
https://www.mod.go.jp/gsdf/chosp/fin/k05-10.pdf,pdf,gsdf_chosp,中央病院,陸上自衛隊,2023,2023,6
https://www.mod.go.jp/gsdf/chosp/fin/k05-11.pdf,pdf,gsdf_chosp,中央病院,陸上自衛隊,2023,2023,2
https://www.mod.go.jp/gsdf/chosp/fin/k05-12.pdf,pdf,gsdf_chosp,中央病院,陸上自衛隊,2023,2023,4
https://www.mod.go.jp/gsdf/chosp/fin/k06-10.pdf,pdf,gsdf_chosp,中央病院,陸上自衛隊,2024,2024,5
https://www.mod.go.jp/gsdf/chosp/fin/k06-11.pdf,pdf,gsdf_chosp,中央病院,陸上自衛隊,2024,2024,11
https://www.mod.go.jp/gsdf/chosp/fin/k06-12.pdf,pdf,gsdf_chosp,中央病院,陸上自衛隊,2024,2024,18
https://www.mod.go.jp/gsdf/chosp/fin/k07-01.pdf,pdf,gsdf_chosp,中央病院,陸上自衛隊,2024,2024,19
https://www.mod.go.jp/gsdf/chosp/fin/k07-02.pdf,pdf,gsdf_chosp,中央病院,陸上自衛隊,2024,2024,10
https://www.mod.go.jp/gsdf/chosp/fin/k07-03.pdf,pdf,gsdf_chosp,中央病院,陸上自衛隊,2024,2024,5
https://www.mod.go.jp/gsdf/chosp/fin/kouji-kyousou_R7.10.pdf,pdf,gsdf_chosp,中央病院,陸上自衛隊,2025,2025,1
https://www.mod.go.jp/gsdf/chosp/fin/kouji-kyousou_R7.11.pdf,pdf,gsdf_chosp,中央病院,陸上自衛隊,2025,2025,2
https://www.mod.go.jp/gsdf/chosp/fin/kouji-kyousou_R7.12.pdf,pdf,gsdf_chosp,中央病院,陸上自衛隊,2025,2025,3
https://www.mod.go.jp/gsdf/chosp/fin/kouji-kyousou_R7.4.pdf,pdf,gsdf_chosp,中央病院,陸上自衛隊,2025,2025,1
https://www.mod.go.jp/gsdf/chosp/fin/kouji-kyousou_R7.6.pdf,pdf,gsdf_chosp,中央病院,陸上自衛隊,2025,2025,1
https://www.mod.go.jp/gsdf/chosp/fin/kouji-kyousou_R7.7.pdf,pdf,gsdf_chosp,中央病院,陸上自衛隊,2025,2025,1
https://www.mod.go.jp/gsdf/chosp/fin/kouji-kyousou_R7.8.pdf,pdf,gsdf_chosp,中央病院,陸上自衛隊,2025,2025,5
https://www.mod.go.jp/gsdf/mae/mafin/k/jo0404.pdf,pdf,gsdf_chubu,中部方面会計隊,陸上自衛隊,2022,2022,177
https://www.mod.go.jp/gsdf/mae/mafin/k/jo0405.pdf,pdf,gsdf_chubu,中部方面会計隊,陸上自衛隊,2022,2022,33
https://www.mod.go.jp/gsdf/mae/mafin/k/jo0406.pdf,pdf,gsdf_chubu,中部方面会計隊,陸上自衛隊,2022,2022,32
https://www.mod.go.jp/gsdf/mae/mafin/k/jo0407.pdf,pdf,gsdf_chubu,中部方面会計隊,陸上自衛隊,2022,2022,22
https://www.mod.go.jp/gsdf/mae/mafin/k/jo0408.pdf,pdf,gsdf_chubu,中部方面会計隊,陸上自衛隊,2022,2022,26
https://www.mod.go.jp/gsdf/mae/mafin/k/jo0409.pdf,pdf,gsdf_chubu,中部方面会計隊,陸上自衛隊,2022,2022,22
https://www.mod.go.jp/gsdf/mae/mafin/k/jo0410.pdf,pdf,gsdf_chubu,中部方面会計隊,陸上自衛隊,2022,2022,18
https://www.mod.go.jp/gsdf/mae/mafin/k/jo0411.pdf,pdf,gsdf_chubu,中部方面会計隊,陸上自衛隊,2022,2022,16
https://www.mod.go.jp/gsdf/mae/mafin/k/jo0412.pdf,pdf,gsdf_chubu,中部方面会計隊,陸上自衛隊,2022,2022,35
https://www.mod.go.jp/gsdf/mae/mafin/k/jo0501.pdf,pdf,gsdf_chubu,中部方面会計隊,陸上自衛隊,2022,2022,59
https://www.mod.go.jp/gsdf/mae/mafin/k/jo0502.pdf,pdf,gsdf_chubu,中部方面会計隊,陸上自衛隊,2022,2022,79
https://www.mod.go.jp/gsdf/mae/mafin/k/jo0503.pdf,pdf,gsdf_chubu,中部方面会計隊,陸上自衛隊,2022,2022,57
https://www.mod.go.jp/gsdf/mae/mafin/k/jo0504.pdf,pdf,gsdf_chubu,中部方面会計隊,陸上自衛隊,2022,2023,209
https://www.mod.go.jp/gsdf/mae/mafin/k/jo0506.pdf,pdf,gsdf_chubu,中部方面会計隊,陸上自衛隊,2023,2023,53
https://www.mod.go.jp/gsdf/mae/mafin/k/jo0507.pdf,pdf,gsdf_chubu,中部方面会計隊,陸上自衛隊,2023,2023,41
https://www.mod.go.jp/gsdf/mae/mafin/k/jo0508.pdf,pdf,gsdf_chubu,中部方面会計隊,陸上自衛隊,2023,2023,33
https://www.mod.go.jp/gsdf/mae/mafin/k/jo0509.pdf,pdf,gsdf_chubu,中部方面会計隊,陸上自衛隊,2023,2023,42
https://www.mod.go.jp/gsdf/mae/mafin/k/jo0510.pdf,pdf,gsdf_chubu,中部方面会計隊,陸上自衛隊,2023,2023,36
https://www.mod.go.jp/gsdf/mae/mafin/k/jo0511.pdf,pdf,gsdf_chubu,中部方面会計隊,陸上自衛隊,2023,2023,33
https://www.mod.go.jp/gsdf/mae/mafin/k/jo0512.pdf,pdf,gsdf_chubu,中部方面会計隊,陸上自衛隊,2023,2023,66
https://www.mod.go.jp/gsdf/mae/mafin/k/jo0602.pdf,pdf,gsdf_chubu,中部方面会計隊,陸上自衛隊,2023,2023,294
https://www.mod.go.jp/gsdf/mae/mafin/k/jo0603.pdf,pdf,gsdf_chubu,中部方面会計隊,陸上自衛隊,2023,2023,148
https://www.mod.go.jp/gsdf/mae/mafin/k/jo0604.pdf,pdf,gsdf_chubu,中部方面会計隊,陸上自衛隊,2024,2024,225
https://www.mod.go.jp/gsdf/mae/mafin/k/jo0605.pdf,pdf,gsdf_chubu,中部方面会計隊,陸上自衛隊,2024,2024,52
https://www.mod.go.jp/gsdf/mae/mafin/k/jo0606.pdf,pdf,gsdf_chubu,中部方面会計隊,陸上自衛隊,2024,2024,61
https://www.mod.go.jp/gsdf/mae/mafin/k/jo0608.pdf,pdf,gsdf_chubu,中部方面会計隊,陸上自衛隊,2024,2024,61
https://www.mod.go.jp/gsdf/mae/mafin/k/jo0609.pdf,pdf,gsdf_chubu,中部方面会計隊,陸上自衛隊,2024,2024,89
https://www.mod.go.jp/gsdf/mae/mafin/k/jo0610.pdf,pdf,gsdf_chubu,中部方面会計隊,陸上自衛隊,2024,2024,112
https://www.mod.go.jp/gsdf/mae/mafin/k/jo0611.pdf,pdf,gsdf_chubu,中部方面会計隊,陸上自衛隊,2024,2024,134
https://www.mod.go.jp/gsdf/mae/mafin/k/jo0612.pdf,pdf,gsdf_chubu,中部方面会計隊,陸上自衛隊,2024,2024,194
https://www.mod.go.jp/gsdf/mae/mafin/k/jo0701.pdf,pdf,gsdf_chubu,中部方面会計隊,陸上自衛隊,2023,2024,197
https://www.mod.go.jp/gsdf/mae/mafin/k/jo0702.pdf,pdf,gsdf_chubu,中部方面会計隊,陸上自衛隊,2024,2024,304
https://www.mod.go.jp/gsdf/mae/mafin/k/jo0703.pdf,pdf,gsdf_chubu,中部方面会計隊,陸上自衛隊,2024,2024,195
https://www.mod.go.jp/gsdf/mae/mafin/k/jo0704.pdf,pdf,gsdf_chubu,中部方面会計隊,陸上自衛隊,2024,2025,238
https://www.mod.go.jp/gsdf/mae/mafin/k/jo0705.pdf,pdf,gsdf_chubu,中部方面会計隊,陸上自衛隊,2025,2025,44
https://www.mod.go.jp/gsdf/mae/mafin/k/jo0706.pdf,pdf,gsdf_chubu,中部方面会計隊,陸上自衛隊,2025,2025,52
https://www.mod.go.jp/gsdf/mae/mafin/k/jo0707.pdf,pdf,gsdf_chubu,中部方面会計隊,陸上自衛隊,2025,2025,74
https://www.mod.go.jp/gsdf/mae/mafin/k/jo0708.pdf,pdf,gsdf_chubu,中部方面会計隊,陸上自衛隊,2025,2025,38
https://www.mod.go.jp/gsdf/mae/mafin/k/jo0709.pdf,pdf,gsdf_chubu,中部方面会計隊,陸上自衛隊,2025,2025,57
https://www.mod.go.jp/gsdf/mae/mafin/k/jo0710.pdf,pdf,gsdf_chubu,中部方面会計隊,陸上自衛隊,2025,2025,63
https://www.mod.go.jp/gsdf/mae/mafin/k/jo0711.pdf,pdf,gsdf_chubu,中部方面会計隊,陸上自衛隊,2025,2025,57
https://www.mod.go.jp/gsdf/mae/mafin/k/jo0712.pdf,pdf,gsdf_chubu,中部方面会計隊,陸上自衛隊,2025,2025,79
https://www.mod.go.jp/gsdf/mae/mafin/k/kouhyou07.pdf,pdf,gsdf_chubu,中部方面会計隊,陸上自衛隊,2024,2024,75
https://www.mod.go.jp/gsdf/yokohama/hp2015/06bosyu/nyusatu/tekiseika/R04/04_04.pdf,pdf,gsdf_ctrans,中央輸送隊,陸上自衛隊,2022,2022,41
https://www.mod.go.jp/gsdf/yokohama/hp2015/06bosyu/nyusatu/tekiseika/R04/04_05.pdf,pdf,gsdf_ctrans,中央輸送隊,陸上自衛隊,2022,2022,4
https://www.mod.go.jp/gsdf/yokohama/hp2015/06bosyu/nyusatu/tekiseika/R04/04_06.pdf,pdf,gsdf_ctrans,中央輸送隊,陸上自衛隊,2022,2022,3
https://www.mod.go.jp/gsdf/yokohama/hp2015/06bosyu/nyusatu/tekiseika/R04/04_07.pdf,pdf,gsdf_ctrans,中央輸送隊,陸上自衛隊,2022,2022,3
https://www.mod.go.jp/gsdf/yokohama/hp2015/06bosyu/nyusatu/tekiseika/R04/04_08.pdf,pdf,gsdf_ctrans,中央輸送隊,陸上自衛隊,2022,2022,2
https://www.mod.go.jp/gsdf/yokohama/hp2015/06bosyu/nyusatu/tekiseika/R04/04_09.pdf,pdf,gsdf_ctrans,中央輸送隊,陸上自衛隊,2022,2022,2
https://www.mod.go.jp/gsdf/yokohama/hp2015/06bosyu/nyusatu/tekiseika/R04/04_10.pdf,pdf,gsdf_ctrans,中央輸送隊,陸上自衛隊,2022,2022,7
https://www.mod.go.jp/gsdf/yokohama/hp2015/06bosyu/nyusatu/tekiseika/R04/04_11.pdf,pdf,gsdf_ctrans,中央輸送隊,陸上自衛隊,2022,2022,1
https://www.mod.go.jp/gsdf/yokohama/hp2015/06bosyu/nyusatu/tekiseika/R04/04_12.pdf,pdf,gsdf_ctrans,中央輸送隊,陸上自衛隊,2022,2022,3
https://www.mod.go.jp/gsdf/yokohama/hp2015/06bosyu/nyusatu/tekiseika/R04/05_01.pdf,pdf,gsdf_ctrans,中央輸送隊,陸上自衛隊,2022,2022,4
https://www.mod.go.jp/gsdf/yokohama/hp2015/06bosyu/nyusatu/tekiseika/R05/05_04.pdf,pdf,gsdf_ctrans,中央輸送隊,陸上自衛隊,2023,2023,38
https://www.mod.go.jp/gsdf/yokohama/hp2015/06bosyu/nyusatu/tekiseika/R05/05_06.pdf,pdf,gsdf_ctrans,中央輸送隊,陸上自衛隊,2023,2023,9
https://www.mod.go.jp/gsdf/yokohama/hp2015/06bosyu/nyusatu/tekiseika/R05/05_07.pdf,pdf,gsdf_ctrans,中央輸送隊,陸上自衛隊,2023,2023,4
https://www.mod.go.jp/gsdf/yokohama/hp2015/06bosyu/nyusatu/tekiseika/R05/05_08.pdf,pdf,gsdf_ctrans,中央輸送隊,陸上自衛隊,2023,2023,6
https://www.mod.go.jp/gsdf/yokohama/hp2015/06bosyu/nyusatu/tekiseika/R05/05_09.pdf,pdf,gsdf_ctrans,中央輸送隊,陸上自衛隊,2023,2023,2
https://www.mod.go.jp/gsdf/yokohama/hp2015/06bosyu/nyusatu/tekiseika/R05/05_10.pdf,pdf,gsdf_ctrans,中央輸送隊,陸上自衛隊,2023,2023,8
https://www.mod.go.jp/gsdf/yokohama/hp2015/06bosyu/nyusatu/tekiseika/R05/05_11.pdf,pdf,gsdf_ctrans,中央輸送隊,陸上自衛隊,2023,2023,3
https://www.mod.go.jp/gsdf/yokohama/hp2015/06bosyu/nyusatu/tekiseika/R05/05_12.pdf,pdf,gsdf_ctrans,中央輸送隊,陸上自衛隊,2023,2023,5
https://www.mod.go.jp/gsdf/yokohama/hp2015/06bosyu/nyusatu/tekiseika/R05/06_01.pdf,pdf,gsdf_ctrans,中央輸送隊,陸上自衛隊,2023,2023,8
https://www.mod.go.jp/gsdf/yokohama/hp2015/06bosyu/nyusatu/tekiseika/R05/06_02.pdf,pdf,gsdf_ctrans,中央輸送隊,陸上自衛隊,2023,2023,3
https://www.mod.go.jp/gsdf/yokohama/hp2015/06bosyu/nyusatu/tekiseika/R05/06_03.pdf,pdf,gsdf_ctrans,中央輸送隊,陸上自衛隊,2023,2023,1
https://www.mod.go.jp/gsdf/yokohama/hp2015/06bosyu/nyusatu/tekiseika/R06/06_05.pdf,pdf,gsdf_ctrans,中央輸送隊,陸上自衛隊,2024,2024,5
https://www.mod.go.jp/gsdf/yokohama/hp2015/06bosyu/nyusatu/tekiseika/R06/06_06.pdf,pdf,gsdf_ctrans,中央輸送隊,陸上自衛隊,2024,2024,6
https://www.mod.go.jp/gsdf/yokohama/hp2015/06bosyu/nyusatu/tekiseika/R06/06_07.pdf,pdf,gsdf_ctrans,中央輸送隊,陸上自衛隊,2024,2024,7
https://www.mod.go.jp/gsdf/yokohama/hp2015/06bosyu/nyusatu/tekiseika/R06/06_08.pdf,pdf,gsdf_ctrans,中央輸送隊,陸上自衛隊,2024,2024,2
https://www.mod.go.jp/gsdf/yokohama/hp2015/06bosyu/nyusatu/tekiseika/R07/07_04.pdf,pdf,gsdf_ctrans,中央輸送隊,陸上自衛隊,2025,2025,28
https://www.mod.go.jp/gsdf/yokohama/hp2015/06bosyu/nyusatu/tekiseika/R07/07_05.pdf,pdf,gsdf_ctrans,中央輸送隊,陸上自衛隊,2025,2025,5
https://www.mod.go.jp/gsdf/yokohama/hp2015/06bosyu/nyusatu/tekiseika/R07/07_06.pdf,pdf,gsdf_ctrans,中央輸送隊,陸上自衛隊,2025,2025,5
https://www.mod.go.jp/gsdf/yokohama/hp2015/06bosyu/nyusatu/tekiseika/R07/07_07.pdf,pdf,gsdf_ctrans,中央輸送隊,陸上自衛隊,2025,2025,5
https://www.mod.go.jp/gsdf/yokohama/hp2015/06bosyu/nyusatu/tekiseika/R07/07_08.pdf,pdf,gsdf_ctrans,中央輸送隊,陸上自衛隊,2025,2025,6
https://www.mod.go.jp/gsdf/yokohama/hp2015/06bosyu/nyusatu/tekiseika/R07/07_09.pdf,pdf,gsdf_ctrans,中央輸送隊,陸上自衛隊,2025,2025,11
https://www.mod.go.jp/gsdf/yokohama/hp2015/06bosyu/nyusatu/tekiseika/R07/07_10.pdf,pdf,gsdf_ctrans,中央輸送隊,陸上自衛隊,2025,2025,2
https://www.mod.go.jp/gsdf/eae/eadep/tyokai/honsyo/R06ippan456789101112123.pdf,pdf_warp,gsdf_eadep,関東補給処,陸上自衛隊,2024,2024,120
https://www.mod.go.jp/gsdf/eae/eadep/tyokai/honsyo/R06zuikei456789101112123.pdf,pdf_warp,gsdf_eadep,関東補給処,陸上自衛隊,2024,2024,148
https://www.mod.go.jp/gsdf/eae/eadep/tyokai/honsyo/R07ippan456789101112123.pdf,pdf_warp,gsdf_eadep,関東補給処,陸上自衛隊,2025,2025,72
https://www.mod.go.jp/gsdf/eae/eadep/tyokai/honsyo/R07zuikei456789101112123.pdf,pdf_warp,gsdf_eadep,関東補給処,陸上自衛隊,2025,2025,116
https://www.mod.go.jp/gsdf/eae/eadep/tyokai/koga/HP/04ippan.pdf,pdf,gsdf_eadep_koga,関東補給処古賀支処,陸上自衛隊,2022,2022,17
https://www.mod.go.jp/gsdf/eae/eadep/tyokai/koga/HP/04zuii.pdf,pdf,gsdf_eadep_koga,関東補給処古賀支処,陸上自衛隊,2022,2022,7
https://www.mod.go.jp/gsdf/eae/eadep/tyokai/koga/HP/05kouhyo-ippan.pdf,pdf,gsdf_eadep_koga,関東補給処古賀支処,陸上自衛隊,2023,2023,39
https://www.mod.go.jp/gsdf/eae/eadep/tyokai/koga/HP/05kouhyo-zuii.pdf,pdf,gsdf_eadep_koga,関東補給処古賀支処,陸上自衛隊,2023,2023,7
https://www.mod.go.jp/gsdf/eae/eadep/tyokai/koga/HP/06kouhyo-ippan.pdf,pdf,gsdf_eadep_koga,関東補給処古賀支処,陸上自衛隊,2024,2024,49
https://www.mod.go.jp/gsdf/eae/eadep/tyokai/koga/HP/06kouhyo-zuii.pdf,pdf,gsdf_eadep_koga,関東補給処古賀支処,陸上自衛隊,2024,2024,4
https://www.mod.go.jp/gsdf/eae/eadep/tyokai/koga/HP/07kouhyo-ippan2.pdf,pdf,gsdf_eadep_koga,関東補給処古賀支処,陸上自衛隊,2025,2025,51
https://www.mod.go.jp/gsdf/eae/eadep/tyokai/matudo/matudoHP2015/1115youshiki1.pdf,pdf,gsdf_eadep_matudo,関東補給処松戸支処,陸上自衛隊,2023,2023,5
https://www.mod.go.jp/gsdf/eae/eadep/tyokai/matudo/matudoHP2015/1115youshiki2.pdf,pdf,gsdf_eadep_matudo,関東補給処松戸支処,陸上自衛隊,2023,2023,1
https://www.mod.go.jp/gsdf/eae/eadep/tyokai/matudo/matudoHP2015/1youshiki.pdf,pdf,gsdf_eadep_matudo,関東補給処松戸支処,陸上自衛隊,2022,2022,1
https://www.mod.go.jp/gsdf/eae/eadep/tyokai/matudo/matudoHP2015/2youshiki.pdf,pdf,gsdf_eadep_matudo,関東補給処松戸支処,陸上自衛隊,2022,2022,1
https://www.mod.go.jp/gsdf/eae/eadep/tyokai/matudo/matudoHP2015/3youshiki.pdf,pdf,gsdf_eadep_matudo,関東補給処松戸支処,陸上自衛隊,2022,2022,55
https://www.mod.go.jp/gsdf/eae/eadep/tyokai/matudo/matudoHP2015/4youshiki.pdf,pdf,gsdf_eadep_matudo,関東補給処松戸支処,陸上自衛隊,2022,2022,10
https://www.mod.go.jp/gsdf/eae/eadep/tyokai/matudo/matudoHP2015/R7youshiki4.pdf,pdf,gsdf_eadep_matudo,関東補給処松戸支処,陸上自衛隊,2025,2025,5
https://www.mod.go.jp/gsdf/eae/eadep/tyokai/matudo/matudoHP2015/r5dai3.pdf,pdf,gsdf_eadep_matudo,関東補給処松戸支処,陸上自衛隊,2023,2023,89
https://www.mod.go.jp/gsdf/eae/eadep/tyokai/matudo/matudoHP2015/r5dai4.pdf,pdf,gsdf_eadep_matudo,関東補給処松戸支処,陸上自衛隊,2023,2023,18
https://www.mod.go.jp/gsdf/eae/eadep/tyokai/matudo/matudoHP2015/r7youshiki1.pdf,pdf,gsdf_eadep_matudo,関東補給処松戸支処,陸上自衛隊,2025,2025,8
https://www.mod.go.jp/gsdf/eae/eadep/tyokai/matudo/matudoHP2015/r7youshiki3.pdf,pdf,gsdf_eadep_matudo,関東補給処松戸支処,陸上自衛隊,2025,2025,45
https://www.mod.go.jp/gsdf/eae/eadep/tyokai/matudo/matudoHP2015/youahiki1.pdf,pdf,gsdf_eadep_matudo,関東補給処松戸支処,陸上自衛隊,2024,2024,11
https://www.mod.go.jp/gsdf/eae/eadep/tyokai/matudo/matudoHP2015/youahiki3.pdf,pdf,gsdf_eadep_matudo,関東補給処松戸支処,陸上自衛隊,2024,2024,122
https://www.mod.go.jp/gsdf/eae/eadep/tyokai/matudo/matudoHP2015/youahiki4.pdf,pdf,gsdf_eadep_matudo,関東補給処松戸支処,陸上自衛隊,2023,2024,12
https://www.mod.go.jp/gsdf/eae/eadep/tyokai/yooga/12kouji.pdf,pdf,gsdf_eadep_yooga,関東補給処用賀支処,陸上自衛隊,2022,2022,1
https://www.mod.go.jp/gsdf/eae/eadep/tyokai/yooga/ekimuzuikei4.pdf,pdf,gsdf_eadep_yooga,関東補給処用賀支処,陸上自衛隊,2023,2023,1
https://www.mod.go.jp/gsdf/eae/eadep/tyokai/yooga/ippann.pdf,pdf,gsdf_eadep_yooga,関東補給処用賀支処,陸上自衛隊,2022,2022,19
https://www.mod.go.jp/gsdf/eae/eadep/tyokai/yooga/jouhou.pdf,pdf,gsdf_eadep_yooga,関東補給処用賀支処,陸上自衛隊,2022,2022,3
https://www.mod.go.jp/gsdf/eae/eadep/tyokai/yooga/koukyou3232ipan.pdf,pdf,gsdf_eadep_yooga,関東補給処用賀支処,陸上自衛隊,2023,2023,17
https://www.mod.go.jp/gsdf/eae/eadep/tyokai/yooga/koukyoutyoutatu1919.pdf,pdf,gsdf_eadep_yooga,関東補給処用賀支処,陸上自衛隊,2024,2024,16
https://www.mod.go.jp/gsdf/eae/eadep/tyokai/yooga/buxtupinnekimu.pdf,"pdf,warp_crawler","gsdf_eadep_yooga,gsdf_eadep_yoga",関東補給処用賀支処,,2025,2025,12
https://www.mod.go.jp/gsdf/eae/eadep/tyokai/yooga/kouzi2.pdf,"pdf,warp_crawler","gsdf_eadep_yooga,gsdf_eadep_yoga",関東補給処用賀支処,,2025,2025,4
https://www.mod.go.jp/gsdf/eae/kaikei/eafin/nyusatsu_ekimu.html,html,gsdf_eafin,東部方面会計隊,陸上自衛隊,2024,2025,976
https://www.mod.go.jp/gsdf/eae/kaikei/eafin/nyusatsu_kouji.html,html,gsdf_eafin,東部方面会計隊,陸上自衛隊,2025,2025,132
https://www.mod.go.jp/gsdf/eae/kaikei/eafin/zuikei_ekimu.html,html,gsdf_eafin,東部方面会計隊,陸上自衛隊,2025,2025,76
https://www.mod.go.jp/gsdf/eae/kaikei/eafin/zuikei_kouji.html,html,gsdf_eafin,東部方面会計隊,陸上自衛隊,2025,2025,2
https://www.mod.go.jp/gsdf/mss/document/fin/04_04.pdf,pdf,gsdf_eisei,衛生学校,陸上自衛隊,2022,2022,10
https://www.mod.go.jp/gsdf/mss/document/fin/04_07.pdf,pdf,gsdf_eisei,衛生学校,陸上自衛隊,2022,2022,1
https://www.mod.go.jp/gsdf/mss/document/fin/04_11.pdf,pdf,gsdf_eisei,衛生学校,陸上自衛隊,2022,2022,1
https://www.mod.go.jp/gsdf/mss/document/fin/04_12.pdf,pdf,gsdf_eisei,衛生学校,陸上自衛隊,2022,2022,3
https://www.mod.go.jp/gsdf/mss/document/fin/05_01.pdf,pdf,gsdf_eisei,衛生学校,陸上自衛隊,2022,2022,1
https://www.mod.go.jp/gsdf/mss/document/fin/05_02.pdf,pdf,gsdf_eisei,衛生学校,陸上自衛隊,2022,2022,4
https://www.mod.go.jp/gsdf/mss/document/fin/05_04.pdf,pdf,gsdf_eisei,衛生学校,陸上自衛隊,2023,2023,9
https://www.mod.go.jp/gsdf/mss/document/fin/05_06.pdf,pdf,gsdf_eisei,衛生学校,陸上自衛隊,2023,2023,2
https://www.mod.go.jp/gsdf/mss/document/fin/05_07.pdf,pdf,gsdf_eisei,衛生学校,陸上自衛隊,2023,2023,1
https://www.mod.go.jp/gsdf/mss/document/fin/05_08.pdf,pdf,gsdf_eisei,衛生学校,陸上自衛隊,2023,2023,1
https://www.mod.go.jp/gsdf/mss/document/fin/05_09.pdf,pdf,gsdf_eisei,衛生学校,陸上自衛隊,2023,2023,2
https://www.mod.go.jp/gsdf/mss/document/fin/05_10.pdf,pdf,gsdf_eisei,衛生学校,陸上自衛隊,2023,2023,4
https://www.mod.go.jp/gsdf/mss/document/fin/05_11.pdf,pdf,gsdf_eisei,衛生学校,陸上自衛隊,2023,2023,1
https://www.mod.go.jp/gsdf/mss/document/fin/06_01.pdf,pdf,gsdf_eisei,衛生学校,陸上自衛隊,2023,2023,5
https://www.mod.go.jp/gsdf/mss/document/fin/06_02.pdf,pdf,gsdf_eisei,衛生学校,陸上自衛隊,2023,2023,8
https://www.mod.go.jp/gsdf/mss/document/fin/06_03.pdf,pdf,gsdf_eisei,衛生学校,陸上自衛隊,2023,2023,2
https://www.mod.go.jp/gsdf/mss/document/fin/06_04.pdf,pdf,gsdf_eisei,衛生学校,陸上自衛隊,2024,2024,9
https://www.mod.go.jp/gsdf/mss/document/fin/06_06.pdf,pdf,gsdf_eisei,衛生学校,陸上自衛隊,2024,2024,3
https://www.mod.go.jp/gsdf/mss/document/fin/06_07.pdf,pdf,gsdf_eisei,衛生学校,陸上自衛隊,2024,2024,4
https://www.mod.go.jp/gsdf/mss/document/fin/06_08.pdf,pdf,gsdf_eisei,衛生学校,陸上自衛隊,2024,2024,5
https://www.mod.go.jp/gsdf/mss/document/fin/06_09.pdf,pdf,gsdf_eisei,衛生学校,陸上自衛隊,2024,2024,6
https://www.mod.go.jp/gsdf/mss/document/fin/06_10.pdf,pdf,gsdf_eisei,衛生学校,陸上自衛隊,2024,2024,2
https://www.mod.go.jp/gsdf/mss/document/fin/06_12.pdf,pdf,gsdf_eisei,衛生学校,陸上自衛隊,2024,2024,8
https://www.mod.go.jp/gsdf/mss/document/fin/07_01.pdf,pdf,gsdf_eisei,衛生学校,陸上自衛隊,2024,2024,4
https://www.mod.go.jp/gsdf/mss/document/fin/07_02.pdf,pdf,gsdf_eisei,衛生学校,陸上自衛隊,2024,2024,12
https://www.mod.go.jp/gsdf/mss/document/fin/07_03.pdf,pdf,gsdf_eisei,衛生学校,陸上自衛隊,2024,2024,2
https://www.mod.go.jp/gsdf/mss/document/fin/07_04.pdf,pdf,gsdf_eisei,衛生学校,陸上自衛隊,2025,2025,8
https://www.mod.go.jp/gsdf/mss/document/fin/07_05.pdf,pdf,gsdf_eisei,衛生学校,陸上自衛隊,2025,2025,3
https://www.mod.go.jp/gsdf/mss/document/fin/07_06.pdf,pdf,gsdf_eisei,衛生学校,陸上自衛隊,2025,2025,4
https://www.mod.go.jp/gsdf/mss/document/fin/07_07.pdf,pdf,gsdf_eisei,衛生学校,陸上自衛隊,2025,2025,6
https://www.mod.go.jp/gsdf/mss/document/fin/07_08.pdf,pdf,gsdf_eisei,衛生学校,陸上自衛隊,2025,2025,4
https://www.mod.go.jp/gsdf/mss/document/fin/07_10.pdf,pdf,gsdf_eisei,衛生学校,陸上自衛隊,2025,2025,2
https://www.mod.go.jp/gsdf/mss/document/fin/07_11.pdf,pdf,gsdf_eisei,衛生学校,陸上自衛隊,2025,2025,3
https://www.mod.go.jp/gsdf/mss/document/fin/07_12.pdf,pdf,gsdf_eisei,衛生学校,陸上自衛隊,2025,2025,3
https://www.mod.go.jp/gsdf/mss/document/fin/08_01.pdf,warp_crawler,gsdf_eisei,衛生学校,陸上自衛隊,2025,2025,2
https://www.mod.go.jp/gsdf/mss/document/fin/08_02.pdf,warp_crawler,gsdf_eisei,衛生学校,陸上自衛隊,2025,2025,3
https://www.mod.go.jp/gsdf/fsh/fin/jouhoukouhyou.files/4/4-10-B-N.pdf,pdf,gsdf_fsh,富士学校,陸上自衛隊,2022,2022,15
https://www.mod.go.jp/gsdf/fsh/fin/jouhoukouhyou.files/4/4-10-B-Z.pdf,pdf,gsdf_fsh,富士学校,陸上自衛隊,2022,2022,3
https://www.mod.go.jp/gsdf/fsh/fin/jouhoukouhyou.files/4/4-11-B-N.pdf,pdf,gsdf_fsh,富士学校,陸上自衛隊,2022,2022,9
https://www.mod.go.jp/gsdf/fsh/fin/jouhoukouhyou.files/4/4-11-B-Z.pdf,pdf,gsdf_fsh,富士学校,陸上自衛隊,2022,2022,1
https://www.mod.go.jp/gsdf/fsh/fin/jouhoukouhyou.files/4/4-12-B-N.pdf,pdf,gsdf_fsh,富士学校,陸上自衛隊,2022,2022,22
https://www.mod.go.jp/gsdf/fsh/fin/jouhoukouhyou.files/4/4-12-B-Z.pdf,pdf,gsdf_fsh,富士学校,陸上自衛隊,2022,2022,9
https://www.mod.go.jp/gsdf/fsh/fin/jouhoukouhyou.files/4/4-4-B-N.pdf,pdf,gsdf_fsh,富士学校,陸上自衛隊,2022,2022,55
https://www.mod.go.jp/gsdf/fsh/fin/jouhoukouhyou.files/4/4-4-B-Z.pdf,pdf,gsdf_fsh,富士学校,陸上自衛隊,2022,2022,18
https://www.mod.go.jp/gsdf/fsh/fin/jouhoukouhyou.files/4/4-5-B-N.pdf,pdf,gsdf_fsh,富士学校,陸上自衛隊,2022,2022,9
https://www.mod.go.jp/gsdf/fsh/fin/jouhoukouhyou.files/4/4-6-B-N.pdf,pdf,gsdf_fsh,富士学校,陸上自衛隊,2022,2022,20
https://www.mod.go.jp/gsdf/fsh/fin/jouhoukouhyou.files/4/4-6-B-Z.pdf,pdf,gsdf_fsh,富士学校,陸上自衛隊,2022,2022,6
https://www.mod.go.jp/gsdf/fsh/fin/jouhoukouhyou.files/4/4-7-B-N.pdf,pdf,gsdf_fsh,富士学校,陸上自衛隊,2022,2022,11
https://www.mod.go.jp/gsdf/fsh/fin/jouhoukouhyou.files/4/4-7-B-Z.pdf,pdf,gsdf_fsh,富士学校,陸上自衛隊,2022,2022,1
https://www.mod.go.jp/gsdf/fsh/fin/jouhoukouhyou.files/4/4-8-B-N.pdf,pdf,gsdf_fsh,富士学校,陸上自衛隊,2022,2022,11
https://www.mod.go.jp/gsdf/fsh/fin/jouhoukouhyou.files/4/4-8-B-Z.pdf,pdf,gsdf_fsh,富士学校,陸上自衛隊,2022,2022,6
https://www.mod.go.jp/gsdf/fsh/fin/jouhoukouhyou.files/4/4-9-B-N.pdf,pdf,gsdf_fsh,富士学校,陸上自衛隊,2022,2022,16
https://www.mod.go.jp/gsdf/fsh/fin/jouhoukouhyou.files/4/4-9-B-Z.pdf,pdf,gsdf_fsh,富士学校,陸上自衛隊,2022,2022,3
https://www.mod.go.jp/gsdf/fsh/fin/jouhoukouhyou.files/4/5-1-B-N.pdf,pdf,gsdf_fsh,富士学校,陸上自衛隊,2022,2022,17
https://www.mod.go.jp/gsdf/fsh/fin/jouhoukouhyou.files/4/5-1-B-Z.pdf,pdf,gsdf_fsh,富士学校,陸上自衛隊,2022,2022,4
https://www.mod.go.jp/gsdf/fsh/fin/jouhoukouhyou.files/4/5-2-B-N.pdf,pdf,gsdf_fsh,富士学校,陸上自衛隊,2022,2022,31
https://www.mod.go.jp/gsdf/fsh/fin/jouhoukouhyou.files/4/5-2-B-Z.pdf,pdf,gsdf_fsh,富士学校,陸上自衛隊,2022,2022,5
https://www.mod.go.jp/gsdf/fsh/fin/jouhoukouhyou.files/4/5-3-B-N.pdf,pdf,gsdf_fsh,富士学校,陸上自衛隊,2022,2022,14
https://www.mod.go.jp/gsdf/fsh/fin/jouhoukouhyou.files/4/5-3-B-Z.pdf,pdf,gsdf_fsh,富士学校,陸上自衛隊,2022,2022,1
https://www.mod.go.jp/gsdf/fsh/fin/jouhoukouhyou.files/5/5-10-B-N.pdf,pdf,gsdf_fsh,富士学校,陸上自衛隊,2023,2023,17
https://www.mod.go.jp/gsdf/fsh/fin/jouhoukouhyou.files/5/5-10-B-Z.pdf,pdf,gsdf_fsh,富士学校,陸上自衛隊,2023,2023,3
https://www.mod.go.jp/gsdf/fsh/fin/jouhoukouhyou.files/5/5-11-B-N.pdf,pdf,gsdf_fsh,富士学校,陸上自衛隊,2023,2023,22
https://www.mod.go.jp/gsdf/fsh/fin/jouhoukouhyou.files/5/5-11-B-Z.pdf,pdf,gsdf_fsh,富士学校,陸上自衛隊,2023,2023,14
https://www.mod.go.jp/gsdf/fsh/fin/jouhoukouhyou.files/5/5-12-B-N.pdf,pdf,gsdf_fsh,富士学校,陸上自衛隊,2023,2023,26
https://www.mod.go.jp/gsdf/fsh/fin/jouhoukouhyou.files/5/5-12-B-Z.pdf,pdf,gsdf_fsh,富士学校,陸上自衛隊,2023,2023,14
https://www.mod.go.jp/gsdf/fsh/fin/jouhoukouhyou.files/5/5-4-B-N.pdf,pdf,gsdf_fsh,富士学校,陸上自衛隊,2023,2023,57
https://www.mod.go.jp/gsdf/fsh/fin/jouhoukouhyou.files/5/5-4-B-Z.pdf,pdf,gsdf_fsh,富士学校,陸上自衛隊,2023,2023,20
https://www.mod.go.jp/gsdf/fsh/fin/jouhoukouhyou.files/5/5-5-B-N.pdf,pdf,gsdf_fsh,富士学校,陸上自衛隊,2023,2023,14
https://www.mod.go.jp/gsdf/fsh/fin/jouhoukouhyou.files/5/5-5-B-Z.pdf,pdf,gsdf_fsh,富士学校,陸上自衛隊,2023,2023,5
https://www.mod.go.jp/gsdf/fsh/fin/jouhoukouhyou.files/5/5-6-B-N.pdf,pdf,gsdf_fsh,富士学校,陸上自衛隊,2023,2023,17
https://www.mod.go.jp/gsdf/fsh/fin/jouhoukouhyou.files/5/5-6-B-Z.pdf,pdf,gsdf_fsh,富士学校,陸上自衛隊,2023,2023,9
https://www.mod.go.jp/gsdf/fsh/fin/jouhoukouhyou.files/5/5-7-B-N.pdf,pdf,gsdf_fsh,富士学校,陸上自衛隊,2023,2023,15
https://www.mod.go.jp/gsdf/fsh/fin/jouhoukouhyou.files/5/5-7-B-Z.pdf,pdf,gsdf_fsh,富士学校,陸上自衛隊,2023,2023,8
https://www.mod.go.jp/gsdf/fsh/fin/jouhoukouhyou.files/5/5-8-B-N.pdf,pdf,gsdf_fsh,富士学校,陸上自衛隊,2023,2023,14
https://www.mod.go.jp/gsdf/fsh/fin/jouhoukouhyou.files/5/5-8-B-Z.pdf,pdf,gsdf_fsh,富士学校,陸上自衛隊,2023,2023,9
https://www.mod.go.jp/gsdf/fsh/fin/jouhoukouhyou.files/5/5-9-B-N.pdf,pdf,gsdf_fsh,富士学校,陸上自衛隊,2023,2023,15
https://www.mod.go.jp/gsdf/fsh/fin/jouhoukouhyou.files/5/5-9-B-Z.pdf,pdf,gsdf_fsh,富士学校,陸上自衛隊,2023,2023,4
https://www.mod.go.jp/gsdf/fsh/fin/jouhoukouhyou.files/5/6-1-B-N.pdf,pdf,gsdf_fsh,富士学校,陸上自衛隊,2023,2023,22
https://www.mod.go.jp/gsdf/fsh/fin/jouhoukouhyou.files/5/6-1-B-Z.pdf,pdf,gsdf_fsh,富士学校,陸上自衛隊,2023,2023,8
https://www.mod.go.jp/gsdf/fsh/fin/jouhoukouhyou.files/5/6-2-B-N.pdf,pdf,gsdf_fsh,富士学校,陸上自衛隊,2023,2023,36
https://www.mod.go.jp/gsdf/fsh/fin/jouhoukouhyou.files/5/6-2-B-Z.pdf,pdf,gsdf_fsh,富士学校,陸上自衛隊,2023,2023,3
https://www.mod.go.jp/gsdf/fsh/fin/jouhoukouhyou.files/5/6-3-B-N.pdf,pdf,gsdf_fsh,富士学校,陸上自衛隊,2023,2023,13
https://www.mod.go.jp/gsdf/fsh/fin/jouhoukouhyou.files/5/6-3-B-Z.pdf,pdf,gsdf_fsh,富士学校,陸上自衛隊,2023,2023,2
https://www.mod.go.jp/gsdf/fsh/fin/jouhoukouhyou.files/6/6-10-B-N.pdf,pdf,gsdf_fsh,富士学校,陸上自衛隊,2024,2024,29
https://www.mod.go.jp/gsdf/fsh/fin/jouhoukouhyou.files/6/6-10-B-Z.pdf,pdf,gsdf_fsh,富士学校,陸上自衛隊,2024,2024,1
https://www.mod.go.jp/gsdf/fsh/fin/jouhoukouhyou.files/6/6-11-B-N.pdf,pdf,gsdf_fsh,富士学校,陸上自衛隊,2024,2024,24
https://www.mod.go.jp/gsdf/fsh/fin/jouhoukouhyou.files/6/6-11-B-Z.pdf,pdf,gsdf_fsh,富士学校,陸上自衛隊,2024,2024,5
https://www.mod.go.jp/gsdf/fsh/fin/jouhoukouhyou.files/6/6-12-B-N.pdf,pdf,gsdf_fsh,富士学校,陸上自衛隊,2024,2024,27
https://www.mod.go.jp/gsdf/fsh/fin/jouhoukouhyou.files/6/6-12-B-Z.pdf,pdf,gsdf_fsh,富士学校,陸上自衛隊,2024,2024,6
https://www.mod.go.jp/gsdf/fsh/fin/jouhoukouhyou.files/6/6-4-B-N.pdf,pdf,gsdf_fsh,富士学校,陸上自衛隊,2024,2024,42
https://www.mod.go.jp/gsdf/fsh/fin/jouhoukouhyou.files/6/6-4-B-Z.pdf,pdf,gsdf_fsh,富士学校,陸上自衛隊,2024,2024,10
https://www.mod.go.jp/gsdf/fsh/fin/jouhoukouhyou.files/6/6-5-B-N.pdf,pdf,gsdf_fsh,富士学校,陸上自衛隊,2024,2024,18
https://www.mod.go.jp/gsdf/fsh/fin/jouhoukouhyou.files/6/6-5-B-Z.pdf,pdf,gsdf_fsh,富士学校,陸上自衛隊,2024,2024,8
https://www.mod.go.jp/gsdf/fsh/fin/jouhoukouhyou.files/6/6-6-B-N.pdf,pdf,gsdf_fsh,富士学校,陸上自衛隊,2024,2024,20
https://www.mod.go.jp/gsdf/fsh/fin/jouhoukouhyou.files/6/6-6-B-Z.pdf,pdf,gsdf_fsh,富士学校,陸上自衛隊,2024,2024,7
https://www.mod.go.jp/gsdf/fsh/fin/jouhoukouhyou.files/6/6-7-B-N.pdf,pdf,gsdf_fsh,富士学校,陸上自衛隊,2024,2024,24
https://www.mod.go.jp/gsdf/fsh/fin/jouhoukouhyou.files/6/6-7-B-Z.pdf,pdf,gsdf_fsh,富士学校,陸上自衛隊,2024,2024,18
https://www.mod.go.jp/gsdf/fsh/fin/jouhoukouhyou.files/6/6-8-B-N.pdf,pdf,gsdf_fsh,富士学校,陸上自衛隊,2024,2024,29
https://www.mod.go.jp/gsdf/fsh/fin/jouhoukouhyou.files/6/6-8-B-Z.pdf,pdf,gsdf_fsh,富士学校,陸上自衛隊,2024,2024,13
https://www.mod.go.jp/gsdf/fsh/fin/jouhoukouhyou.files/6/6-9-B-N.pdf,pdf,gsdf_fsh,富士学校,陸上自衛隊,2024,2024,23
https://www.mod.go.jp/gsdf/fsh/fin/jouhoukouhyou.files/6/6-9-B-Z.pdf,pdf,gsdf_fsh,富士学校,陸上自衛隊,2024,2024,8
https://www.mod.go.jp/gsdf/fsh/fin/jouhoukouhyou.files/6/7-1-B-N.pdf,pdf,gsdf_fsh,富士学校,陸上自衛隊,2024,2024,30
https://www.mod.go.jp/gsdf/fsh/fin/jouhoukouhyou.files/6/7-1-B-Z.pdf,pdf,gsdf_fsh,富士学校,陸上自衛隊,2024,2024,10
https://www.mod.go.jp/gsdf/fsh/fin/jouhoukouhyou.files/6/7-2-B-N.pdf,pdf,gsdf_fsh,富士学校,陸上自衛隊,2024,2024,46
https://www.mod.go.jp/gsdf/fsh/fin/jouhoukouhyou.files/6/7-2-B-Z.pdf,pdf,gsdf_fsh,富士学校,陸上自衛隊,2024,2024,8
https://www.mod.go.jp/gsdf/fsh/fin/jouhoukouhyou.files/6/7-3-B-N.pdf,pdf,gsdf_fsh,富士学校,陸上自衛隊,2024,2024,3
https://www.mod.go.jp/gsdf/fsh/fin/jouhoukouhyou.files/6/7-3-B-Z.pdf,pdf,gsdf_fsh,富士学校,陸上自衛隊,2024,2024,1
https://www.mod.go.jp/gsdf/fsh/fin/jouhoukouhyou.files/7/7-10-B-N.pdf,pdf,gsdf_fsh,富士学校,陸上自衛隊,2025,2025,14
https://www.mod.go.jp/gsdf/fsh/fin/jouhoukouhyou.files/7/7-10-B-Z.pdf,pdf,gsdf_fsh,富士学校,陸上自衛隊,2025,2025,8
https://www.mod.go.jp/gsdf/fsh/fin/jouhoukouhyou.files/7/7-11-B-N.pdf,pdf,gsdf_fsh,富士学校,陸上自衛隊,2025,2025,9
https://www.mod.go.jp/gsdf/fsh/fin/jouhoukouhyou.files/7/7-11-B-Z.pdf,pdf,gsdf_fsh,富士学校,陸上自衛隊,2025,2025,4
https://www.mod.go.jp/gsdf/fsh/fin/jouhoukouhyou.files/7/7-12-B-N.pdf,pdf,gsdf_fsh,富士学校,陸上自衛隊,2025,2025,21
https://www.mod.go.jp/gsdf/fsh/fin/jouhoukouhyou.files/7/7-12-B-Z.pdf,pdf,gsdf_fsh,富士学校,陸上自衛隊,2025,2025,11
https://www.mod.go.jp/gsdf/fsh/fin/jouhoukouhyou.files/7/7-4-B-N.pdf,pdf,gsdf_fsh,富士学校,陸上自衛隊,2025,2025,32
https://www.mod.go.jp/gsdf/fsh/fin/jouhoukouhyou.files/7/7-4-B-Z.pdf,pdf,gsdf_fsh,富士学校,陸上自衛隊,2025,2025,15
https://www.mod.go.jp/gsdf/fsh/fin/jouhoukouhyou.files/7/7-5-B-N.pdf,pdf,gsdf_fsh,富士学校,陸上自衛隊,2025,2025,16
https://www.mod.go.jp/gsdf/fsh/fin/jouhoukouhyou.files/7/7-5-B-Z.pdf,pdf,gsdf_fsh,富士学校,陸上自衛隊,2025,2025,7
https://www.mod.go.jp/gsdf/fsh/fin/jouhoukouhyou.files/7/7-6-B-N.pdf,pdf,gsdf_fsh,富士学校,陸上自衛隊,2025,2025,24
https://www.mod.go.jp/gsdf/fsh/fin/jouhoukouhyou.files/7/7-6-B-Z.pdf,pdf,gsdf_fsh,富士学校,陸上自衛隊,2025,2025,4
https://www.mod.go.jp/gsdf/fsh/fin/jouhoukouhyou.files/7/7-7-B-N.pdf,pdf,gsdf_fsh,富士学校,陸上自衛隊,2025,2025,11
https://www.mod.go.jp/gsdf/fsh/fin/jouhoukouhyou.files/7/7-7-B-Z.pdf,pdf,gsdf_fsh,富士学校,陸上自衛隊,2025,2025,6
https://www.mod.go.jp/gsdf/fsh/fin/jouhoukouhyou.files/7/7-8-B-N.pdf,pdf,gsdf_fsh,富士学校,陸上自衛隊,2025,2025,16
https://www.mod.go.jp/gsdf/fsh/fin/jouhoukouhyou.files/7/7-8-B-Z.pdf,pdf,gsdf_fsh,富士学校,陸上自衛隊,2025,2025,4
https://www.mod.go.jp/gsdf/fsh/fin/jouhoukouhyou.files/7/7-9-B-N.pdf,pdf,gsdf_fsh,富士学校,陸上自衛隊,2025,2025,20
https://www.mod.go.jp/gsdf/fsh/fin/jouhoukouhyou.files/7/7-9-B-Z.pdf,pdf,gsdf_fsh,富士学校,陸上自衛隊,2025,2025,7
https://www.mod.go.jp/gsdf/fsh/fin/jouhoukouhyou.files/7/8-1-B-N.pdf,pdf,gsdf_fsh,富士学校,陸上自衛隊,2025,2025,33
https://www.mod.go.jp/gsdf/fsh/fin/jouhoukouhyou.files/7/8-2-B-N.pdf,pdf,gsdf_fsh,富士学校,陸上自衛隊,2025,2025,20
https://www.mod.go.jp/gsdf/fsh/fin/jouhoukouhyou.files/7/8-2-B-Z.pdf,pdf,gsdf_fsh,富士学校,陸上自衛隊,2025,2025,1
https://www.mod.go.jp/gsdf/fsh/fin/jouhoukouhyou.files/7/8-3-B-N.pdf,pdf,gsdf_fsh,富士学校,陸上自衛隊,2025,2025,3
https://www.mod.go.jp/gsdf/fsh/fin/jouhoukouhyou.files/7/8-3-B-Z.pdf,pdf,gsdf_fsh,富士学校,陸上自衛隊,2025,2025,2
https://www.mod.go.jp/gsdf/gmcc/raising/hoto/hzyo/hzyo040401.pdf,pdf,gsdf_gmcc,補給統制本部,陸上自衛隊,2022,2022,61
https://www.mod.go.jp/gsdf/gmcc/raising/hoto/hzyo/hzyo040402.pdf,pdf,gsdf_gmcc,補給統制本部,陸上自衛隊,2022,2022,55
https://www.mod.go.jp/gsdf/gmcc/raising/hoto/hzyo/hzyo040501.pdf,pdf,gsdf_gmcc,補給統制本部,陸上自衛隊,2022,2022,20
https://www.mod.go.jp/gsdf/gmcc/raising/hoto/hzyo/hzyo040502.pdf,pdf,gsdf_gmcc,補給統制本部,陸上自衛隊,2022,2022,35
https://www.mod.go.jp/gsdf/gmcc/raising/hoto/hzyo/hzyo040601.pdf,pdf,gsdf_gmcc,補給統制本部,陸上自衛隊,2022,2022,14
https://www.mod.go.jp/gsdf/gmcc/raising/hoto/hzyo/hzyo040602.pdf,pdf,gsdf_gmcc,補給統制本部,陸上自衛隊,2022,2022,69
https://www.mod.go.jp/gsdf/gmcc/raising/hoto/hzyo/hzyo040701.pdf,pdf,gsdf_gmcc,補給統制本部,陸上自衛隊,2022,2022,38
https://www.mod.go.jp/gsdf/gmcc/raising/hoto/hzyo/hzyo040702.pdf,pdf,gsdf_gmcc,補給統制本部,陸上自衛隊,2022,2022,73
https://www.mod.go.jp/gsdf/gmcc/raising/hoto/hzyo/hzyo040801.pdf,pdf,gsdf_gmcc,補給統制本部,陸上自衛隊,2022,2022,30
https://www.mod.go.jp/gsdf/gmcc/raising/hoto/hzyo/hzyo040802.pdf,pdf,gsdf_gmcc,補給統制本部,陸上自衛隊,2022,2022,106
https://www.mod.go.jp/gsdf/gmcc/raising/hoto/hzyo/hzyo040901.pdf,pdf,gsdf_gmcc,補給統制本部,陸上自衛隊,2022,2022,38
https://www.mod.go.jp/gsdf/gmcc/raising/hoto/hzyo/hzyo040902.pdf,pdf,gsdf_gmcc,補給統制本部,陸上自衛隊,2022,2022,204
https://www.mod.go.jp/gsdf/gmcc/raising/hoto/hzyo/hzyo041001.pdf,pdf,gsdf_gmcc,補給統制本部,陸上自衛隊,2022,2022,23
https://www.mod.go.jp/gsdf/gmcc/raising/hoto/hzyo/hzyo041002.pdf,pdf,gsdf_gmcc,補給統制本部,陸上自衛隊,2022,2022,158
https://www.mod.go.jp/gsdf/gmcc/raising/hoto/hzyo/hzyo041101.pdf,pdf,gsdf_gmcc,補給統制本部,陸上自衛隊,2022,2022,32
https://www.mod.go.jp/gsdf/gmcc/raising/hoto/hzyo/hzyo041102.pdf,pdf,gsdf_gmcc,補給統制本部,陸上自衛隊,2022,2022,172
https://www.mod.go.jp/gsdf/gmcc/raising/hoto/hzyo/hzyo041201.pdf,pdf,gsdf_gmcc,補給統制本部,陸上自衛隊,2022,2022,19
https://www.mod.go.jp/gsdf/gmcc/raising/hoto/hzyo/hzyo041202.pdf,pdf,gsdf_gmcc,補給統制本部,陸上自衛隊,2022,2022,184
https://www.mod.go.jp/gsdf/gmcc/raising/hoto/hzyo/hzyo050101.pdf,pdf,gsdf_gmcc,補給統制本部,陸上自衛隊,2022,2022,22
https://www.mod.go.jp/gsdf/gmcc/raising/hoto/hzyo/hzyo050102.pdf,pdf,gsdf_gmcc,補給統制本部,陸上自衛隊,2022,2022,151
https://www.mod.go.jp/gsdf/gmcc/raising/hoto/hzyo/hzyo050201.pdf,pdf,gsdf_gmcc,補給統制本部,陸上自衛隊,2022,2022,52
https://www.mod.go.jp/gsdf/gmcc/raising/hoto/hzyo/hzyo050202.pdf,pdf,gsdf_gmcc,補給統制本部,陸上自衛隊,2022,2022,203
https://www.mod.go.jp/gsdf/gmcc/raising/hoto/hzyo/hzyo050301.pdf,pdf,gsdf_gmcc,補給統制本部,陸上自衛隊,2022,2022,55
https://www.mod.go.jp/gsdf/gmcc/raising/hoto/hzyo/hzyo050302.pdf,pdf,gsdf_gmcc,補給統制本部,陸上自衛隊,2022,2022,314
https://www.mod.go.jp/gsdf/gmcc/raising/hoto/hzyo/hzyo050401.pdf,pdf,gsdf_gmcc,補給統制本部,陸上自衛隊,2023,2023,68
https://www.mod.go.jp/gsdf/gmcc/raising/hoto/hzyo/hzyo050402.pdf,pdf,gsdf_gmcc,補給統制本部,陸上自衛隊,2023,2023,55
https://www.mod.go.jp/gsdf/gmcc/raising/hoto/hzyo/hzyo050403.pdf,pdf,gsdf_gmcc,補給統制本部,陸上自衛隊,2023,2023,1
https://www.mod.go.jp/gsdf/gmcc/raising/hoto/hzyo/hzyo050501.pdf,pdf,gsdf_gmcc,補給統制本部,陸上自衛隊,2023,2023,21
https://www.mod.go.jp/gsdf/gmcc/raising/hoto/hzyo/hzyo050502.pdf,pdf,gsdf_gmcc,補給統制本部,陸上自衛隊,2023,2023,60
https://www.mod.go.jp/gsdf/gmcc/raising/hoto/hzyo/hzyo050601.pdf,pdf,gsdf_gmcc,補給統制本部,陸上自衛隊,2023,2023,35
https://www.mod.go.jp/gsdf/gmcc/raising/hoto/hzyo/hzyo050602.pdf,pdf,gsdf_gmcc,補給統制本部,陸上自衛隊,2023,2023,144
https://www.mod.go.jp/gsdf/gmcc/raising/hoto/hzyo/hzyo050701.pdf,pdf,gsdf_gmcc,補給統制本部,陸上自衛隊,2023,2023,56
https://www.mod.go.jp/gsdf/gmcc/raising/hoto/hzyo/hzyo050702.pdf,pdf,gsdf_gmcc,補給統制本部,陸上自衛隊,2023,2023,124
https://www.mod.go.jp/gsdf/gmcc/raising/hoto/hzyo/hzyo050801.pdf,pdf,gsdf_gmcc,補給統制本部,陸上自衛隊,2023,2023,48
https://www.mod.go.jp/gsdf/gmcc/raising/hoto/hzyo/hzyo050802.pdf,pdf,gsdf_gmcc,補給統制本部,陸上自衛隊,2023,2023,153
https://www.mod.go.jp/gsdf/gmcc/raising/hoto/hzyo/hzyo050901.pdf,pdf,gsdf_gmcc,補給統制本部,陸上自衛隊,2023,2023,53
https://www.mod.go.jp/gsdf/gmcc/raising/hoto/hzyo/hzyo050902.pdf,pdf,gsdf_gmcc,補給統制本部,陸上自衛隊,2023,2023,235
https://www.mod.go.jp/gsdf/gmcc/raising/hoto/hzyo/hzyo051001.pdf,pdf,gsdf_gmcc,補給統制本部,陸上自衛隊,2023,2023,67
https://www.mod.go.jp/gsdf/gmcc/raising/hoto/hzyo/hzyo051002.pdf,pdf,gsdf_gmcc,補給統制本部,陸上自衛隊,2023,2023,259
https://www.mod.go.jp/gsdf/gmcc/raising/hoto/hzyo/hzyo051101.pdf,pdf,gsdf_gmcc,補給統制本部,陸上自衛隊,2023,2023,57
https://www.mod.go.jp/gsdf/gmcc/raising/hoto/hzyo/hzyo051102.pdf,pdf,gsdf_gmcc,補給統制本部,陸上自衛隊,2023,2023,292
https://www.mod.go.jp/gsdf/gmcc/raising/hoto/hzyo/hzyo051201.pdf,pdf,gsdf_gmcc,補給統制本部,陸上自衛隊,2023,2023,54
https://www.mod.go.jp/gsdf/gmcc/raising/hoto/hzyo/hzyo051202.pdf,pdf,gsdf_gmcc,補給統制本部,陸上自衛隊,2023,2023,264
https://www.mod.go.jp/gsdf/gmcc/raising/hoto/hzyo/hzyo060101.pdf,pdf,gsdf_gmcc,補給統制本部,陸上自衛隊,2023,2023,57
https://www.mod.go.jp/gsdf/gmcc/raising/hoto/hzyo/hzyo060102.pdf,pdf,gsdf_gmcc,補給統制本部,陸上自衛隊,2023,2023,179
https://www.mod.go.jp/gsdf/gmcc/raising/hoto/hzyo/hzyo060201.pdf,pdf,gsdf_gmcc,補給統制本部,陸上自衛隊,2023,2023,81
https://www.mod.go.jp/gsdf/gmcc/raising/hoto/hzyo/hzyo060202.pdf,pdf,gsdf_gmcc,補給統制本部,陸上自衛隊,2023,2023,199
https://www.mod.go.jp/gsdf/gmcc/raising/hoto/hzyo/hzyo060301.pdf,pdf,gsdf_gmcc,補給統制本部,陸上自衛隊,2023,2023,99
https://www.mod.go.jp/gsdf/gmcc/raising/hoto/hzyo/hzyo060302.pdf,pdf,gsdf_gmcc,補給統制本部,陸上自衛隊,2023,2023,408
https://www.mod.go.jp/gsdf/gmcc/raising/hoto/hzyo/hzyo060401.pdf,pdf,gsdf_gmcc,補給統制本部,陸上自衛隊,2024,2024,45
https://www.mod.go.jp/gsdf/gmcc/raising/hoto/hzyo/hzyo060402.pdf,pdf,gsdf_gmcc,補給統制本部,陸上自衛隊,2024,2024,50
https://www.mod.go.jp/gsdf/gmcc/raising/hoto/hzyo/hzyo060501.pdf,pdf,gsdf_gmcc,補給統制本部,陸上自衛隊,2024,2024,17
https://www.mod.go.jp/gsdf/gmcc/raising/hoto/hzyo/hzyo060502.pdf,pdf,gsdf_gmcc,補給統制本部,陸上自衛隊,2024,2024,53
https://www.mod.go.jp/gsdf/gmcc/raising/hoto/hzyo/hzyo060601.pdf,pdf,gsdf_gmcc,補給統制本部,陸上自衛隊,2024,2024,31
https://www.mod.go.jp/gsdf/gmcc/raising/hoto/hzyo/hzyo060602.pdf,pdf,gsdf_gmcc,補給統制本部,陸上自衛隊,2024,2024,100
https://www.mod.go.jp/gsdf/gmcc/raising/hoto/hzyo/hzyo060701.pdf,pdf,gsdf_gmcc,補給統制本部,陸上自衛隊,2024,2024,56
https://www.mod.go.jp/gsdf/gmcc/raising/hoto/hzyo/hzyo060702.pdf,pdf,gsdf_gmcc,補給統制本部,陸上自衛隊,2024,2024,172
https://www.mod.go.jp/gsdf/gmcc/raising/hoto/hzyo/hzyo060801.pdf,pdf,gsdf_gmcc,補給統制本部,陸上自衛隊,2024,2024,44
https://www.mod.go.jp/gsdf/gmcc/raising/hoto/hzyo/hzyo060802.pdf,pdf,gsdf_gmcc,補給統制本部,陸上自衛隊,2024,2024,163
https://www.mod.go.jp/gsdf/gmcc/raising/hoto/hzyo/hzyo060901.pdf,pdf,gsdf_gmcc,補給統制本部,陸上自衛隊,2024,2024,63
https://www.mod.go.jp/gsdf/gmcc/raising/hoto/hzyo/hzyo060902.pdf,pdf,gsdf_gmcc,補給統制本部,陸上自衛隊,2024,2024,257
https://www.mod.go.jp/gsdf/gmcc/raising/hoto/hzyo/hzyo061001.pdf,pdf,gsdf_gmcc,補給統制本部,陸上自衛隊,2024,2024,68
https://www.mod.go.jp/gsdf/gmcc/raising/hoto/hzyo/hzyo061002.pdf,pdf,gsdf_gmcc,補給統制本部,陸上自衛隊,2024,2024,1
https://www.mod.go.jp/gsdf/gmcc/raising/hoto/hzyo/hzyo061101.pdf,pdf,gsdf_gmcc,補給統制本部,陸上自衛隊,2024,2024,59
https://www.mod.go.jp/gsdf/gmcc/raising/hoto/hzyo/hzyo061102.pdf,pdf,gsdf_gmcc,補給統制本部,陸上自衛隊,2024,2024,240
https://www.mod.go.jp/gsdf/gmcc/raising/hoto/hzyo/hzyo061201.pdf,pdf,gsdf_gmcc,補給統制本部,陸上自衛隊,2024,2024,49
https://www.mod.go.jp/gsdf/gmcc/raising/hoto/hzyo/hzyo061202.pdf,pdf,gsdf_gmcc,補給統制本部,陸上自衛隊,2024,2024,241
https://www.mod.go.jp/gsdf/gmcc/raising/hoto/hzyo/hzyo070101.pdf,pdf,gsdf_gmcc,補給統制本部,陸上自衛隊,2024,2024,60
https://www.mod.go.jp/gsdf/gmcc/raising/hoto/hzyo/hzyo070102.pdf,pdf,gsdf_gmcc,補給統制本部,陸上自衛隊,2024,2024,241
https://www.mod.go.jp/gsdf/gmcc/raising/hoto/hzyo/hzyo070201.pdf,pdf,gsdf_gmcc,補給統制本部,陸上自衛隊,2024,2024,62
https://www.mod.go.jp/gsdf/gmcc/raising/hoto/hzyo/hzyo070202.pdf,pdf,gsdf_gmcc,補給統制本部,陸上自衛隊,2024,2024,265
https://www.mod.go.jp/gsdf/gmcc/raising/hoto/hzyo/hzyo070301.pdf,pdf,gsdf_gmcc,補給統制本部,陸上自衛隊,2024,2024,50
https://www.mod.go.jp/gsdf/gmcc/raising/hoto/hzyo/hzyo070302.pdf,pdf,gsdf_gmcc,補給統制本部,陸上自衛隊,2024,2024,258
https://www.mod.go.jp/gsdf/gmcc/raising/hoto/hzyo/hzyo070401.pdf,pdf,gsdf_gmcc,補給統制本部,陸上自衛隊,2025,2025,44
https://www.mod.go.jp/gsdf/gmcc/raising/hoto/hzyo/hzyo070402.pdf,pdf,gsdf_gmcc,補給統制本部,陸上自衛隊,2025,2025,40
https://www.mod.go.jp/gsdf/gmcc/raising/hoto/hzyo/hzyo070501.pdf,pdf,gsdf_gmcc,補給統制本部,陸上自衛隊,2025,2025,8
https://www.mod.go.jp/gsdf/gmcc/raising/hoto/hzyo/hzyo070502.pdf,pdf,gsdf_gmcc,補給統制本部,陸上自衛隊,2025,2025,38
https://www.mod.go.jp/gsdf/gmcc/raising/hoto/hzyo/hzyo070601.pdf,pdf,gsdf_gmcc,補給統制本部,陸上自衛隊,2025,2025,8
https://www.mod.go.jp/gsdf/gmcc/raising/hoto/hzyo/hzyo070602.pdf,pdf,gsdf_gmcc,補給統制本部,陸上自衛隊,2025,2025,40
https://www.mod.go.jp/gsdf/gmcc/raising/hoto/hzyo/hzyo070701.pdf,pdf,gsdf_gmcc,補給統制本部,陸上自衛隊,2025,2025,58
https://www.mod.go.jp/gsdf/gmcc/raising/hoto/hzyo/hzyo070702.pdf,pdf,gsdf_gmcc,補給統制本部,陸上自衛隊,2025,2025,111
https://www.mod.go.jp/gsdf/gmcc/raising/hoto/hzyo/hzyo070801.pdf,pdf,gsdf_gmcc,補給統制本部,陸上自衛隊,2025,2025,16
https://www.mod.go.jp/gsdf/gmcc/raising/hoto/hzyo/hzyo070802.pdf,pdf,gsdf_gmcc,補給統制本部,陸上自衛隊,2025,2025,107
https://www.mod.go.jp/gsdf/gmcc/raising/hoto/hzyo/hzyo070901.pdf,pdf,gsdf_gmcc,補給統制本部,陸上自衛隊,2025,2025,55
https://www.mod.go.jp/gsdf/gmcc/raising/hoto/hzyo/hzyo070902.pdf,pdf,gsdf_gmcc,補給統制本部,陸上自衛隊,2025,2025,189
https://www.mod.go.jp/gsdf/gmcc/raising/hoto/hzyo/hzyo071001.pdf,pdf,gsdf_gmcc,補給統制本部,陸上自衛隊,2025,2025,20
https://www.mod.go.jp/gsdf/gmcc/raising/hoto/hzyo/hzyo071002.pdf,pdf,gsdf_gmcc,補給統制本部,陸上自衛隊,2025,2025,232
https://www.mod.go.jp/gsdf/gmcc/raising/hoto/hzyo/hzyo071101.pdf,pdf,gsdf_gmcc,補給統制本部,陸上自衛隊,2025,2025,11
https://www.mod.go.jp/gsdf/gmcc/raising/hoto/hzyo/hzyo071102.pdf,pdf,gsdf_gmcc,補給統制本部,陸上自衛隊,2025,2025,188
https://www.mod.go.jp/gsdf/gmcc/raising/hoto/hzyo/hzyo071201.pdf,pdf,gsdf_gmcc,補給統制本部,陸上自衛隊,2025,2025,27
https://www.mod.go.jp/gsdf/gmcc/raising/hoto/hzyo/hzyo071202.pdf,pdf,gsdf_gmcc,補給統制本部,陸上自衛隊,2025,2025,189
https://www.mod.go.jp/gsdf/gmcc/raising/hoto/hzyo/hzyo080101.pdf,warp_crawler,gsdf_gmcc,補給統制本部,陸上自衛隊,2025,2025,32
https://www.mod.go.jp/gsdf/gmcc/raising/hoto/hzyo/hzyo080102.pdf,warp_crawler,gsdf_gmcc,補給統制本部,陸上自衛隊,2025,2025,143
https://www.mod.go.jp/gsdf/gmcc/raising/hoto/hzyo/hzyo080201.pdf,warp_crawler,gsdf_gmcc,補給統制本部,陸上自衛隊,2025,2025,39
https://www.mod.go.jp/gsdf/gmcc/raising/hoto/hzyo/hzyo080202.pdf,warp_crawler,gsdf_gmcc,補給統制本部,陸上自衛隊,2025,2025,248
https://www.mod.go.jp/gsdf/gmcc/raising/hoto/hzyo/hzyo080301.pdf,warp_crawler,gsdf_gmcc,補給統制本部,陸上自衛隊,2025,2025,43
https://www.mod.go.jp/gsdf/gmcc/raising/hoto/hzyo/hzyo080302.pdf,warp_crawler,gsdf_gmcc,補給統制本部,陸上自衛隊,2025,2025,468
https://www.mod.go.jp/gsdf/gmcc/raising/gyoumu/gzyo/gzyo040401.pdf,pdf,gsdf_jujyo,陸上自衛隊（什器）,陸上自衛隊,2022,2022,11
https://www.mod.go.jp/gsdf/gmcc/raising/gyoumu/gzyo/gzyo040501.pdf,pdf,gsdf_jujyo,陸上自衛隊（什器）,陸上自衛隊,2022,2022,1
https://www.mod.go.jp/gsdf/gmcc/raising/gyoumu/gzyo/gzyo040601.pdf,pdf,gsdf_jujyo,陸上自衛隊（什器）,陸上自衛隊,2022,2022,1
https://www.mod.go.jp/gsdf/gmcc/raising/gyoumu/gzyo/gzyo040901.pdf,pdf,gsdf_jujyo,陸上自衛隊（什器）,陸上自衛隊,2022,2022,1
https://www.mod.go.jp/gsdf/gmcc/raising/gyoumu/gzyo/gzyo041201.pdf,pdf,gsdf_jujyo,陸上自衛隊（什器）,陸上自衛隊,2022,2022,1
https://www.mod.go.jp/gsdf/gmcc/raising/gyoumu/gzyo/gzyo050101.pdf,pdf,gsdf_jujyo,陸上自衛隊（什器）,陸上自衛隊,2022,2022,1
https://www.mod.go.jp/gsdf/gmcc/raising/gyoumu/gzyo/gzyo050201.pdf,pdf,gsdf_jujyo,陸上自衛隊（什器）,陸上自衛隊,2022,2022,3
https://www.mod.go.jp/gsdf/gmcc/raising/gyoumu/gzyo/gzyo050301.pdf,pdf,gsdf_jujyo,陸上自衛隊（什器）,陸上自衛隊,2022,2022,1
https://www.mod.go.jp/gsdf/gmcc/raising/gyoumu/gzyo/gzyo050401.pdf,pdf,gsdf_jujyo,陸上自衛隊（什器）,陸上自衛隊,2023,2023,10
https://www.mod.go.jp/gsdf/gmcc/raising/gyoumu/gzyo/gzyo050402.pdf,pdf,gsdf_jujyo,陸上自衛隊（什器）,陸上自衛隊,2023,2023,2
https://www.mod.go.jp/gsdf/gmcc/raising/gyoumu/gzyo/gzyo050501.pdf,pdf,gsdf_jujyo,陸上自衛隊（什器）,陸上自衛隊,2023,2023,2
https://www.mod.go.jp/gsdf/gmcc/raising/gyoumu/gzyo/gzyo050601.pdf,pdf,gsdf_jujyo,陸上自衛隊（什器）,陸上自衛隊,2023,2023,1
https://www.mod.go.jp/gsdf/gmcc/raising/gyoumu/gzyo/gzyo050701.pdf,pdf,gsdf_jujyo,陸上自衛隊（什器）,陸上自衛隊,2023,2023,2
https://www.mod.go.jp/gsdf/gmcc/raising/gyoumu/gzyo/gzyo050801.pdf,pdf,gsdf_jujyo,陸上自衛隊（什器）,陸上自衛隊,2023,2023,1
https://www.mod.go.jp/gsdf/gmcc/raising/gyoumu/gzyo/gzyo050901.pdf,pdf,gsdf_jujyo,陸上自衛隊（什器）,陸上自衛隊,2023,2023,1
https://www.mod.go.jp/gsdf/gmcc/raising/gyoumu/gzyo/gzyo051001.pdf,pdf,gsdf_jujyo,陸上自衛隊（什器）,陸上自衛隊,2023,2023,2
https://www.mod.go.jp/gsdf/gmcc/raising/gyoumu/gzyo/gzyo060101.pdf,pdf,gsdf_jujyo,陸上自衛隊（什器）,陸上自衛隊,2023,2023,4
https://www.mod.go.jp/gsdf/gmcc/raising/gyoumu/gzyo/gzyo060201.pdf,pdf,gsdf_jujyo,陸上自衛隊（什器）,陸上自衛隊,2023,2023,14
https://www.mod.go.jp/gsdf/gmcc/raising/gyoumu/gzyo/gzyo060301.pdf,pdf,gsdf_jujyo,陸上自衛隊（什器）,陸上自衛隊,2023,2023,12
https://www.mod.go.jp/gsdf/gmcc/raising/gyoumu/gzyo/gzyo060401.pdf,pdf,gsdf_jujyo,陸上自衛隊（什器）,陸上自衛隊,2024,2024,9
https://www.mod.go.jp/gsdf/gmcc/raising/gyoumu/gzyo/gzyo060402.pdf,pdf,gsdf_jujyo,陸上自衛隊（什器）,陸上自衛隊,2024,2024,2
https://www.mod.go.jp/gsdf/gmcc/raising/gyoumu/gzyo/gzyo060501.pdf,pdf,gsdf_jujyo,陸上自衛隊（什器）,陸上自衛隊,2024,2024,2
https://www.mod.go.jp/gsdf/gmcc/raising/gyoumu/gzyo/gzyo060601.pdf,pdf,gsdf_jujyo,陸上自衛隊（什器）,陸上自衛隊,2024,2024,2
https://www.mod.go.jp/gsdf/gmcc/raising/gyoumu/gzyo/gzyo060701.pdf,pdf,gsdf_jujyo,陸上自衛隊（什器）,陸上自衛隊,2024,2024,3
https://www.mod.go.jp/gsdf/gmcc/raising/gyoumu/gzyo/gzyo060901.pdf,pdf,gsdf_jujyo,陸上自衛隊（什器）,陸上自衛隊,2024,2024,1
https://www.mod.go.jp/gsdf/gmcc/raising/gyoumu/gzyo/gzyo060902.pdf,pdf,gsdf_jujyo,陸上自衛隊（什器）,陸上自衛隊,2024,2024,1
https://www.mod.go.jp/gsdf/gmcc/raising/gyoumu/gzyo/gzyo061001.pdf,pdf,gsdf_jujyo,陸上自衛隊（什器）,陸上自衛隊,2024,2024,4
https://www.mod.go.jp/gsdf/gmcc/raising/gyoumu/gzyo/gzyo061101.pdf,pdf,gsdf_jujyo,陸上自衛隊（什器）,陸上自衛隊,2024,2024,7
https://www.mod.go.jp/gsdf/gmcc/raising/gyoumu/gzyo/gzyo061201.pdf,pdf,gsdf_jujyo,陸上自衛隊（什器）,陸上自衛隊,2024,2024,3
https://www.mod.go.jp/gsdf/gmcc/raising/gyoumu/gzyo/gzyo070101.pdf,pdf,gsdf_jujyo,陸上自衛隊（什器）,陸上自衛隊,2024,2024,7
https://www.mod.go.jp/gsdf/gmcc/raising/gyoumu/gzyo/gzyo070201.pdf,pdf,gsdf_jujyo,陸上自衛隊（什器）,陸上自衛隊,2024,2024,2
https://www.mod.go.jp/gsdf/kodaira/keiyaku/10gatu.pdf,pdf,gsdf_kodaira,小平駐屯地,陸上自衛隊,2024,2024,7
https://www.mod.go.jp/gsdf/kodaira/keiyaku/11gatu.pdf,pdf,gsdf_kodaira,小平駐屯地,陸上自衛隊,2024,2024,5
https://www.mod.go.jp/gsdf/kodaira/keiyaku/12gatu.pdf,pdf,gsdf_kodaira,小平駐屯地,陸上自衛隊,2024,2024,4
https://www.mod.go.jp/gsdf/kodaira/keiyaku/1gatu.pdf,pdf,gsdf_kodaira,小平駐屯地,陸上自衛隊,2024,2024,19
https://www.mod.go.jp/gsdf/kodaira/keiyaku/2-gatu.pdf,pdf,gsdf_kodaira,小平駐屯地,陸上自衛隊,2023,2023,12
https://www.mod.go.jp/gsdf/kodaira/keiyaku/2gatu.pdf,pdf,gsdf_kodaira,小平駐屯地,陸上自衛隊,2024,2024,14
https://www.mod.go.jp/gsdf/kodaira/keiyaku/3gatu.pdf,pdf,gsdf_kodaira,小平駐屯地,陸上自衛隊,2024,2024,2
https://www.mod.go.jp/gsdf/kodaira/keiyaku/4-gatu.pdf,pdf,gsdf_kodaira,小平駐屯地,陸上自衛隊,2024,2024,16
https://www.mod.go.jp/gsdf/kodaira/keiyaku/4gatu.pdf,pdf,gsdf_kodaira,小平駐屯地,陸上自衛隊,2025,2025,14
https://www.mod.go.jp/gsdf/kodaira/keiyaku/5gatu.pdf,pdf,gsdf_kodaira,小平駐屯地,陸上自衛隊,2024,2024,1
https://www.mod.go.jp/gsdf/kodaira/keiyaku/6-1gatu.pdf,pdf,gsdf_kodaira,小平駐屯地,陸上自衛隊,2025,2025,2
https://www.mod.go.jp/gsdf/kodaira/keiyaku/6gatu.pdf,pdf,gsdf_kodaira,小平駐屯地,陸上自衛隊,2023,2023,1
https://www.mod.go.jp/gsdf/kodaira/keiyaku/7gatu.pdf,pdf,gsdf_kodaira,小平駐屯地,陸上自衛隊,2025,2025,1
https://www.mod.go.jp/gsdf/kodaira/keiyaku/8gatu.pdf,pdf,gsdf_kodaira,小平駐屯地,陸上自衛隊,2025,2025,2
https://www.mod.go.jp/gsdf/kodaira/keiyaku/9gatu.pdf,pdf,gsdf_kodaira,小平駐屯地,陸上自衛隊,2024,2024,4
https://www.mod.go.jp/gsdf/kodaira/keiyaku/kouhyou10.pdf,pdf,gsdf_kodaira,小平駐屯地,陸上自衛隊,2023,2023,1
https://www.mod.go.jp/gsdf/kodaira/keiyaku/kouhyou11.pdf,pdf,gsdf_kodaira,小平駐屯地,陸上自衛隊,2023,2023,1
https://www.mod.go.jp/gsdf/kodaira/keiyaku/kouhyou12.pdf,pdf,gsdf_kodaira,小平駐屯地,陸上自衛隊,2023,2023,1
https://www.mod.go.jp/gsdf/mae/madep/uji/nyusatsu/080413kouhyoudeta.pdf,pdf,gsdf_madep,関西補給処,陸上自衛隊,2025,2025,177
https://www.mod.go.jp/gsdf/mae/madep/uji/nyusatsu/R6kyouhyoudeta070520.pdf,pdf,gsdf_madep,関西補給処,陸上自衛隊,2024,2024,339
https://www.mod.go.jp/gsdf/nae/nadep/nyuusatujouhou/070kouhyou07/7.4-abi-kouhyou.pdf,pdf,gsdf_nadep,北海道補給処,陸上自衛隊,2025,2025,3
https://www.mod.go.jp/gsdf/nae/nadep/nyuusatujouhou/070kouhyou07/7.4-asyo-kouhyou.pdf,pdf,gsdf_nadep,北海道補給処,陸上自衛隊,2025,2025,1
https://www.mod.go.jp/gsdf/nae/nadep/nyuusatujouhou/070kouhyou07/7.5-sima-kouhyou.pdf,pdf,gsdf_nadep,北海道補給処,陸上自衛隊,2025,2025,21
https://www.mod.go.jp/gsdf/nae/nadep/nyuusatujouhou/070kouhyou07/7.6-abi-kouhyou.pdf,pdf,gsdf_nadep,北海道補給処,陸上自衛隊,2025,2025,1
https://www.mod.go.jp/gsdf/nae/nadep/nyuusatujouhou/070kouhyou07/7.6-numa-kouhyou.pdf,pdf,gsdf_nadep,北海道補給処,陸上自衛隊,2025,2025,1
https://www.mod.go.jp/gsdf/nae/nadep/nyuusatujouhou/070kouhyou07/7.6-sima-kouhyou.pdf,pdf,gsdf_nadep,北海道補給処,陸上自衛隊,2025,2025,24
https://www.mod.go.jp/gsdf/nae/nadep/nyuusatujouhou/070kouhyou07/7.7-abi-kouhyou.pdf,pdf,gsdf_nadep,北海道補給処,陸上自衛隊,2025,2025,4
https://www.mod.go.jp/gsdf/nae/nadep/nyuusatujouhou/070kouhyou07/7.7-numa-kouhyou.pdf,pdf,gsdf_nadep,北海道補給処,陸上自衛隊,2025,2025,1
https://www.mod.go.jp/gsdf/nae/nadep/nyuusatujouhou/070kouhyou07/7.7-sima-kouhyou.pdf,pdf,gsdf_nadep,北海道補給処,陸上自衛隊,2025,2025,21
https://www.mod.go.jp/gsdf/nae/nadep/nyuusatujouhou/070kouhyou07/7.8-abi-kouhyou.pdf,pdf,gsdf_nadep,北海道補給処,陸上自衛隊,2025,2025,1
https://www.mod.go.jp/gsdf/nae/nadep/nyuusatujouhou/070kouhyou07/7.8-sima-kouhyou.pdf,pdf,gsdf_nadep,北海道補給処,陸上自衛隊,2025,2025,9
https://www.mod.go.jp/gsdf/nae/nadep/nyuusatujouhou/070kouhyou07/7.9-numa-kouhyou.pdf,pdf,gsdf_nadep,北海道補給処,陸上自衛隊,2025,2025,2
https://www.mod.go.jp/gsdf/nae/nadep/nyuusatujouhou/070kouhyou07/R0704-kouhyou-hidaka.pdf,pdf,gsdf_nadep,北海道補給処,陸上自衛隊,2025,2025,2
https://www.mod.go.jp/gsdf/nae/nadep/nyuusatujouhou/070kouhyou07/R0704-kouhyou-numata.pdf,pdf,gsdf_nadep,北海道補給処,陸上自衛隊,2025,2025,3
https://www.mod.go.jp/gsdf/nae/nadep/nyuusatujouhou/070kouhyou07/R0704-kouhyou-shimamatu.pdf,pdf,gsdf_nadep,北海道補給処,陸上自衛隊,2025,2025,15
https://www.mod.go.jp/gsdf/nae/nadep/nyuusatujouhou/070kouhyou07/R7.10-abi-kouhyou.pdf,pdf,gsdf_nadep,北海道補給処,陸上自衛隊,2025,2025,3
https://www.mod.go.jp/gsdf/nae/nadep/nyuusatujouhou/070kouhyou07/R7.10-nae-kouhyou.pdf,pdf,gsdf_nadep,北海道補給処,陸上自衛隊,2025,2025,1
https://www.mod.go.jp/gsdf/nae/nadep/nyuusatujouhou/070kouhyou07/R7.10-sima-kouhyou.pdf,pdf,gsdf_nadep,北海道補給処,陸上自衛隊,2025,2025,29
https://www.mod.go.jp/gsdf/nae/nadep/nyuusatujouhou/070kouhyou07/R7.11-abi-kouhyou.pdf,pdf,gsdf_nadep,北海道補給処,陸上自衛隊,2025,2025,2
https://www.mod.go.jp/gsdf/nae/nadep/nyuusatujouhou/070kouhyou07/R7.11-numa-kouhyou.pdf,pdf,gsdf_nadep,北海道補給処,陸上自衛隊,2025,2025,1
https://www.mod.go.jp/gsdf/nae/nadep/nyuusatujouhou/070kouhyou07/R7.11-sima-kouhyou.pdf,pdf,gsdf_nadep,北海道補給処,陸上自衛隊,2025,2025,26
https://www.mod.go.jp/gsdf/nae/nadep/nyuusatujouhou/070kouhyou07/R7.12-nae-kouhyou.pdf,pdf,gsdf_nadep,北海道補給処,陸上自衛隊,2025,2025,2
https://www.mod.go.jp/gsdf/nae/nadep/nyuusatujouhou/070kouhyou07/R7.12-numa-kouhyou.pdf,pdf,gsdf_nadep,北海道補給処,陸上自衛隊,2025,2025,3
https://www.mod.go.jp/gsdf/nae/nadep/nyuusatujouhou/070kouhyou07/R7.12-sima-kouhyou.pdf,pdf,gsdf_nadep,北海道補給処,陸上自衛隊,2025,2025,27
https://www.mod.go.jp/gsdf/nae/nadep/nyuusatujouhou/070kouhyou07/R7.4-nae-kouhyou2.pdf,pdf,gsdf_nadep,北海道補給処,陸上自衛隊,2025,2025,1
https://www.mod.go.jp/gsdf/nae/nadep/nyuusatujouhou/070kouhyou07/R7.5abira-kouhyou.pdf,pdf,gsdf_nadep,北海道補給処,陸上自衛隊,2025,2025,1
https://www.mod.go.jp/gsdf/nae/nadep/nyuusatujouhou/070kouhyou07/R7.9-abi-kouhyou.pdf,pdf,gsdf_nadep,北海道補給処,陸上自衛隊,2025,2025,2
https://www.mod.go.jp/gsdf/nae/nadep/nyuusatujouhou/070kouhyou07/R7.9-asyo-kouhyou.pdf,pdf,gsdf_nadep,北海道補給処,陸上自衛隊,2025,2025,1
https://www.mod.go.jp/gsdf/nae/nadep/nyuusatujouhou/070kouhyou07/R7.9-sima-kouhyou.pdf,pdf,gsdf_nadep,北海道補給処,陸上自衛隊,2025,2025,14
https://www.mod.go.jp/gsdf/nae/nadep/nyuusatujouhou/070kouhyou07/R8.1-abi-kouhyou.pdf,pdf,gsdf_nadep,北海道補給処,陸上自衛隊,2025,2025,2
https://www.mod.go.jp/gsdf/nae/nadep/nyuusatujouhou/070kouhyou07/R8.1-nae-kouhyou.pdf,pdf,gsdf_nadep,北海道補給処,陸上自衛隊,2025,2025,1
https://www.mod.go.jp/gsdf/nae/nadep/nyuusatujouhou/070kouhyou07/R8.1-numa-kouhyou.pdf,pdf,gsdf_nadep,北海道補給処,陸上自衛隊,2025,2025,1
https://www.mod.go.jp/gsdf/nae/nadep/nyuusatujouhou/070kouhyou07/R8.1-sima-kouhyou.pdf,pdf,gsdf_nadep,北海道補給処,陸上自衛隊,2025,2025,26
https://www.mod.go.jp/gsdf/nae/nadep/nyuusatujouhou/070kouhyou07/R8.2-abi-kouhyou.pdf,pdf,gsdf_nadep,北海道補給処,陸上自衛隊,2025,2025,1
https://www.mod.go.jp/gsdf/nae/nadep/nyuusatujouhou/070kouhyou07/R8.2-nae-kouhyou.pdf,pdf,gsdf_nadep,北海道補給処,陸上自衛隊,2025,2025,3
https://www.mod.go.jp/gsdf/nae/nadep/nyuusatujouhou/070kouhyou07/R8.2-sima-kouhyou.pdf,pdf,gsdf_nadep,北海道補給処,陸上自衛隊,2025,2025,52
https://www.mod.go.jp/gsdf/nae/nadep/nyuusatujouhou/070kouhyou07/R8.3-sima-kouhyou.pdf,pdf,gsdf_nadep,北海道補給処,陸上自衛隊,2025,2025,57
https://www.mod.go.jp/gsdf/neae/koukoku/dep/kouhyou0104.pdf,pdf,gsdf_neadep,東北補給処,陸上自衛隊,2023,2023,14
https://www.mod.go.jp/gsdf/neae/koukoku/dep/kouhyou0105.pdf,pdf,gsdf_neadep,東北補給処,陸上自衛隊,2023,2023,6
https://www.mod.go.jp/gsdf/neae/koukoku/dep/kouhyou0107.pdf,pdf,gsdf_neadep,東北補給処,陸上自衛隊,2023,2023,18
https://www.mod.go.jp/gsdf/neae/koukoku/dep/kouhyou0108.pdf,pdf,gsdf_neadep,東北補給処,陸上自衛隊,2023,2023,11
https://www.mod.go.jp/gsdf/neae/koukoku/dep/kouhyou0109.pdf,pdf,gsdf_neadep,東北補給処,陸上自衛隊,2023,2023,8
https://www.mod.go.jp/gsdf/neae/koukoku/dep/kouhyou0110.pdf,pdf,gsdf_neadep,東北補給処,陸上自衛隊,2023,2023,12
https://www.mod.go.jp/gsdf/neae/koukoku/dep/kouhyou0111.pdf,pdf,gsdf_neadep,東北補給処,陸上自衛隊,2023,2023,8
https://www.mod.go.jp/gsdf/neae/koukoku/dep/kouhyou0112.pdf,pdf,gsdf_neadep,東北補給処,陸上自衛隊,2023,2023,14
https://www.mod.go.jp/gsdf/neae/koukoku/dep/kouhyou0404.pdf,pdf,gsdf_neadep,東北補給処,陸上自衛隊,2022,2022,12
https://www.mod.go.jp/gsdf/neae/koukoku/dep/kouhyou0405.pdf,pdf,gsdf_neadep,東北補給処,陸上自衛隊,2022,2022,5
https://www.mod.go.jp/gsdf/neae/koukoku/dep/kouhyou0406.pdf,pdf,gsdf_neadep,東北補給処,陸上自衛隊,2022,2022,9
https://www.mod.go.jp/gsdf/neae/koukoku/dep/kouhyou0407.pdf,pdf,gsdf_neadep,東北補給処,陸上自衛隊,2022,2022,9
https://www.mod.go.jp/gsdf/neae/koukoku/dep/kouhyou0408.pdf,pdf,gsdf_neadep,東北補給処,陸上自衛隊,2022,2022,7
https://www.mod.go.jp/gsdf/neae/koukoku/dep/kouhyou0409.pdf,pdf,gsdf_neadep,東北補給処,陸上自衛隊,2022,2022,3
https://www.mod.go.jp/gsdf/neae/koukoku/dep/kouhyou0410.pdf,pdf,gsdf_neadep,東北補給処,陸上自衛隊,2022,2022,5
https://www.mod.go.jp/gsdf/neae/koukoku/dep/kouhyou0411.pdf,pdf,gsdf_neadep,東北補給処,陸上自衛隊,2022,2022,7
https://www.mod.go.jp/gsdf/neae/koukoku/dep/kouhyou0412.pdf,pdf,gsdf_neadep,東北補給処,陸上自衛隊,2022,2022,10
https://www.mod.go.jp/gsdf/neae/koukoku/dep/kouhyou0501.pdf,pdf,gsdf_neadep,東北補給処,陸上自衛隊,2022,2022,15
https://www.mod.go.jp/gsdf/neae/koukoku/dep/kouhyou0502.pdf,pdf,gsdf_neadep,東北補給処,陸上自衛隊,2022,2022,14
https://www.mod.go.jp/gsdf/neae/koukoku/dep/kouhyou0505.pdf,pdf,gsdf_neadep,東北補給処,陸上自衛隊,2022,2022,16
https://www.mod.go.jp/gsdf/neae/koukoku/dep/kouhyou0601.pdf,pdf,gsdf_neadep,東北補給処,陸上自衛隊,2023,2023,15
https://www.mod.go.jp/gsdf/neae/koukoku/dep/kouhyou0603.pdf,pdf,gsdf_neadep,東北補給処,陸上自衛隊,2023,2023,9
https://www.mod.go.jp/gsdf/neae/koukoku/dep/kouhyou0604.pdf,pdf,gsdf_neadep,東北補給処,陸上自衛隊,2024,2024,17
https://www.mod.go.jp/gsdf/neae/koukoku/dep/kouhyou0605.pdf,pdf,gsdf_neadep,東北補給処,陸上自衛隊,2024,2024,3
https://www.mod.go.jp/gsdf/neae/koukoku/dep/kouhyou0606.pdf,pdf,gsdf_neadep,東北補給処,陸上自衛隊,2024,2024,6
https://www.mod.go.jp/gsdf/neae/koukoku/dep/kouhyou0607.pdf,pdf,gsdf_neadep,東北補給処,陸上自衛隊,2024,2024,18
https://www.mod.go.jp/gsdf/neae/koukoku/dep/kouhyou0608.pdf,pdf,gsdf_neadep,東北補給処,陸上自衛隊,2024,2024,11
https://www.mod.go.jp/gsdf/neae/koukoku/dep/kouhyou07-04.pdf,pdf,gsdf_neadep,東北補給処,陸上自衛隊,2025,2025,13
https://www.mod.go.jp/gsdf/neae/koukoku/dep/kouhyou07-05.pdf,pdf,gsdf_neadep,東北補給処,陸上自衛隊,2025,2025,5
https://www.mod.go.jp/gsdf/neae/koukoku/dep/kouhyou07-06.pdf,pdf,gsdf_neadep,東北補給処,陸上自衛隊,2025,2025,4
https://www.mod.go.jp/gsdf/neae/koukoku/dep/kouhyou07-07.pdf,pdf,gsdf_neadep,東北補給処,陸上自衛隊,2025,2025,19
https://www.mod.go.jp/gsdf/neae/koukoku/dep/kouhyou0708.pdf,pdf,gsdf_neadep,東北補給処,陸上自衛隊,2025,2025,4
https://www.mod.go.jp/gsdf/neae/koukoku/dep/kouhyou0907.pdf,pdf,gsdf_neadep,東北補給処,陸上自衛隊,2024,2024,16
https://www.mod.go.jp/gsdf/neae/koukoku/dep/kouhyou0908.pdf,pdf,gsdf_neadep,東北補給処,陸上自衛隊,2024,2024,23
https://www.mod.go.jp/gsdf/neae/koukoku/dep/kouhyou0909.pdf,pdf,gsdf_neadep,東北補給処,陸上自衛隊,2024,2024,20
https://www.mod.go.jp/gsdf/neae/koukoku/dep/kouhyou0910.pdf,pdf,gsdf_neadep,東北補給処,陸上自衛隊,2024,2024,27
https://www.mod.go.jp/gsdf/neae/koukoku/dep/kouhyou0911.pdf,pdf,gsdf_neadep,東北補給処,陸上自衛隊,2024,2024,17
https://www.mod.go.jp/gsdf/neae/koukoku/dep/kouhyou0912.pdf,pdf,gsdf_neadep,東北補給処,陸上自衛隊,2024,2024,39
https://www.mod.go.jp/gsdf/neae/koukoku/dep/kouhyou7-10.pdf,pdf,gsdf_neadep,東北補給処,陸上自衛隊,2025,2025,5
https://www.mod.go.jp/gsdf/neae/koukoku/dep/kouhyou7-11.pdf,pdf,gsdf_neadep,東北補給処,陸上自衛隊,2025,2025,9
https://www.mod.go.jp/gsdf/neae/koukoku/dep/kouhyou7-12.pdf,pdf,gsdf_neadep,東北補給処,陸上自衛隊,2025,2025,4
https://www.mod.go.jp/gsdf/neae/koukoku/dep/kouhyou7-9.pdf,pdf,gsdf_neadep,東北補給処,陸上自衛隊,2025,2025,4
https://www.mod.go.jp/gsdf/neae/koukoku/dep/kouhyou8-1.pdf,pdf,gsdf_neadep,東北補給処,陸上自衛隊,2025,2025,25
https://www.mod.go.jp/gsdf/neae/koukoku/dep/kouhyou8-2.pdf,pdf,gsdf_neadep,東北補給処,陸上自衛隊,2025,2025,16
https://www.mod.go.jp/gsdf/neae/koukoku/dep/kouhyou8-3.pdf,pdf,gsdf_neadep,東北補給処,陸上自衛隊,2025,2025,2
https://www.mod.go.jp/gsdf/neae/koukoku/dep/koukyou0602.pdf,pdf,gsdf_neadep,東北補給処,陸上自衛隊,2023,2023,19
https://www.mod.go.jp/gsdf/neae/koukoku/dep/koukyuo0106.pdf,pdf,gsdf_neadep,東北補給処,陸上自衛隊,2023,2023,23
https://www.mod.go.jp/gsdf/wae/info/nyusatu/wa-fin/04/361_7.10_3.pdf,pdf,gsdf_seibu,西部方面会計隊,陸上自衛隊,2025,2025,3
https://www.mod.go.jp/gsdf/wae/info/nyusatu/wa-fin/04/361_7.11_3.pdf,pdf,gsdf_seibu,西部方面会計隊,陸上自衛隊,2025,2025,1
https://www.mod.go.jp/gsdf/wae/info/nyusatu/wa-fin/04/361_7.4_3.pdf,pdf,gsdf_seibu,西部方面会計隊,陸上自衛隊,2025,2025,10
https://www.mod.go.jp/gsdf/wae/info/nyusatu/wa-fin/04/361_7.5_3.pdf,pdf,gsdf_seibu,西部方面会計隊,陸上自衛隊,2025,2025,1
https://www.mod.go.jp/gsdf/wae/info/nyusatu/wa-fin/04/361_7.6_3.pdf,pdf,gsdf_seibu,西部方面会計隊,陸上自衛隊,2025,2025,6
https://www.mod.go.jp/gsdf/wae/info/nyusatu/wa-fin/04/361_7.7_3.pdf,pdf,gsdf_seibu,西部方面会計隊,陸上自衛隊,2025,2025,3
https://www.mod.go.jp/gsdf/wae/info/nyusatu/wa-fin/04/361_8.1_3.pdf,pdf,gsdf_seibu,西部方面会計隊,陸上自衛隊,2025,2025,2
https://www.mod.go.jp/gsdf/wae/info/nyusatu/wa-fin/04/361_8.2_3.pdf,pdf,gsdf_seibu,西部方面会計隊,陸上自衛隊,2025,2025,10
https://www.mod.go.jp/gsdf/wae/info/nyusatu/wa-fin/04/361_8.3_3.pdf,pdf,gsdf_seibu,西部方面会計隊,陸上自衛隊,2025,2025,5
https://www.mod.go.jp/gsdf/wae/info/nyusatu/wa-fin/04/361_ku_7.11_3.pdf,pdf,gsdf_seibu,西部方面会計隊,陸上自衛隊,2025,2025,1
https://www.mod.go.jp/gsdf/wae/info/nyusatu/wa-fin/04/361_ku_7.4_3.pdf,pdf,gsdf_seibu,西部方面会計隊,陸上自衛隊,2025,2025,6
https://www.mod.go.jp/gsdf/wae/info/nyusatu/wa-fin/04/361_ku_7.4_4.pdf,pdf,gsdf_seibu,西部方面会計隊,陸上自衛隊,2025,2025,3
https://www.mod.go.jp/gsdf/wae/info/nyusatu/wa-fin/04/361_ku_7.6_3.pdf,pdf,gsdf_seibu,西部方面会計隊,陸上自衛隊,2025,2025,1
https://www.mod.go.jp/gsdf/wae/info/nyusatu/wa-fin/04/361_ku_7.7_3.pdf,pdf,gsdf_seibu,西部方面会計隊,陸上自衛隊,2025,2025,5
https://www.mod.go.jp/gsdf/wae/info/nyusatu/wa-fin/04/361_ku_7.8_3.pdf,pdf,gsdf_seibu,西部方面会計隊,陸上自衛隊,2025,2025,2
https://www.mod.go.jp/gsdf/wae/info/nyusatu/wa-fin/04/361_ku_7.9_1.pdf,pdf,gsdf_seibu,西部方面会計隊,陸上自衛隊,2025,2025,1
https://www.mod.go.jp/gsdf/wae/info/nyusatu/wa-fin/04/361_ku_8.1_1.pdf,pdf,gsdf_seibu,西部方面会計隊,陸上自衛隊,2025,2025,1
https://www.mod.go.jp/gsdf/wae/info/nyusatu/wa-fin/04/361_ku_8.1_3.pdf,pdf,gsdf_seibu,西部方面会計隊,陸上自衛隊,2025,2025,1
https://www.mod.go.jp/gsdf/wae/info/nyusatu/wa-fin/04/361_ku_8.2_3.pdf,pdf,gsdf_seibu,西部方面会計隊,陸上自衛隊,2025,2025,3
https://www.mod.go.jp/gsdf/wae/info/nyusatu/wa-fin/04/361_ku_8.2_4.pdf,pdf,gsdf_seibu,西部方面会計隊,陸上自衛隊,2025,2025,1
https://www.mod.go.jp/gsdf/wae/info/nyusatu/wa-fin/04/361_ku_8.3.2.pdf,pdf,gsdf_seibu,西部方面会計隊,陸上自衛隊,2025,2025,1
https://www.mod.go.jp/gsdf/wae/info/nyusatu/wa-fin/04/363_5_3.pdf,pdf,gsdf_seibu,西部方面会計隊,陸上自衛隊,2025,2025,4
https://www.mod.go.jp/gsdf/wae/info/nyusatu/wa-fin/04/363_6_1.pdf,pdf,gsdf_seibu,西部方面会計隊,陸上自衛隊,2025,2025,1
https://www.mod.go.jp/gsdf/wae/info/nyusatu/wa-fin/04/363_6_3.pdf,pdf,gsdf_seibu,西部方面会計隊,陸上自衛隊,2025,2025,7
https://www.mod.go.jp/gsdf/wae/info/nyusatu/wa-fin/04/363_7.10_1.pdf,pdf,gsdf_seibu,西部方面会計隊,陸上自衛隊,2025,2025,2
https://www.mod.go.jp/gsdf/wae/info/nyusatu/wa-fin/04/363_7.10_3.pdf,pdf,gsdf_seibu,西部方面会計隊,陸上自衛隊,2025,2025,6
https://www.mod.go.jp/gsdf/wae/info/nyusatu/wa-fin/04/363_7.11_1.pdf,pdf,gsdf_seibu,西部方面会計隊,陸上自衛隊,2025,2025,2
https://www.mod.go.jp/gsdf/wae/info/nyusatu/wa-fin/04/363_7.11_3.pdf,pdf,gsdf_seibu,西部方面会計隊,陸上自衛隊,2025,2025,7
https://www.mod.go.jp/gsdf/wae/info/nyusatu/wa-fin/04/363_7.12_1.pdf,pdf,gsdf_seibu,西部方面会計隊,陸上自衛隊,2025,2025,1
https://www.mod.go.jp/gsdf/wae/info/nyusatu/wa-fin/04/363_7.12_3.pdf,pdf,gsdf_seibu,西部方面会計隊,陸上自衛隊,2025,2025,7
https://www.mod.go.jp/gsdf/wae/info/nyusatu/wa-fin/04/363_7.4_3.pdf,pdf,gsdf_seibu,西部方面会計隊,陸上自衛隊,2025,2025,9
https://www.mod.go.jp/gsdf/wae/info/nyusatu/wa-fin/04/363_7.4_4.pdf,pdf,gsdf_seibu,西部方面会計隊,陸上自衛隊,2025,2025,8
https://www.mod.go.jp/gsdf/wae/info/nyusatu/wa-fin/04/363_7.6_4.pdf,pdf,gsdf_seibu,西部方面会計隊,陸上自衛隊,2025,2025,1
https://www.mod.go.jp/gsdf/wae/info/nyusatu/wa-fin/04/363_7.7_3.pdf,pdf,gsdf_seibu,西部方面会計隊,陸上自衛隊,2025,2025,2
https://www.mod.go.jp/gsdf/wae/info/nyusatu/wa-fin/04/363_7.8_1.pdf,pdf,gsdf_seibu,西部方面会計隊,陸上自衛隊,2025,2025,2
https://www.mod.go.jp/gsdf/wae/info/nyusatu/wa-fin/04/363_7.8_3.pdf,pdf,gsdf_seibu,西部方面会計隊,陸上自衛隊,2025,2025,4
https://www.mod.go.jp/gsdf/wae/info/nyusatu/wa-fin/04/363_8.1_3.pdf,pdf,gsdf_seibu,西部方面会計隊,陸上自衛隊,2025,2025,3
https://www.mod.go.jp/gsdf/wae/info/nyusatu/wa-fin/04/363_8.1_4.pdf,pdf,gsdf_seibu,西部方面会計隊,陸上自衛隊,2025,2025,5
https://www.mod.go.jp/gsdf/wae/info/nyusatu/wa-fin/04/363_8.2_1.pdf,pdf,gsdf_seibu,西部方面会計隊,陸上自衛隊,2025,2025,1
https://www.mod.go.jp/gsdf/wae/info/nyusatu/wa-fin/04/363_8.2_3.pdf,pdf,gsdf_seibu,西部方面会計隊,陸上自衛隊,2025,2025,12
https://www.mod.go.jp/gsdf/wae/info/nyusatu/wa-fin/04/363_8.2_4.pdf,pdf,gsdf_seibu,西部方面会計隊,陸上自衛隊,2025,2025,1
https://www.mod.go.jp/gsdf/wae/info/nyusatu/wa-fin/04/363_8.3_3.pdf,pdf,gsdf_seibu,西部方面会計隊,陸上自衛隊,2025,2025,4
https://www.mod.go.jp/gsdf/wae/info/nyusatu/wa-fin/04/363_oo_7.10_3.pdf,pdf,gsdf_seibu,西部方面会計隊,陸上自衛隊,2025,2025,3
https://www.mod.go.jp/gsdf/wae/info/nyusatu/wa-fin/04/363_oo_7.11_1.pdf,pdf,gsdf_seibu,西部方面会計隊,陸上自衛隊,2025,2025,2
https://www.mod.go.jp/gsdf/wae/info/nyusatu/wa-fin/04/363_oo_7.4_2.pdf,pdf,gsdf_seibu,西部方面会計隊,陸上自衛隊,2025,2025,1
https://www.mod.go.jp/gsdf/wae/info/nyusatu/wa-fin/04/363_oo_7.4_3.pdf,pdf,gsdf_seibu,西部方面会計隊,陸上自衛隊,2025,2025,6
https://www.mod.go.jp/gsdf/wae/info/nyusatu/wa-fin/04/363_oo_7.4_4.pdf,pdf,gsdf_seibu,西部方面会計隊,陸上自衛隊,2025,2025,1
https://www.mod.go.jp/gsdf/wae/info/nyusatu/wa-fin/04/363_oo_7.5_3.pdf,pdf,gsdf_seibu,西部方面会計隊,陸上自衛隊,2025,2025,3
https://www.mod.go.jp/gsdf/wae/info/nyusatu/wa-fin/04/363_oo_7.6_1.pdf,pdf,gsdf_seibu,西部方面会計隊,陸上自衛隊,2025,2025,1
https://www.mod.go.jp/gsdf/wae/info/nyusatu/wa-fin/04/363_oo_7.8_1.pdf,pdf,gsdf_seibu,西部方面会計隊,陸上自衛隊,2025,2025,2
https://www.mod.go.jp/gsdf/wae/info/nyusatu/wa-fin/04/363_oo_8.1_1.pdf,pdf,gsdf_seibu,西部方面会計隊,陸上自衛隊,2025,2025,2
https://www.mod.go.jp/gsdf/wae/info/nyusatu/wa-fin/04/363_oo_8.1_3.pdf,pdf,gsdf_seibu,西部方面会計隊,陸上自衛隊,2025,2025,1
https://www.mod.go.jp/gsdf/wae/info/nyusatu/wa-fin/04/363_oo_8.2_3.pdf,pdf,gsdf_seibu,西部方面会計隊,陸上自衛隊,2025,2025,7
https://www.mod.go.jp/gsdf/wae/info/nyusatu/wa-fin/04/363_ta_7.12_3.pdf,pdf,gsdf_seibu,西部方面会計隊,陸上自衛隊,2025,2025,1
https://www.mod.go.jp/gsdf/wae/info/nyusatu/wa-fin/04/363_ta_7.4_3.pdf,pdf,gsdf_seibu,西部方面会計隊,陸上自衛隊,2025,2025,4
https://www.mod.go.jp/gsdf/wae/info/nyusatu/wa-fin/04/363_ta_7.4_4.pdf,pdf,gsdf_seibu,西部方面会計隊,陸上自衛隊,2025,2025,2
https://www.mod.go.jp/gsdf/wae/info/nyusatu/wa-fin/04/363_ta_7.7_1.pdf,pdf,gsdf_seibu,西部方面会計隊,陸上自衛隊,2025,2025,1
https://www.mod.go.jp/gsdf/wae/info/nyusatu/wa-fin/04/363_ta_7.7_4.pdf,pdf,gsdf_seibu,西部方面会計隊,陸上自衛隊,2025,2025,1
https://www.mod.go.jp/gsdf/wae/info/nyusatu/wa-fin/04/363_ta_7.8_1.pdf,pdf,gsdf_seibu,西部方面会計隊,陸上自衛隊,2025,2025,2
https://www.mod.go.jp/gsdf/wae/info/nyusatu/wa-fin/04/363_ta_7.9_1.pdf,pdf,gsdf_seibu,西部方面会計隊,陸上自衛隊,2025,2025,1
https://www.mod.go.jp/gsdf/wae/info/nyusatu/wa-fin/04/363_ta_7.9_3.pdf,pdf,gsdf_seibu,西部方面会計隊,陸上自衛隊,2025,2025,1
https://www.mod.go.jp/gsdf/wae/info/nyusatu/wa-fin/04/363_ta_8.1_3.pdf,pdf,gsdf_seibu,西部方面会計隊,陸上自衛隊,2025,2025,2
https://www.mod.go.jp/gsdf/wae/info/nyusatu/wa-fin/04/364_7.10_1.pdf,pdf,gsdf_seibu,西部方面会計隊,陸上自衛隊,2025,2025,2
https://www.mod.go.jp/gsdf/wae/info/nyusatu/wa-fin/04/364_7.10_3.pdf,pdf,gsdf_seibu,西部方面会計隊,陸上自衛隊,2025,2025,1
https://www.mod.go.jp/gsdf/wae/info/nyusatu/wa-fin/04/364_7.10_4.pdf,pdf,gsdf_seibu,西部方面会計隊,陸上自衛隊,2025,2025,1
https://www.mod.go.jp/gsdf/wae/info/nyusatu/wa-fin/04/364_7.12_3.pdf,pdf,gsdf_seibu,西部方面会計隊,陸上自衛隊,2025,2025,1
https://www.mod.go.jp/gsdf/wae/info/nyusatu/wa-fin/04/364_7.4_3.pdf,pdf,gsdf_seibu,西部方面会計隊,陸上自衛隊,2025,2025,7
https://www.mod.go.jp/gsdf/wae/info/nyusatu/wa-fin/04/364_7.4_4.pdf,pdf,gsdf_seibu,西部方面会計隊,陸上自衛隊,2025,2025,1
https://www.mod.go.jp/gsdf/wae/info/nyusatu/wa-fin/04/364_7.5_3.pdf,pdf,gsdf_seibu,西部方面会計隊,陸上自衛隊,2025,2025,1
https://www.mod.go.jp/gsdf/wae/info/nyusatu/wa-fin/04/364_7.6_3.pdf,pdf,gsdf_seibu,西部方面会計隊,陸上自衛隊,2025,2025,1
https://www.mod.go.jp/gsdf/wae/info/nyusatu/wa-fin/04/364_7.7_3.pdf,pdf,gsdf_seibu,西部方面会計隊,陸上自衛隊,2023,2023,1
https://www.mod.go.jp/gsdf/wae/info/nyusatu/wa-fin/04/364_7.8_3.pdf,pdf,gsdf_seibu,西部方面会計隊,陸上自衛隊,2025,2025,3
https://www.mod.go.jp/gsdf/wae/info/nyusatu/wa-fin/04/364_7.9_1.pdf,pdf,gsdf_seibu,西部方面会計隊,陸上自衛隊,2025,2025,1
https://www.mod.go.jp/gsdf/wae/info/nyusatu/wa-fin/04/364_7.9_3.pdf,pdf,gsdf_seibu,西部方面会計隊,陸上自衛隊,2025,2025,2
https://www.mod.go.jp/gsdf/wae/info/nyusatu/wa-fin/04/364_7_2_1.pdf,pdf,gsdf_seibu,西部方面会計隊,陸上自衛隊,2025,2025,1
https://www.mod.go.jp/gsdf/wae/info/nyusatu/wa-fin/04/364_7_2_3.pdf,pdf,gsdf_seibu,西部方面会計隊,陸上自衛隊,2025,2025,7
https://www.mod.go.jp/gsdf/wae/info/nyusatu/wa-fin/04/364_8.3_3.pdf,pdf,gsdf_seibu,西部方面会計隊,陸上自衛隊,2024,2024,3
https://www.mod.go.jp/gsdf/wae/info/nyusatu/wa-fin/04/364_8_1_1.pdf,pdf,gsdf_seibu,西部方面会計隊,陸上自衛隊,2025,2025,2
https://www.mod.go.jp/gsdf/wae/info/nyusatu/wa-fin/04/364_8_1_3.pdf,pdf,gsdf_seibu,西部方面会計隊,陸上自衛隊,2025,2025,4
https://www.mod.go.jp/gsdf/wae/info/nyusatu/wa-fin/04/364_eb_7.10_1.pdf,pdf,gsdf_seibu,西部方面会計隊,陸上自衛隊,2025,2025,1
https://www.mod.go.jp/gsdf/wae/info/nyusatu/wa-fin/04/364_eb_7.10_3.pdf,pdf,gsdf_seibu,西部方面会計隊,陸上自衛隊,2025,2025,1
https://www.mod.go.jp/gsdf/wae/info/nyusatu/wa-fin/04/364_eb_7.11.3.pdf,pdf,gsdf_seibu,西部方面会計隊,陸上自衛隊,2025,2025,1
https://www.mod.go.jp/gsdf/wae/info/nyusatu/wa-fin/04/364_eb_7.4_3.pdf,pdf,gsdf_seibu,西部方面会計隊,陸上自衛隊,2025,2025,8
https://www.mod.go.jp/gsdf/wae/info/nyusatu/wa-fin/04/364_eb_7.5_3.pdf,pdf,gsdf_seibu,西部方面会計隊,陸上自衛隊,2025,2025,1
https://www.mod.go.jp/gsdf/wae/info/nyusatu/wa-fin/04/364_eb_7.9_3.pdf,pdf,gsdf_seibu,西部方面会計隊,陸上自衛隊,2025,2025,2
https://www.mod.go.jp/gsdf/wae/info/nyusatu/wa-fin/04/364_eb_8.1_3.pdf,pdf,gsdf_seibu,西部方面会計隊,陸上自衛隊,2025,2025,3
https://www.mod.go.jp/gsdf/wae/info/nyusatu/wa-fin/04/364_eb_8_2_3.pdf,pdf,gsdf_seibu,西部方面会計隊,陸上自衛隊,2025,2025,3
https://www.mod.go.jp/gsdf/wae/info/nyusatu/wa-fin/04/364_se_7.10_1.pdf,pdf,gsdf_seibu,西部方面会計隊,陸上自衛隊,2025,2025,1
https://www.mod.go.jp/gsdf/wae/info/nyusatu/wa-fin/04/364_se_7.11_3.pdf,pdf,gsdf_seibu,西部方面会計隊,陸上自衛隊,2025,2025,1
https://www.mod.go.jp/gsdf/wae/info/nyusatu/wa-fin/04/364_se_7.4_3.pdf,pdf,gsdf_seibu,西部方面会計隊,陸上自衛隊,2025,2025,1
https://www.mod.go.jp/gsdf/wae/info/nyusatu/wa-fin/04/364_se_7.4_4.pdf,pdf,gsdf_seibu,西部方面会計隊,陸上自衛隊,2025,2025,2
https://www.mod.go.jp/gsdf/wae/info/nyusatu/wa-fin/04/364_se_7.6_3.pdf,pdf,gsdf_seibu,西部方面会計隊,陸上自衛隊,2025,2025,1
https://www.mod.go.jp/gsdf/wae/info/nyusatu/wa-fin/04/364_se_7.9_1.pdf,pdf,gsdf_seibu,西部方面会計隊,陸上自衛隊,2025,2025,1
https://www.mod.go.jp/gsdf/wae/info/nyusatu/wa-fin/04/364_se_7.9_3.pdf,pdf,gsdf_seibu,西部方面会計隊,陸上自衛隊,2025,2025,1
https://www.mod.go.jp/gsdf/wae/info/nyusatu/wa-fin/04/364_se_8.1_1.pdf,pdf,gsdf_seibu,西部方面会計隊,陸上自衛隊,2025,2025,1
https://www.mod.go.jp/gsdf/wae/info/nyusatu/wa-fin/04/364_se_8.1_3.pdf,pdf,gsdf_seibu,西部方面会計隊,陸上自衛隊,2025,2025,2
https://www.mod.go.jp/gsdf/wae/info/nyusatu/wa-fin/04/364_se_8.2_3.pdf,pdf,gsdf_seibu,西部方面会計隊,陸上自衛隊,2025,2025,1
https://www.mod.go.jp/gsdf/wae/info/nyusatu/wa-fin/04/366_6.12_3.pdf,pdf,gsdf_seibu,西部方面会計隊,陸上自衛隊,2025,2025,3
https://www.mod.go.jp/gsdf/wae/info/nyusatu/wa-fin/04/366_7.10.3.pdf,pdf,gsdf_seibu,西部方面会計隊,陸上自衛隊,2025,2025,1
https://www.mod.go.jp/gsdf/wae/info/nyusatu/wa-fin/04/366_7.11_3.pdf,pdf,gsdf_seibu,西部方面会計隊,陸上自衛隊,2025,2025,3
https://www.mod.go.jp/gsdf/wae/info/nyusatu/wa-fin/04/366_7.4.3.pdf,pdf,gsdf_seibu,西部方面会計隊,陸上自衛隊,2025,2025,8
https://www.mod.go.jp/gsdf/wae/info/nyusatu/wa-fin/04/366_7.6_3.pdf,pdf,gsdf_seibu,西部方面会計隊,陸上自衛隊,2025,2025,3
https://www.mod.go.jp/gsdf/wae/info/nyusatu/wa-fin/04/366_7.7_3.pdf,pdf,gsdf_seibu,西部方面会計隊,陸上自衛隊,2025,2025,3
https://www.mod.go.jp/gsdf/wae/info/nyusatu/wa-fin/04/366_7.8.3.pdf,pdf,gsdf_seibu,西部方面会計隊,陸上自衛隊,2025,2025,3
https://www.mod.go.jp/gsdf/wae/info/nyusatu/wa-fin/04/366_8.1_1.pdf,pdf,gsdf_seibu,西部方面会計隊,陸上自衛隊,2025,2025,1
https://www.mod.go.jp/gsdf/wae/info/nyusatu/wa-fin/04/366_ii_7.10.3.pdf,pdf,gsdf_seibu,西部方面会計隊,陸上自衛隊,2025,2025,2
https://www.mod.go.jp/gsdf/wae/info/nyusatu/wa-fin/04/366_ii_7.6_1.pdf,pdf,gsdf_seibu,西部方面会計隊,陸上自衛隊,2025,2025,1
https://www.mod.go.jp/gsdf/wae/info/nyusatu/wa-fin/04/366_ii_7.6_3.pdf,pdf,gsdf_seibu,西部方面会計隊,陸上自衛隊,2025,2025,1
https://www.mod.go.jp/gsdf/wae/info/nyusatu/wa-fin/04/366_ii_7.8_1.pdf,pdf,gsdf_seibu,西部方面会計隊,陸上自衛隊,2025,2025,1
https://www.mod.go.jp/gsdf/wae/info/nyusatu/wa-fin/04/366_ii_7.9.1.pdf,pdf,gsdf_seibu,西部方面会計隊,陸上自衛隊,2025,2025,1
https://www.mod.go.jp/gsdf/wae/info/nyusatu/wa-fin/04/366_ii_7.9.3.pdf,pdf,gsdf_seibu,西部方面会計隊,陸上自衛隊,2025,2025,3
https://www.mod.go.jp/gsdf/wae/info/nyusatu/wa-fin/04/366_ii_7.9.4.pdf,pdf,gsdf_seibu,西部方面会計隊,陸上自衛隊,2025,2025,1
https://www.mod.go.jp/gsdf/wae/info/nyusatu/wa-fin/04/366_ii_7_11_1.pdf,pdf,gsdf_seibu,西部方面会計隊,陸上自衛隊,2025,2025,3
https://www.mod.go.jp/gsdf/wae/info/nyusatu/wa-fin/04/366_ii_7_11_3.pdf,pdf,gsdf_seibu,西部方面会計隊,陸上自衛隊,2025,2025,1
https://www.mod.go.jp/gsdf/wae/info/nyusatu/wa-fin/04/366_ii_7_12_1.pdf,pdf,gsdf_seibu,西部方面会計隊,陸上自衛隊,2025,2025,1
https://www.mod.go.jp/gsdf/wae/info/nyusatu/wa-fin/04/366_ii_7_12_3.pdf,pdf,gsdf_seibu,西部方面会計隊,陸上自衛隊,2025,2025,3
https://www.mod.go.jp/gsdf/wae/info/nyusatu/wa-fin/04/366_ii_7_7.3.pdf,pdf,gsdf_seibu,西部方面会計隊,陸上自衛隊,2025,2025,3
https://www.mod.go.jp/gsdf/wae/info/nyusatu/wa-fin/04/366_ii_8.1_1.pdf,pdf,gsdf_seibu,西部方面会計隊,陸上自衛隊,2025,2025,2
https://www.mod.go.jp/gsdf/wae/info/nyusatu/wa-fin/04/366_ii_8.1_3.pdf,pdf,gsdf_seibu,西部方面会計隊,陸上自衛隊,2025,2025,3
https://www.mod.go.jp/gsdf/wae/info/nyusatu/wa-fin/04/366_ii_8.2_3.pdf,pdf,gsdf_seibu,西部方面会計隊,陸上自衛隊,2025,2025,8
https://www.mod.go.jp/gsdf/wae/info/nyusatu/wa-fin/04/366_ii_8.3.3.pdf,pdf,gsdf_seibu,西部方面会計隊,陸上自衛隊,2025,2025,3
https://www.mod.go.jp/gsdf/wae/info/nyusatu/wa-fin/04/366_ko_7.11_1.pdf,pdf,gsdf_seibu,西部方面会計隊,陸上自衛隊,2025,2025,1
https://www.mod.go.jp/gsdf/wae/info/nyusatu/wa-fin/04/366_ko_7.12.3.pdf,pdf,gsdf_seibu,西部方面会計隊,陸上自衛隊,2025,2025,1
https://www.mod.go.jp/gsdf/wae/info/nyusatu/wa-fin/04/366_ko_7.4_3.pdf,pdf,gsdf_seibu,西部方面会計隊,陸上自衛隊,2025,2025,9
https://www.mod.go.jp/gsdf/wae/info/nyusatu/wa-fin/04/366_ko_7.4_4.pdf,pdf,gsdf_seibu,西部方面会計隊,陸上自衛隊,2025,2025,3
https://www.mod.go.jp/gsdf/wae/info/nyusatu/wa-fin/04/366_ko_7.8_3.pdf,pdf,gsdf_seibu,西部方面会計隊,陸上自衛隊,2025,2025,1
https://www.mod.go.jp/gsdf/wae/info/nyusatu/wa-fin/04/366_ko_7.9_3.pdf,pdf,gsdf_seibu,西部方面会計隊,陸上自衛隊,2025,2025,1
https://www.mod.go.jp/gsdf/wae/info/nyusatu/wa-fin/04/366ii_7.4_3.pdf,pdf,gsdf_seibu,西部方面会計隊,陸上自衛隊,2025,2025,4
https://www.mod.go.jp/gsdf/wae/info/nyusatu/wa-fin/04/366ii_7.4_4.pdf,pdf,gsdf_seibu,西部方面会計隊,陸上自衛隊,2025,2025,1
https://www.mod.go.jp/gsdf/wae/info/nyusatu/wa-fin/04/373_7_10_1.pdf,pdf,gsdf_seibu,西部方面会計隊,陸上自衛隊,2025,2025,1
https://www.mod.go.jp/gsdf/wae/info/nyusatu/wa-fin/04/373_7_10_3.pdf,pdf,gsdf_seibu,西部方面会計隊,陸上自衛隊,2025,2025,2
https://www.mod.go.jp/gsdf/wae/info/nyusatu/wa-fin/04/373_7_11_3.pdf,pdf,gsdf_seibu,西部方面会計隊,陸上自衛隊,2025,2025,1
https://www.mod.go.jp/gsdf/wae/info/nyusatu/wa-fin/04/373_7_4_3.pdf,pdf,gsdf_seibu,西部方面会計隊,陸上自衛隊,2025,2025,5
https://www.mod.go.jp/gsdf/wae/info/nyusatu/wa-fin/04/373_7_4_4.pdf,pdf,gsdf_seibu,西部方面会計隊,陸上自衛隊,2025,2025,4
https://www.mod.go.jp/gsdf/wae/info/nyusatu/wa-fin/04/373_7_5_3.pdf,pdf,gsdf_seibu,西部方面会計隊,陸上自衛隊,2025,2025,1
https://www.mod.go.jp/gsdf/wae/info/nyusatu/wa-fin/04/373_7_6_1.pdf,pdf,gsdf_seibu,西部方面会計隊,陸上自衛隊,2025,2025,1
https://www.mod.go.jp/gsdf/wae/info/nyusatu/wa-fin/04/373_7_9_3.pdf,pdf,gsdf_seibu,西部方面会計隊,陸上自衛隊,2025,2025,2
https://www.mod.go.jp/gsdf/wae/info/nyusatu/wa-fin/04/392_7.10.3.pdf,pdf,gsdf_seibu,西部方面会計隊,陸上自衛隊,2025,2025,8
https://www.mod.go.jp/gsdf/wae/info/nyusatu/wa-fin/04/392_7.10_1.pdf,pdf,gsdf_seibu,西部方面会計隊,陸上自衛隊,2025,2025,3
https://www.mod.go.jp/gsdf/wae/info/nyusatu/wa-fin/04/392_7.11_3.pdf,pdf,gsdf_seibu,西部方面会計隊,陸上自衛隊,2025,2025,1
https://www.mod.go.jp/gsdf/wae/info/nyusatu/wa-fin/04/392_7.12_1.pdf,pdf,gsdf_seibu,西部方面会計隊,陸上自衛隊,2025,2025,1
https://www.mod.go.jp/gsdf/wae/info/nyusatu/wa-fin/04/392_7.12_3.pdf,pdf,gsdf_seibu,西部方面会計隊,陸上自衛隊,2025,2025,4
https://www.mod.go.jp/gsdf/wae/info/nyusatu/wa-fin/04/392_7.4_3.pdf,pdf,gsdf_seibu,西部方面会計隊,陸上自衛隊,2025,2025,16
https://www.mod.go.jp/gsdf/wae/info/nyusatu/wa-fin/04/392_7.4_4.pdf,pdf,gsdf_seibu,西部方面会計隊,陸上自衛隊,2025,2025,5
https://www.mod.go.jp/gsdf/wae/info/nyusatu/wa-fin/04/392_7.5_3.pdf,pdf,gsdf_seibu,西部方面会計隊,陸上自衛隊,2025,2025,4
https://www.mod.go.jp/gsdf/wae/info/nyusatu/wa-fin/04/392_7.6_3.pdf,pdf,gsdf_seibu,西部方面会計隊,陸上自衛隊,2025,2025,4
https://www.mod.go.jp/gsdf/wae/info/nyusatu/wa-fin/04/392_7.8_3.pdf,pdf,gsdf_seibu,西部方面会計隊,陸上自衛隊,2025,2025,7
https://www.mod.go.jp/gsdf/wae/info/nyusatu/wa-fin/04/392_7.9_1.pdf,pdf,gsdf_seibu,西部方面会計隊,陸上自衛隊,2025,2025,2
https://www.mod.go.jp/gsdf/wae/info/nyusatu/wa-fin/04/392_7.9_3.pdf,pdf,gsdf_seibu,西部方面会計隊,陸上自衛隊,2025,2025,7
https://www.mod.go.jp/gsdf/wae/info/nyusatu/wa-fin/04/392_8.1_3.pdf,pdf,gsdf_seibu,西部方面会計隊,陸上自衛隊,2025,2025,6
https://www.mod.go.jp/gsdf/wae/info/nyusatu/wa-fin/04/392_8.2_1.pdf,pdf,gsdf_seibu,西部方面会計隊,陸上自衛隊,2025,2025,1
https://www.mod.go.jp/gsdf/wae/info/nyusatu/wa-fin/04/392_8.2_3.pdf,pdf,gsdf_seibu,西部方面会計隊,陸上自衛隊,2025,2025,22
https://www.mod.go.jp/gsdf/wae/info/nyusatu/wa-fin/04/404_12_1.pdf,pdf,gsdf_seibu,西部方面会計隊,陸上自衛隊,2025,2025,2
https://www.mod.go.jp/gsdf/wae/info/nyusatu/wa-fin/04/404_7.4_3.pdf,pdf,gsdf_seibu,西部方面会計隊,陸上自衛隊,2025,2025,8
https://www.mod.go.jp/gsdf/wae/info/nyusatu/wa-fin/04/404_7.4_4.pdf,pdf,gsdf_seibu,西部方面会計隊,陸上自衛隊,2025,2025,2
https://www.mod.go.jp/gsdf/wae/info/nyusatu/wa-fin/04/404_7.5_3.pdf,pdf,gsdf_seibu,西部方面会計隊,陸上自衛隊,2025,2025,2
https://www.mod.go.jp/gsdf/wae/info/nyusatu/wa-fin/04/404_7.6_3.pdf,pdf,gsdf_seibu,西部方面会計隊,陸上自衛隊,2025,2025,2
https://www.mod.go.jp/gsdf/wae/info/nyusatu/wa-fin/04/404_7.6_4.pdf,pdf,gsdf_seibu,西部方面会計隊,陸上自衛隊,2025,2025,1
https://www.mod.go.jp/gsdf/wae/info/nyusatu/wa-fin/04/404_7.7_3.pdf,pdf,gsdf_seibu,西部方面会計隊,陸上自衛隊,2025,2025,1
https://www.mod.go.jp/gsdf/wae/info/nyusatu/wa-fin/04/404_7.9.3.pdf,pdf,gsdf_seibu,西部方面会計隊,陸上自衛隊,2025,2025,1
https://www.mod.go.jp/gsdf/wae/info/nyusatu/wa-fin/04/404_7_11_1.pdf,pdf,gsdf_seibu,西部方面会計隊,陸上自衛隊,2025,2025,1
https://www.mod.go.jp/gsdf/wae/info/nyusatu/wa-fin/04/404_7_11_3.pdf,pdf,gsdf_seibu,西部方面会計隊,陸上自衛隊,2025,2025,2
https://www.mod.go.jp/gsdf/wae/info/nyusatu/wa-fin/04/404_8.1_3.pdf,pdf,gsdf_seibu,西部方面会計隊,陸上自衛隊,2025,2025,3
https://www.mod.go.jp/gsdf/wae/info/nyusatu/wa-fin/04/404_8.2_3.pdf,pdf,gsdf_seibu,西部方面会計隊,陸上自衛隊,2025,2025,10
https://www.mod.go.jp/gsdf/wae/info/nyusatu/wa-fin/04/404_ku_7_12_1.pdf,pdf,gsdf_seibu,西部方面会計隊,陸上自衛隊,2025,2025,2
https://www.mod.go.jp/gsdf/wae/info/nyusatu/wa-fin/04/404_ku_8.1_3.pdf,pdf,gsdf_seibu,西部方面会計隊,陸上自衛隊,2025,2025,2
https://www.mod.go.jp/gsdf/wae/info/nyusatu/wa-fin/04/404_ku_8.2_3.pdf,pdf,gsdf_seibu,西部方面会計隊,陸上自衛隊,2025,2025,2
https://www.mod.go.jp/gsdf/wae/info/nyusatu/wa-fin/04/404_yu_7.10_1.pdf,pdf,gsdf_seibu,西部方面会計隊,陸上自衛隊,2025,2025,1
https://www.mod.go.jp/gsdf/wae/info/nyusatu/wa-fin/04/404_yu_7.10_3.pdf,pdf,gsdf_seibu,西部方面会計隊,陸上自衛隊,2025,2025,3
https://www.mod.go.jp/gsdf/wae/info/nyusatu/wa-fin/04/404_yu_7.11_3.pdf,pdf,gsdf_seibu,西部方面会計隊,陸上自衛隊,2025,2025,3
https://www.mod.go.jp/gsdf/wae/info/nyusatu/wa-fin/04/404_yu_7.4_3.pdf,pdf,gsdf_seibu,西部方面会計隊,陸上自衛隊,2025,2025,5
https://www.mod.go.jp/gsdf/wae/info/nyusatu/wa-fin/04/404_yu_7.4_4.pdf,pdf,gsdf_seibu,西部方面会計隊,陸上自衛隊,2025,2025,1
https://www.mod.go.jp/gsdf/wae/info/nyusatu/wa-fin/04/404_yu_7.5_3.pdf,pdf,gsdf_seibu,西部方面会計隊,陸上自衛隊,2025,2025,3
https://www.mod.go.jp/gsdf/wae/info/nyusatu/wa-fin/04/404_yu_7.6_3.pdf,pdf,gsdf_seibu,西部方面会計隊,陸上自衛隊,2025,2025,2
https://www.mod.go.jp/gsdf/wae/info/nyusatu/wa-fin/04/404_yu_7.8_1.pdf,pdf,gsdf_seibu,西部方面会計隊,陸上自衛隊,2025,2025,1
https://www.mod.go.jp/gsdf/wae/info/nyusatu/wa-fin/04/404_yu_7.8_3.pdf,pdf,gsdf_seibu,西部方面会計隊,陸上自衛隊,2025,2025,1
https://www.mod.go.jp/gsdf/wae/info/nyusatu/wa-fin/04/404_yu_7.9_3.pdf,pdf,gsdf_seibu,西部方面会計隊,陸上自衛隊,2025,2025,1
https://www.mod.go.jp/gsdf/wae/info/nyusatu/wa-fin/04/404_yu_8.1_1.pdf,pdf,gsdf_seibu,西部方面会計隊,陸上自衛隊,2025,2025,1
https://www.mod.go.jp/gsdf/wae/info/nyusatu/wa-fin/04/404_yu_8.1_3_s.pdf,pdf,gsdf_seibu,西部方面会計隊,陸上自衛隊,2025,2025,1
https://www.mod.go.jp/gsdf/wae/info/nyusatu/wa-fin/04/404_yu_8.1_4.pdf,pdf,gsdf_seibu,西部方面会計隊,陸上自衛隊,2025,2025,1
https://www.mod.go.jp/gsdf/wae/info/nyusatu/wa-fin/04/404_yu_8.2_1.pdf,pdf,gsdf_seibu,西部方面会計隊,陸上自衛隊,2025,2025,1
https://www.mod.go.jp/gsdf/wae/info/nyusatu/wa-fin/04/404_yu_8.2_3.pdf,pdf,gsdf_seibu,西部方面会計隊,陸上自衛隊,2025,2025,13
https://www.mod.go.jp/gsdf/wae/info/nyusatu/wa-fin/04/404ku_7.4_3.pdf,pdf,gsdf_seibu,西部方面会計隊,陸上自衛隊,2025,2025,5
https://www.mod.go.jp/gsdf/wae/info/nyusatu/wa-fin/04/404ku_7.5_3.pdf,pdf,gsdf_seibu,西部方面会計隊,陸上自衛隊,2025,2025,2
https://www.mod.go.jp/gsdf/wae/info/nyusatu/wa-fin/04/404ku_7.7_3.pdf,pdf,gsdf_seibu,西部方面会計隊,陸上自衛隊,2025,2025,2
https://www.mod.go.jp/gsdf/wae/info/nyusatu/wa-fin/04/404ku_7.8_3.pdf,pdf,gsdf_seibu,西部方面会計隊,陸上自衛隊,2025,2025,1
https://www.mod.go.jp/gsdf/wae/info/nyusatu/wa-fin/04/404kusu_7.6_1.pdf,pdf,gsdf_seibu,西部方面会計隊,陸上自衛隊,2025,2025,1
https://www.mod.go.jp/gsdf/wae/info/nyusatu/wa-fin/04/404kusu_7.6_3.pdf,pdf,gsdf_seibu,西部方面会計隊,陸上自衛隊,2025,2025,1
https://www.mod.go.jp/gsdf/wae/info/nyusatu/wa-fin/04/404kusu_7.9_1.pdf,pdf,gsdf_seibu,西部方面会計隊,陸上自衛隊,2025,2025,2
https://www.mod.go.jp/gsdf/wae/info/nyusatu/wa-fin/04/430_7.10_3.pdf,pdf,gsdf_seibu,西部方面会計隊,陸上自衛隊,2025,2025,1
https://www.mod.go.jp/gsdf/wae/info/nyusatu/wa-fin/04/430_7.11_1.pdf,pdf,gsdf_seibu,西部方面会計隊,陸上自衛隊,2025,2025,3
https://www.mod.go.jp/gsdf/wae/info/nyusatu/wa-fin/04/430_7.11_3.pdf,pdf,gsdf_seibu,西部方面会計隊,陸上自衛隊,2025,2025,5
https://www.mod.go.jp/gsdf/wae/info/nyusatu/wa-fin/04/430_7.12_1.pdf,pdf,gsdf_seibu,西部方面会計隊,陸上自衛隊,2025,2025,3
https://www.mod.go.jp/gsdf/wae/info/nyusatu/wa-fin/04/430_7.12_3.pdf,pdf,gsdf_seibu,西部方面会計隊,陸上自衛隊,2025,2025,9
https://www.mod.go.jp/gsdf/wae/info/nyusatu/wa-fin/04/430_7.4_1.pdf,pdf,gsdf_seibu,西部方面会計隊,陸上自衛隊,2024,2024,1
https://www.mod.go.jp/gsdf/wae/info/nyusatu/wa-fin/04/430_7.4_3_h.pdf,pdf,gsdf_seibu,西部方面会計隊,陸上自衛隊,2025,2025,10
https://www.mod.go.jp/gsdf/wae/info/nyusatu/wa-fin/04/430_7.4_4.pdf,pdf,gsdf_seibu,西部方面会計隊,陸上自衛隊,2025,2025,3
https://www.mod.go.jp/gsdf/wae/info/nyusatu/wa-fin/04/430_7.4_4_h.pdf,pdf,gsdf_seibu,西部方面会計隊,陸上自衛隊,2025,2025,6
https://www.mod.go.jp/gsdf/wae/info/nyusatu/wa-fin/04/430_7.5_3.pdf,pdf,gsdf_seibu,西部方面会計隊,陸上自衛隊,2025,2025,6
https://www.mod.go.jp/gsdf/wae/info/nyusatu/wa-fin/04/430_7.6_1.pdf,pdf,gsdf_seibu,西部方面会計隊,陸上自衛隊,2025,2025,1
https://www.mod.go.jp/gsdf/wae/info/nyusatu/wa-fin/04/430_7.6_3.pdf,pdf,gsdf_seibu,西部方面会計隊,陸上自衛隊,2025,2025,7
https://www.mod.go.jp/gsdf/wae/info/nyusatu/wa-fin/04/430_7.7_1.pdf,pdf,gsdf_seibu,西部方面会計隊,陸上自衛隊,2025,2025,4
https://www.mod.go.jp/gsdf/wae/info/nyusatu/wa-fin/04/430_7.7_3.pdf,pdf,gsdf_seibu,西部方面会計隊,陸上自衛隊,2025,2025,12
https://www.mod.go.jp/gsdf/wae/info/nyusatu/wa-fin/04/430_7.8_1.pdf,pdf,gsdf_seibu,西部方面会計隊,陸上自衛隊,2025,2025,3
https://www.mod.go.jp/gsdf/wae/info/nyusatu/wa-fin/04/430_7.8_3.pdf,pdf,gsdf_seibu,西部方面会計隊,陸上自衛隊,2025,2025,11
https://www.mod.go.jp/gsdf/wae/info/nyusatu/wa-fin/04/430_7.9_1.pdf,pdf,gsdf_seibu,西部方面会計隊,陸上自衛隊,2025,2025,1
https://www.mod.go.jp/gsdf/wae/info/nyusatu/wa-fin/04/430_7.9_3.pdf,pdf,gsdf_seibu,西部方面会計隊,陸上自衛隊,2025,2025,11
https://www.mod.go.jp/gsdf/wae/info/nyusatu/wa-fin/04/436_7.12_3.pdf,pdf,gsdf_seibu,西部方面会計隊,陸上自衛隊,2025,2025,5
https://www.mod.go.jp/gsdf/wae/info/nyusatu/wa-fin/04/436_7.4.3.pdf,pdf,gsdf_seibu,西部方面会計隊,陸上自衛隊,2025,2025,5
https://www.mod.go.jp/gsdf/wae/info/nyusatu/wa-fin/04/436_7.4.4.pdf,pdf,gsdf_seibu,西部方面会計隊,陸上自衛隊,2025,2025,2
https://www.mod.go.jp/gsdf/wae/info/nyusatu/wa-fin/04/436_7.6.3.pdf,pdf,gsdf_seibu,西部方面会計隊,陸上自衛隊,2025,2025,1
https://www.mod.go.jp/gsdf/wae/info/nyusatu/wa-fin/04/436_7.6.4.pdf,pdf,gsdf_seibu,西部方面会計隊,陸上自衛隊,2025,2025,2
https://www.mod.go.jp/gsdf/wae/info/nyusatu/wa-fin/04/436_7.8.3.pdf,pdf,gsdf_seibu,西部方面会計隊,陸上自衛隊,2025,2025,2
https://www.mod.go.jp/gsdf/wae/info/nyusatu/wa-fin/04/436_7.9.3.pdf,pdf,gsdf_seibu,西部方面会計隊,陸上自衛隊,2025,2025,2
https://www.mod.go.jp/gsdf/wae/info/nyusatu/wa-fin/04/436_8.1_3.pdf,pdf,gsdf_seibu,西部方面会計隊,陸上自衛隊,2025,2025,3
https://www.mod.go.jp/gsdf/wae/info/nyusatu/wa-fin/04/436_8.2_1.pdf,pdf,gsdf_seibu,西部方面会計隊,陸上自衛隊,2025,2025,2
https://www.mod.go.jp/gsdf/wae/info/nyusatu/wa-fin/04/436_8.2_3.pdf,pdf,gsdf_seibu,西部方面会計隊,陸上自衛隊,2025,2025,3
https://www.mod.go.jp/gsdf/wae/info/nyusatu/wa-fin/04/436_8.2_4.pdf,pdf,gsdf_seibu,西部方面会計隊,陸上自衛隊,2025,2025,1
https://www.mod.go.jp/gsdf/wae/info/nyusatu/wa-fin/04/436_8.3_4.pdf,pdf,gsdf_seibu,西部方面会計隊,陸上自衛隊,2025,2025,2
https://www.mod.go.jp/gsdf/wae/info/nyusatu/wa-fin/04/442_6.12_3.pdf,pdf,gsdf_seibu,西部方面会計隊,陸上自衛隊,2024,2024,3
https://www.mod.go.jp/gsdf/wae/info/nyusatu/wa-fin/04/442_7.10_1.pdf,pdf,gsdf_seibu,西部方面会計隊,陸上自衛隊,2025,2025,1
https://www.mod.go.jp/gsdf/wae/info/nyusatu/wa-fin/04/442_7.10_3.pdf,pdf,gsdf_seibu,西部方面会計隊,陸上自衛隊,2025,2025,3
https://www.mod.go.jp/gsdf/wae/info/nyusatu/wa-fin/04/442_7.11_3.pdf,pdf,gsdf_seibu,西部方面会計隊,陸上自衛隊,2025,2025,3
https://www.mod.go.jp/gsdf/wae/info/nyusatu/wa-fin/04/442_7.12_3.pdf,pdf,gsdf_seibu,西部方面会計隊,陸上自衛隊,2025,2025,4
https://www.mod.go.jp/gsdf/wae/info/nyusatu/wa-fin/04/442_7.4_4.pdf,pdf,gsdf_seibu,西部方面会計隊,陸上自衛隊,2025,2025,1
https://www.mod.go.jp/gsdf/wae/info/nyusatu/wa-fin/04/442_7.5_3.pdf,pdf,gsdf_seibu,西部方面会計隊,陸上自衛隊,2025,2025,1
https://www.mod.go.jp/gsdf/wae/info/nyusatu/wa-fin/04/442_7.7_1.pdf,pdf,gsdf_seibu,西部方面会計隊,陸上自衛隊,2025,2025,1
https://www.mod.go.jp/gsdf/wae/info/nyusatu/wa-fin/04/442_7.8_1.pdf,pdf,gsdf_seibu,西部方面会計隊,陸上自衛隊,2025,2025,1
https://www.mod.go.jp/gsdf/wae/info/nyusatu/wa-fin/04/442_7.8_3.pdf,pdf,gsdf_seibu,西部方面会計隊,陸上自衛隊,2025,2025,1
https://www.mod.go.jp/gsdf/wae/info/nyusatu/wa-fin/04/442_7.9_3.pdf,pdf,gsdf_seibu,西部方面会計隊,陸上自衛隊,2025,2025,1
https://www.mod.go.jp/gsdf/wae/info/nyusatu/wa-fin/04/443_7.10_3.pdf,pdf,gsdf_seibu,西部方面会計隊,陸上自衛隊,2025,2025,4
https://www.mod.go.jp/gsdf/wae/info/nyusatu/wa-fin/04/443_7.10_4.pdf,pdf,gsdf_seibu,西部方面会計隊,陸上自衛隊,2025,2025,1
https://www.mod.go.jp/gsdf/wae/info/nyusatu/wa-fin/04/443_7.11_3.pdf,pdf,gsdf_seibu,西部方面会計隊,陸上自衛隊,2025,2025,6
https://www.mod.go.jp/gsdf/wae/info/nyusatu/wa-fin/04/443_7.11_4.pdf,pdf,gsdf_seibu,西部方面会計隊,陸上自衛隊,2025,2025,1
https://www.mod.go.jp/gsdf/wae/info/nyusatu/wa-fin/04/443_7.12_3.pdf,pdf,gsdf_seibu,西部方面会計隊,陸上自衛隊,2025,2025,19
https://www.mod.go.jp/gsdf/wae/info/nyusatu/wa-fin/04/443_7.9_3.pdf,pdf,gsdf_seibu,西部方面会計隊,陸上自衛隊,2025,2025,13
https://www.mod.go.jp/gsdf/wae/info/nyusatu/wa-fin/04/443_8.1_3.pdf,pdf,gsdf_seibu,西部方面会計隊,陸上自衛隊,2025,2025,2
https://www.mod.go.jp/gsdf/wae/info/nyusatu/wa-fin/04/443_8.2_3.pdf,pdf,gsdf_seibu,西部方面会計隊,陸上自衛隊,2025,2025,6
https://www.mod.go.jp/gsdf/wae/info/nyusatu/wa-fin/04/443_8.3_3.pdf,pdf,gsdf_seibu,西部方面会計隊,陸上自衛隊,2025,2025,2
https://www.mod.go.jp/gsdf/wae/info/nyusatu/wa-fin/04/444_7.10_3.pdf,pdf,gsdf_seibu,西部方面会計隊,陸上自衛隊,2025,2025,4
https://www.mod.go.jp/gsdf/wae/info/nyusatu/wa-fin/04/444_7.11_1.pdf,pdf,gsdf_seibu,西部方面会計隊,陸上自衛隊,2025,2025,1
https://www.mod.go.jp/gsdf/wae/info/nyusatu/wa-fin/04/444_7.11_3.pdf,pdf,gsdf_seibu,西部方面会計隊,陸上自衛隊,2025,2025,1
https://www.mod.go.jp/gsdf/wae/info/nyusatu/wa-fin/04/444_7.11_4.pdf,pdf,gsdf_seibu,西部方面会計隊,陸上自衛隊,2025,2025,1
https://www.mod.go.jp/gsdf/wae/info/nyusatu/wa-fin/04/444_7.12_1.pdf,pdf,gsdf_seibu,西部方面会計隊,陸上自衛隊,2025,2025,4
https://www.mod.go.jp/gsdf/wae/info/nyusatu/wa-fin/04/444_7.4_3.pdf,pdf,gsdf_seibu,西部方面会計隊,陸上自衛隊,2025,2025,6
https://www.mod.go.jp/gsdf/wae/info/nyusatu/wa-fin/04/444_7.4_4.pdf,pdf,gsdf_seibu,西部方面会計隊,陸上自衛隊,2025,2025,1
https://www.mod.go.jp/gsdf/wae/info/nyusatu/wa-fin/04/444_7.6_3.pdf,pdf,gsdf_seibu,西部方面会計隊,陸上自衛隊,2025,2025,2
https://www.mod.go.jp/gsdf/wae/info/nyusatu/wa-fin/04/444_7.6_4.pdf,pdf,gsdf_seibu,西部方面会計隊,陸上自衛隊,2025,2025,1
https://www.mod.go.jp/gsdf/wae/info/nyusatu/wa-fin/04/444_7.7_3.pdf,pdf,gsdf_seibu,西部方面会計隊,陸上自衛隊,2025,2025,2
https://www.mod.go.jp/gsdf/wae/info/nyusatu/wa-fin/04/444_7.9_3.pdf,pdf,gsdf_seibu,西部方面会計隊,陸上自衛隊,2025,2025,1
https://www.mod.go.jp/gsdf/wae/info/nyusatu/wa-fin/04/444_8.1_3.pdf,pdf,gsdf_seibu,西部方面会計隊,陸上自衛隊,2025,2025,2
https://www.mod.go.jp/gsdf/wae/info/nyusatu/wa-fin/04/445_7.10_3.pdf,pdf,gsdf_seibu,西部方面会計隊,陸上自衛隊,2025,2025,3
https://www.mod.go.jp/gsdf/wae/info/nyusatu/wa-fin/04/445_7.11_3.pdf,pdf,gsdf_seibu,西部方面会計隊,陸上自衛隊,2025,2025,3
https://www.mod.go.jp/gsdf/wae/info/nyusatu/wa-fin/04/445_7.12_1.pdf,pdf,gsdf_seibu,西部方面会計隊,陸上自衛隊,2025,2025,1
https://www.mod.go.jp/gsdf/wae/info/nyusatu/wa-fin/04/445_7.12_3.pdf,pdf,gsdf_seibu,西部方面会計隊,陸上自衛隊,2025,2025,4
https://www.mod.go.jp/gsdf/wae/info/nyusatu/wa-fin/04/445_7.4_3.pdf,pdf,gsdf_seibu,西部方面会計隊,陸上自衛隊,2024,2025,3
https://www.mod.go.jp/gsdf/wae/info/nyusatu/wa-fin/04/445_7.4_4.pdf,pdf,gsdf_seibu,西部方面会計隊,陸上自衛隊,2024,2024,3
https://www.mod.go.jp/gsdf/wae/info/nyusatu/wa-fin/04/445_7.5_3.pdf,pdf,gsdf_seibu,西部方面会計隊,陸上自衛隊,2025,2025,1
https://www.mod.go.jp/gsdf/wae/info/nyusatu/wa-fin/04/445_7.6_3.pdf,pdf,gsdf_seibu,西部方面会計隊,陸上自衛隊,2025,2025,1
https://www.mod.go.jp/gsdf/wae/info/nyusatu/wa-fin/04/445_7.9_3.pdf,pdf,gsdf_seibu,西部方面会計隊,陸上自衛隊,2025,2025,1
https://www.mod.go.jp/gsdf/wae/info/nyusatu/wa-fin/04/445_8.1_3.pdf,pdf,gsdf_seibu,西部方面会計隊,陸上自衛隊,2025,2025,1
https://www.mod.go.jp/gsdf/wae/info/nyusatu/wa-fin/04/445_8.2_3.pdf,pdf,gsdf_seibu,西部方面会計隊,陸上自衛隊,2025,2025,6
https://www.mod.go.jp/gsdf/wae/info/nyusatu/wa-fin/04/7.11.1.pdf,pdf,gsdf_seibu,西部方面会計隊,陸上自衛隊,2025,2025,1
https://www.mod.go.jp/gsdf/wae/info/nyusatu/wa-fin/04/7.11.3.pdf,pdf,gsdf_seibu,西部方面会計隊,陸上自衛隊,2025,2025,4
https://www.mod.go.jp/gsdf/wae/info/nyusatu/wa-fin/04/7.8.3.pdf,pdf,gsdf_seibu,西部方面会計隊,陸上自衛隊,2025,2025,2
https://www.mod.go.jp/gsdf/wae/info/nyusatu/wa-fin/04/7.8.4.pdf,pdf,gsdf_seibu,西部方面会計隊,陸上自衛隊,2025,2025,1
https://www.mod.go.jp/gsdf/wae/info/nyusatu/wa-fin/04/7.9.3.pdf,pdf,gsdf_seibu,西部方面会計隊,陸上自衛隊,2025,2025,7
https://www.mod.go.jp/gsdf/wae/info/nyusatu/wa-fin/04/7.9.4.pdf,pdf,gsdf_seibu,西部方面会計隊,陸上自衛隊,2025,2025,1
https://www.mod.go.jp/gsdf/wae/info/nyusatu/wa-fin/04/8.1.3.pdf,pdf,gsdf_seibu,西部方面会計隊,陸上自衛隊,2025,2025,8
https://www.mod.go.jp/gsdf/wae/info/nyusatu/wa-fin/04/8.2.3.pdf,pdf,gsdf_seibu,西部方面会計隊,陸上自衛隊,2025,2025,22
https://www.mod.go.jp/gsdf/wae/info/nyusatu/wa-fin/04/8.2.4.pdf,pdf,gsdf_seibu,西部方面会計隊,陸上自衛隊,2025,2025,2
https://www.mod.go.jp/gsdf/wae/info/nyusatu/wa-fin/04/gyo_7.10.1.pdf,pdf,gsdf_seibu,西部方面会計隊,陸上自衛隊,2025,2025,1
https://www.mod.go.jp/gsdf/wae/info/nyusatu/wa-fin/04/gyo_7.10.3.pdf,pdf,gsdf_seibu,西部方面会計隊,陸上自衛隊,2025,2025,5
https://www.mod.go.jp/gsdf/wae/info/nyusatu/wa-fin/04/gyo_7.4.3.pdf,pdf,gsdf_seibu,西部方面会計隊,陸上自衛隊,2025,2025,23
https://www.mod.go.jp/gsdf/wae/info/nyusatu/wa-fin/04/gyo_7.4.4.pdf,pdf,gsdf_seibu,西部方面会計隊,陸上自衛隊,2025,2025,4
https://www.mod.go.jp/gsdf/wae/info/nyusatu/wa-fin/04/gyo_7.5.3.pdf,pdf,gsdf_seibu,西部方面会計隊,陸上自衛隊,2025,2025,1
https://www.mod.go.jp/gsdf/wae/info/nyusatu/wa-fin/04/gyo_7.6.3.pdf,pdf,gsdf_seibu,西部方面会計隊,陸上自衛隊,2025,2025,4
https://www.mod.go.jp/gsdf/wae/info/nyusatu/wa-fin/04/gyo_7.7.1.pdf,pdf,gsdf_seibu,西部方面会計隊,陸上自衛隊,2025,2025,2
https://www.mod.go.jp/gsdf/wae/info/nyusatu/wa-fin/04/gyo_7.7.3.pdf,pdf,gsdf_seibu,西部方面会計隊,陸上自衛隊,2025,2025,2
https://www.mod.go.jp/gsdf/wae/info/nyusatu/wa-fin/04/gyo_8.12.3.pdf,pdf,gsdf_seibu,西部方面会計隊,陸上自衛隊,2025,2025,4
https://www.mod.go.jp/gsdf/wae/info/nyusatu/wa-fin/04/hosp_ku_7.12_3.pdf,pdf,gsdf_seibu,西部方面会計隊,陸上自衛隊,2025,2025,1
https://www.mod.go.jp/gsdf/wae/info/nyusatu/wa-fin/04/hosp_ku_7.2_1.pdf,pdf,gsdf_seibu,西部方面会計隊,陸上自衛隊,2025,2025,1
https://www.mod.go.jp/gsdf/wae/info/nyusatu/wa-fin/04/hosp_ku_7.7_1.pdf,pdf,gsdf_seibu,西部方面会計隊,陸上自衛隊,2025,2025,1
https://www.mod.go.jp/gsdf/wae/info/nyusatu/wa-fin/04/hosp_ku_7.7_3.pdf,pdf,gsdf_seibu,西部方面会計隊,陸上自衛隊,2025,2025,1
https://www.mod.go.jp/gsdf/wae/info/nyusatu/wa-fin/04/hosp_ku_7.9_3.pdf,pdf,gsdf_seibu,西部方面会計隊,陸上自衛隊,2025,2025,1
https://www.mod.go.jp/gsdf/wae/info/nyusatu/wa-fin/04/hosp_ku_8.1_3.pdf,pdf,gsdf_seibu,西部方面会計隊,陸上自衛隊,2025,2025,2
https://www.mod.go.jp/gsdf/wae/info/nyusatu/wa-fin/04/hosp_na_7.10_3.pdf,pdf,gsdf_seibu,西部方面会計隊,陸上自衛隊,2025,2025,1
https://www.mod.go.jp/gsdf/wae/info/nyusatu/wa-fin/04/hosp_na_7.7_3.pdf,pdf,gsdf_seibu,西部方面会計隊,陸上自衛隊,2025,2025,1
https://www.mod.go.jp/gsdf/wae/info/nyusatu/wa-fin/04/hosp_na_7.7_4.pdf,pdf,gsdf_seibu,西部方面会計隊,陸上自衛隊,2025,2025,1
https://www.mod.go.jp/gsdf/wae/info/nyusatu/wa-fin/04/hosp_na_7.8_1.pdf,pdf,gsdf_seibu,西部方面会計隊,陸上自衛隊,2025,2025,1
https://www.mod.go.jp/gsdf/wae/info/nyusatu/wa-fin/04/hp_na_7.6_3.pdf,pdf,gsdf_seibu,西部方面会計隊,陸上自衛隊,2025,2025,1
https://www.mod.go.jp/gsdf/wae/info/nyusatu/wa-fin/04/hsp_ku_7_11_3.pdf,pdf,gsdf_seibu,西部方面会計隊,陸上自衛隊,2025,2025,3
https://www.mod.go.jp/gsdf/wae/info/nyusatu/wa-fin/04/kai_7.4_3.pdf,pdf,gsdf_seibu,西部方面会計隊,陸上自衛隊,2025,2025,6
https://www.mod.go.jp/gsdf/wae/info/nyusatu/wa-fin/04/kai_7.4_4.pdf,pdf,gsdf_seibu,西部方面会計隊,陸上自衛隊,2025,2025,13
https://www.mod.go.jp/gsdf/wae/info/nyusatu/wa-fin/04/ku_hp_7.4.3.pdf,pdf,gsdf_seibu,西部方面会計隊,陸上自衛隊,2025,2025,21
https://www.mod.go.jp/gsdf/wae/info/nyusatu/wa-fin/04/ku_hp_7.4.4.pdf,pdf,gsdf_seibu,西部方面会計隊,陸上自衛隊,2025,2025,5
https://www.mod.go.jp/gsdf/wae/info/nyusatu/wa-fin/04/nahp_7.4.3.pdf,pdf,gsdf_seibu,西部方面会計隊,陸上自衛隊,2025,2025,3
https://www.mod.go.jp/gsdf/wae/info/nyusatu/wa-fin/04/pco_7.8.3.pdf,pdf,gsdf_seibu,西部方面会計隊,陸上自衛隊,2025,2025,3
https://www.mod.go.jp/gsdf/wae/info/nyusatu/wa-fin/04/pco_7.9.3.pdf,pdf,gsdf_seibu,西部方面会計隊,陸上自衛隊,2025,2025,1
https://www.mod.go.jp/gsdf/wae/info/nyusatu/wa-fin/04/pco_fu_7.4_3.pdf,pdf,gsdf_seibu,西部方面会計隊,陸上自衛隊,2025,2025,6
https://www.mod.go.jp/gsdf/wae/info/nyusatu/wa-fin/04/pco_fu_7.4_4.pdf,pdf,gsdf_seibu,西部方面会計隊,陸上自衛隊,2025,2025,2
https://www.mod.go.jp/gsdf/wae/info/nyusatu/wa-fin/04/pco_fu_7.6_3.pdf,pdf,gsdf_seibu,西部方面会計隊,陸上自衛隊,2025,2025,2
https://www.mod.go.jp/gsdf/wae/info/nyusatu/wa-fin/04/pco_fu_7.7_4.pdf,pdf,gsdf_seibu,西部方面会計隊,陸上自衛隊,2025,2025,1
https://www.mod.go.jp/gsdf/wae/info/nyusatu/wa-fin/04/pco_ka_7.11_3.pdf,pdf,gsdf_seibu,西部方面会計隊,陸上自衛隊,2025,2025,1
https://www.mod.go.jp/gsdf/wae/info/nyusatu/wa-fin/04/pco_ka_7.4_3.pdf,pdf,gsdf_seibu,西部方面会計隊,陸上自衛隊,2025,2025,1
https://www.mod.go.jp/gsdf/wae/info/nyusatu/wa-fin/04/pco_ka_7.6_4.pdf,pdf,gsdf_seibu,西部方面会計隊,陸上自衛隊,2025,2025,1
https://www.mod.go.jp/gsdf/wae/info/nyusatu/wa-fin/04/pco_ka_7.7_3.pdf,pdf,gsdf_seibu,西部方面会計隊,陸上自衛隊,2025,2025,1
https://www.mod.go.jp/gsdf/wae/info/nyusatu/wa-fin/04/pco_ku_7.4_3.pdf,pdf,gsdf_seibu,西部方面会計隊,陸上自衛隊,2025,2025,1
https://www.mod.go.jp/gsdf/wae/info/nyusatu/wa-fin/04/pco_ku_8.2_3.pdf,pdf,gsdf_seibu,西部方面会計隊,陸上自衛隊,2025,2025,1
https://www.mod.go.jp/gsdf/wae/info/nyusatu/wa-fin/04/pco_ku_8.2_4.pdf,pdf,gsdf_seibu,西部方面会計隊,陸上自衛隊,2025,2025,1
https://www.mod.go.jp/gsdf/wae/info/nyusatu/wa-fin/04/pco_na_7.4.3.pdf,pdf,gsdf_seibu,西部方面会計隊,陸上自衛隊,2025,2025,2
https://www.mod.go.jp/gsdf/wae/info/nyusatu/wa-fin/04/pco_ng_7.5_3.pdf,pdf,gsdf_seibu,西部方面会計隊,陸上自衛隊,2025,2025,1
https://www.mod.go.jp/gsdf/wae/info/nyusatu/wa-fin/04/pco_ok_7.4_4.pdf,pdf,gsdf_seibu,西部方面会計隊,陸上自衛隊,2025,2025,2
https://www.mod.go.jp/gsdf/wae/info/nyusatu/wa-fin/04/s_361_7.12_3.pdf,pdf,gsdf_seibu,西部方面会計隊,陸上自衛隊,2025,2025,3
https://www.mod.go.jp/gsdf/sigsch/fin/ane/exh4-11.pdf,pdf,gsdf_sigsch,通信学校（信）,陸上自衛隊,2022,2022,1
https://www.mod.go.jp/gsdf/sigsch/fin/ane/exh4-12.pdf,pdf,gsdf_sigsch,通信学校（信）,陸上自衛隊,2022,2022,1
https://www.mod.go.jp/gsdf/sigsch/fin/ane/exh4-4.pdf,pdf,gsdf_sigsch,通信学校（信）,陸上自衛隊,2022,2022,7
https://www.mod.go.jp/gsdf/sigsch/fin/ane/exh4-5.pdf,pdf,gsdf_sigsch,通信学校（信）,陸上自衛隊,2022,2022,1
https://www.mod.go.jp/gsdf/sigsch/fin/ane/exh4-6a.pdf,pdf,gsdf_sigsch,通信学校（信）,陸上自衛隊,2022,2022,6
https://www.mod.go.jp/gsdf/sigsch/fin/ane/exh4-7.pdf,pdf,gsdf_sigsch,通信学校（信）,陸上自衛隊,2022,2022,3
https://www.mod.go.jp/gsdf/sigsch/fin/ane/exh4-8.pdf,pdf,gsdf_sigsch,通信学校（信）,陸上自衛隊,2022,2022,5
https://www.mod.go.jp/gsdf/sigsch/fin/ane/exh4-9.pdf,pdf,gsdf_sigsch,通信学校（信）,陸上自衛隊,2022,2022,2
https://www.mod.go.jp/gsdf/sigsch/fin/ane/exh5-1.pdf,pdf,gsdf_sigsch,通信学校（信）,陸上自衛隊,2022,2022,5
https://www.mod.go.jp/gsdf/sigsch/fin/ane/exh5-10.pdf,pdf,gsdf_sigsch,通信学校（信）,陸上自衛隊,2023,2023,1
https://www.mod.go.jp/gsdf/sigsch/fin/ane/exh5-2.pdf,pdf,gsdf_sigsch,通信学校（信）,陸上自衛隊,2022,2022,2
https://www.mod.go.jp/gsdf/sigsch/fin/ane/exh5-3.pdf,pdf,gsdf_sigsch,通信学校（信）,陸上自衛隊,2022,2022,3
https://www.mod.go.jp/gsdf/sigsch/fin/ane/exh5-4.pdf,pdf,gsdf_sigsch,通信学校（信）,陸上自衛隊,2023,2023,7
https://www.mod.go.jp/gsdf/sigsch/fin/ane/exh5-5.pdf,pdf,gsdf_sigsch,通信学校（信）,陸上自衛隊,2023,2023,4
https://www.mod.go.jp/gsdf/sigsch/fin/ane/exh5-6.pdf,pdf,gsdf_sigsch,通信学校（信）,陸上自衛隊,2023,2023,11
https://www.mod.go.jp/gsdf/sigsch/fin/ane/exh5-7.pdf,pdf,gsdf_sigsch,通信学校（信）,陸上自衛隊,2023,2023,2
https://www.mod.go.jp/gsdf/sigsch/fin/ane/exh5-8.pdf,pdf,gsdf_sigsch,通信学校（信）,陸上自衛隊,2023,2023,3
https://www.mod.go.jp/gsdf/sigsch/fin/ane/exh6-11.pdf,pdf,gsdf_sigsch,通信学校（信）,陸上自衛隊,2024,2024,5
https://www.mod.go.jp/gsdf/sigsch/fin/ane/exh6-1111.pdf,pdf,gsdf_sigsch,通信学校（信）,陸上自衛隊,2023,2023,7
https://www.mod.go.jp/gsdf/sigsch/fin/ane/exh6-12-2.pdf,pdf,gsdf_sigsch,通信学校（信）,陸上自衛隊,2024,2024,7
https://www.mod.go.jp/gsdf/sigsch/fin/ane/exh6-2.pdf,pdf,gsdf_sigsch,通信学校（信）,陸上自衛隊,2023,2023,8
https://www.mod.go.jp/gsdf/sigsch/fin/ane/exh6-3.pdf,pdf,gsdf_sigsch,通信学校（信）,陸上自衛隊,2023,2023,8
https://www.mod.go.jp/gsdf/sigsch/fin/ane/exh6-4-2.pdf,pdf,gsdf_sigsch,通信学校（信）,陸上自衛隊,2024,2024,8
https://www.mod.go.jp/gsdf/sigsch/fin/ane/exh6-5.pdf,pdf,gsdf_sigsch,通信学校（信）,陸上自衛隊,2024,2024,3
https://www.mod.go.jp/gsdf/sigsch/fin/ane/exh6-6.pdf,pdf,gsdf_sigsch,通信学校（信）,陸上自衛隊,2024,2024,1
https://www.mod.go.jp/gsdf/sigsch/fin/ane/exh6-7.pdf,pdf,gsdf_sigsch,通信学校（信）,陸上自衛隊,2024,2024,8
https://www.mod.go.jp/gsdf/sigsch/fin/ane/exh6-8.pdf,pdf,gsdf_sigsch,通信学校（信）,陸上自衛隊,2024,2024,2
https://www.mod.go.jp/gsdf/sigsch/fin/ane/exh7-10.pdf,pdf,gsdf_sigsch,通信学校（信）,陸上自衛隊,2025,2025,2
https://www.mod.go.jp/gsdf/sigsch/fin/ane/exh7-11.pdf,pdf,gsdf_sigsch,通信学校（信）,陸上自衛隊,2025,2025,1
https://www.mod.go.jp/gsdf/sigsch/fin/ane/exh7-12.pdf,pdf,gsdf_sigsch,通信学校（信）,陸上自衛隊,2025,2025,6
https://www.mod.go.jp/gsdf/sigsch/fin/ane/exh7-2.pdf,pdf,gsdf_sigsch,通信学校（信）,陸上自衛隊,2025,2025,4
https://www.mod.go.jp/gsdf/sigsch/fin/ane/exh7-3.pdf,pdf,gsdf_sigsch,通信学校（信）,陸上自衛隊,2024,2024,8
https://www.mod.go.jp/gsdf/sigsch/fin/ane/exh7-5.pdf,pdf,gsdf_sigsch,通信学校（信）,陸上自衛隊,2024,2024,8
https://www.mod.go.jp/gsdf/sigsch/fin/ane/exh7-6.pdf,pdf,gsdf_sigsch,通信学校（信）,陸上自衛隊,2025,2025,6
https://www.mod.go.jp/gsdf/sigsch/fin/ane/exh7-7.pdf,pdf,gsdf_sigsch,通信学校（信）,陸上自衛隊,2025,2025,4
https://www.mod.go.jp/gsdf/sigsch/fin/ane/exh7-8.pdf,pdf,gsdf_sigsch,通信学校（信）,陸上自衛隊,2025,2025,14
https://www.mod.go.jp/gsdf/sigsch/fin/ane/exh7-9.pdf,pdf,gsdf_sigsch,通信学校（信）,陸上自衛隊,2025,2025,6
https://www.mod.go.jp/gsdf/sigsch/fin/ane/exh8-1.pdf,pdf,gsdf_sigsch,通信学校（信）,陸上自衛隊,2023,2023,4
https://www.mod.go.jp/gsdf/tercom/img/file11.pdf,pdf,gsdf_tercom,教育訓練研究本部,陸上自衛隊,2025,2025,3
https://www.mod.go.jp/gsdf/tercom/img/file14.pdf,pdf,gsdf_tercom,教育訓練研究本部,陸上自衛隊,2025,2025,2
https://www.mod.go.jp/gsdf/tercom/img/file1888.pdf,pdf,gsdf_tercom,教育訓練研究本部,陸上自衛隊,2022,2022,6
https://www.mod.go.jp/gsdf/tercom/img/file1889.pdf,pdf,gsdf_tercom,教育訓練研究本部,陸上自衛隊,2022,2022,1
https://www.mod.go.jp/gsdf/tercom/img/file1931.pdf,pdf,gsdf_tercom,教育訓練研究本部,陸上自衛隊,2022,2022,2
https://www.mod.go.jp/gsdf/tercom/img/file1932.pdf,pdf,gsdf_tercom,教育訓練研究本部,陸上自衛隊,2022,2022,3
https://www.mod.go.jp/gsdf/tercom/img/file1968.pdf,pdf,gsdf_tercom,教育訓練研究本部,陸上自衛隊,2022,2022,1
https://www.mod.go.jp/gsdf/tercom/img/file1981.pdf,pdf,gsdf_tercom,教育訓練研究本部,陸上自衛隊,2022,2022,1
https://www.mod.go.jp/gsdf/tercom/img/file2017.pdf,pdf,gsdf_tercom,教育訓練研究本部,陸上自衛隊,2022,2022,2
https://www.mod.go.jp/gsdf/tercom/img/file2028.pdf,pdf,gsdf_tercom,教育訓練研究本部,陸上自衛隊,2022,2022,2
https://www.mod.go.jp/gsdf/tercom/img/file2152.pdf,pdf,gsdf_tercom,教育訓練研究本部,陸上自衛隊,2022,2022,2
https://www.mod.go.jp/gsdf/tercom/img/file2166.pdf,pdf,gsdf_tercom,教育訓練研究本部,陸上自衛隊,2022,2022,4
https://www.mod.go.jp/gsdf/tercom/img/file2198.pdf,pdf,gsdf_tercom,教育訓練研究本部,陸上自衛隊,2022,2022,2
https://www.mod.go.jp/gsdf/tercom/img/file2229.pdf,pdf,gsdf_tercom,教育訓練研究本部,陸上自衛隊,2022,2023,7
https://www.mod.go.jp/gsdf/tercom/img/file2247.pdf,pdf,gsdf_tercom,教育訓練研究本部,陸上自衛隊,2023,2023,1
https://www.mod.go.jp/gsdf/tercom/img/file2269.pdf,pdf,gsdf_tercom,教育訓練研究本部,陸上自衛隊,2022,2022,3
https://www.mod.go.jp/gsdf/tercom/img/file2334.pdf,pdf,gsdf_tercom,教育訓練研究本部,陸上自衛隊,2023,2023,1
https://www.mod.go.jp/gsdf/tercom/img/file2335.pdf,pdf,gsdf_tercom,教育訓練研究本部,陸上自衛隊,2022,2023,4
https://www.mod.go.jp/gsdf/tercom/img/file2336.pdf,pdf,gsdf_tercom,教育訓練研究本部,陸上自衛隊,2022,2023,2
https://www.mod.go.jp/gsdf/tercom/img/file2412.pdf,pdf,gsdf_tercom,教育訓練研究本部,陸上自衛隊,2023,2023,1
https://www.mod.go.jp/gsdf/tercom/img/file2413.pdf,pdf,gsdf_tercom,教育訓練研究本部,陸上自衛隊,2023,2023,2
https://www.mod.go.jp/gsdf/tercom/img/file2465.pdf,pdf,gsdf_tercom,教育訓練研究本部,陸上自衛隊,2023,2023,3
https://www.mod.go.jp/gsdf/tercom/img/file2535.pdf,pdf,gsdf_tercom,教育訓練研究本部,陸上自衛隊,2023,2023,4
https://www.mod.go.jp/gsdf/tercom/img/file2536.pdf,pdf,gsdf_tercom,教育訓練研究本部,陸上自衛隊,2023,2023,3
https://www.mod.go.jp/gsdf/tercom/img/file2612.pdf,pdf,gsdf_tercom,教育訓練研究本部,陸上自衛隊,2024,2024,8
https://www.mod.go.jp/gsdf/tercom/img/file2613.pdf,pdf,gsdf_tercom,教育訓練研究本部,陸上自衛隊,2024,2024,2
https://www.mod.go.jp/gsdf/tercom/img/file2615.pdf,pdf,gsdf_tercom,教育訓練研究本部,陸上自衛隊,2024,2024,1
https://www.mod.go.jp/gsdf/tercom/img/file2622.pdf,pdf,gsdf_tercom,教育訓練研究本部,陸上自衛隊,2024,2024,1
https://www.mod.go.jp/gsdf/tercom/img/file2623.pdf,pdf,gsdf_tercom,教育訓練研究本部,陸上自衛隊,2023,2023,1
https://www.mod.go.jp/gsdf/tercom/img/file2624.pdf,pdf,gsdf_tercom,教育訓練研究本部,陸上自衛隊,2023,2023,2
https://www.mod.go.jp/gsdf/tercom/img/file2633.pdf,pdf,gsdf_tercom,教育訓練研究本部,陸上自衛隊,2024,2024,8
https://www.mod.go.jp/gsdf/tercom/img/file2643.pdf,pdf,gsdf_tercom,教育訓練研究本部,陸上自衛隊,2024,2024,6
https://www.mod.go.jp/gsdf/tercom/img/file2644.pdf,pdf,gsdf_tercom,教育訓練研究本部,陸上自衛隊,2024,2024,5
https://www.mod.go.jp/gsdf/tercom/img/file2653.pdf,pdf,gsdf_tercom,教育訓練研究本部,陸上自衛隊,2024,2024,3
https://www.mod.go.jp/gsdf/tercom/img/file2654.pdf,pdf,gsdf_tercom,教育訓練研究本部,陸上自衛隊,2024,2024,4
https://www.mod.go.jp/gsdf/tercom/img/file2667.pdf,pdf,gsdf_tercom,教育訓練研究本部,陸上自衛隊,2024,2024,5
https://www.mod.go.jp/gsdf/tercom/img/file2672.pdf,pdf,gsdf_tercom,教育訓練研究本部,陸上自衛隊,2024,2024,1
https://www.mod.go.jp/gsdf/tercom/img/file2675.pdf,pdf,gsdf_tercom,教育訓練研究本部,陸上自衛隊,2024,2024,2
https://www.mod.go.jp/gsdf/tercom/img/file2676.pdf,pdf,gsdf_tercom,教育訓練研究本部,陸上自衛隊,2025,2025,5
https://www.mod.go.jp/gsdf/tercom/img/file2677.pdf,pdf,gsdf_tercom,教育訓練研究本部,陸上自衛隊,2024,2024,1
https://www.mod.go.jp/gsdf/tercom/img/file2678.pdf,pdf,gsdf_tercom,教育訓練研究本部,陸上自衛隊,2024,2024,1
https://www.mod.go.jp/gsdf/tercom/img/file2679.pdf,pdf,gsdf_tercom,教育訓練研究本部,陸上自衛隊,2025,2025,3
https://www.mod.go.jp/gsdf/tercom/img/file2681.pdf,pdf,gsdf_tercom,教育訓練研究本部,陸上自衛隊,2024,2024,1
https://www.mod.go.jp/gsdf/tercom/img/file29.pdf,pdf,gsdf_tercom,教育訓練研究本部,陸上自衛隊,2025,2025,2
https://www.mod.go.jp/gsdf/tercom/img/file30.pdf,pdf,gsdf_tercom,教育訓練研究本部,陸上自衛隊,2025,2025,1
https://www.mod.go.jp/gsdf/tercom/img/file31.pdf,pdf,gsdf_tercom,教育訓練研究本部,陸上自衛隊,2025,2025,2
https://www.mod.go.jp/gsdf/tercom/img/file38.pdf,pdf,gsdf_tercom,教育訓練研究本部,陸上自衛隊,2025,2025,5
https://www.mod.go.jp/gsdf/tercom/img/file4.pdf,pdf,gsdf_tercom,教育訓練研究本部,陸上自衛隊,2025,2025,6
https://www.mod.go.jp/gsdf/tercom/img/file5.pdf,pdf,gsdf_tercom,教育訓練研究本部,陸上自衛隊,2025,2025,3
https://www.mod.go.jp/gsdf/nae/fin/nafin/pdf/public_p/04/10/323f-pp9-r4.pdf,warp_crawler,hokubu_kaikei,北部方面会計隊,陸上自衛隊,2022,2022,1
https://www.mod.go.jp/gsdf/nae/fin/nafin/pdf/public_p/04/10/344f-pp9-r4.pdf,warp_crawler,hokubu_kaikei,北部方面会計隊,陸上自衛隊,2022,2022,1
https://www.mod.go.jp/gsdf/nae/fin/nafin/pdf/public_p/04/10/346f-pp9-r4.pdf,warp_crawler,hokubu_kaikei,北部方面会計隊,陸上自衛隊,2022,2022,1
https://www.mod.go.jp/gsdf/nae/fin/nafin/pdf/public_p/04/10/374f-pp9-r4.pdf,warp_crawler,hokubu_kaikei,北部方面会計隊,陸上自衛隊,2022,2022,4
https://www.mod.go.jp/gsdf/nae/fin/nafin/pdf/public_p/04/10/377f-pp10-4.pdf,warp_crawler,hokubu_kaikei,北部方面会計隊,陸上自衛隊,2022,2022,1
https://www.mod.go.jp/gsdf/nae/fin/nafin/pdf/public_p/04/10/hq-pp9-r4.pdf,warp_crawler,hokubu_kaikei,北部方面会計隊,陸上自衛隊,2022,2022,1
https://www.mod.go.jp/gsdf/nae/fin/nafin/pdf/public_p/04/11/100f-pp10-2.pdf,warp_crawler,hokubu_kaikei,北部方面会計隊,陸上自衛隊,2022,2022,1
https://www.mod.go.jp/gsdf/nae/fin/nafin/pdf/public_p/04/11/100f-pp9-2.pdf,warp_crawler,hokubu_kaikei,北部方面会計隊,陸上自衛隊,2022,2022,2
https://www.mod.go.jp/gsdf/nae/fin/nafin/pdf/public_p/04/11/324f-pp8-r4.pdf,warp_crawler,hokubu_kaikei,北部方面会計隊,陸上自衛隊,2022,2022,5
https://www.mod.go.jp/gsdf/nae/fin/nafin/pdf/public_p/04/11/324f-pp9-r4.pdf,warp_crawler,hokubu_kaikei,北部方面会計隊,陸上自衛隊,2022,2022,8
https://www.mod.go.jp/gsdf/nae/fin/nafin/pdf/public_p/04/11/342f-pp6-2.pdf,warp_crawler,hokubu_kaikei,北部方面会計隊,陸上自衛隊,2022,2022,4
https://www.mod.go.jp/gsdf/nae/fin/nafin/pdf/public_p/04/11/342f-pp7-2.pdf,warp_crawler,hokubu_kaikei,北部方面会計隊,陸上自衛隊,2022,2022,2
https://www.mod.go.jp/gsdf/nae/fin/nafin/pdf/public_p/04/11/342f-pp8-2.pdf,warp_crawler,hokubu_kaikei,北部方面会計隊,陸上自衛隊,2022,2022,4
https://www.mod.go.jp/gsdf/nae/fin/nafin/pdf/public_p/04/11/342f-pp9-2.pdf,warp_crawler,hokubu_kaikei,北部方面会計隊,陸上自衛隊,2022,2022,1
https://www.mod.go.jp/gsdf/nae/fin/nafin/pdf/public_p/04/11/343f-pp10-2.pdf,warp_crawler,hokubu_kaikei,北部方面会計隊,陸上自衛隊,2022,2022,1
https://www.mod.go.jp/gsdf/nae/fin/nafin/pdf/public_p/04/11/343f-pp4-2.pdf,warp_crawler,hokubu_kaikei,北部方面会計隊,陸上自衛隊,2022,2022,11
https://www.mod.go.jp/gsdf/nae/fin/nafin/pdf/public_p/04/11/343f-pp5-2.pdf,warp_crawler,hokubu_kaikei,北部方面会計隊,陸上自衛隊,2022,2022,5
https://www.mod.go.jp/gsdf/nae/fin/nafin/pdf/public_p/04/11/343f-pp6-2.pdf,warp_crawler,hokubu_kaikei,北部方面会計隊,陸上自衛隊,2022,2022,6
https://www.mod.go.jp/gsdf/nae/fin/nafin/pdf/public_p/04/11/343f-pp7-2.pdf,warp_crawler,hokubu_kaikei,北部方面会計隊,陸上自衛隊,2022,2022,4
https://www.mod.go.jp/gsdf/nae/fin/nafin/pdf/public_p/04/11/343f-pp8-2.pdf,warp_crawler,hokubu_kaikei,北部方面会計隊,陸上自衛隊,2022,2022,3
https://www.mod.go.jp/gsdf/nae/fin/nafin/pdf/public_p/04/11/343f-pp9-2.pdf,warp_crawler,hokubu_kaikei,北部方面会計隊,陸上自衛隊,2022,2022,3
https://www.mod.go.jp/gsdf/nae/fin/nafin/pdf/public_p/04/11/344f-pp10-2.pdf,warp_crawler,hokubu_kaikei,北部方面会計隊,陸上自衛隊,2022,2022,1
https://www.mod.go.jp/gsdf/nae/fin/nafin/pdf/public_p/04/11/345f-pp10-r4.pdf,warp_crawler,hokubu_kaikei,北部方面会計隊,陸上自衛隊,2022,2022,2
https://www.mod.go.jp/gsdf/nae/fin/nafin/pdf/public_p/04/11/345f-pp11-r4.pdf,warp_crawler,hokubu_kaikei,北部方面会計隊,陸上自衛隊,2022,2022,2
https://www.mod.go.jp/gsdf/nae/fin/nafin/pdf/public_p/04/11/374f-pp10-r4.pdf,warp_crawler,hokubu_kaikei,北部方面会計隊,陸上自衛隊,2022,2022,2
https://www.mod.go.jp/gsdf/nae/fin/nafin/pdf/public_p/04/11/iwamizawa-pp12.pdf,warp_crawler,hokubu_kaikei,北部方面会計隊,陸上自衛隊,2022,2022,1
https://www.mod.go.jp/gsdf/nae/fin/nafin/pdf/public_p/04/11/iwamizawa-pp9-r4.pdf,warp_crawler,hokubu_kaikei,北部方面会計隊,陸上自衛隊,2022,2022,1
https://www.mod.go.jp/gsdf/nae/fin/nafin/pdf/public_p/04/11/kitaeniwa-pp4-r4.pdf,warp_crawler,hokubu_kaikei,北部方面会計隊,陸上自衛隊,2022,2022,2
https://www.mod.go.jp/gsdf/nae/fin/nafin/pdf/public_p/04/11/kitaeniwa-pp5-r4.pdf,warp_crawler,hokubu_kaikei,北部方面会計隊,陸上自衛隊,2022,2022,2
https://www.mod.go.jp/gsdf/nae/fin/nafin/pdf/public_p/04/11/kitaeniwa-pp6-r4.pdf,warp_crawler,hokubu_kaikei,北部方面会計隊,陸上自衛隊,2022,2022,1
https://www.mod.go.jp/gsdf/nae/fin/nafin/pdf/public_p/04/11/kitaeniwa-pp7-r4.pdf,warp_crawler,hokubu_kaikei,北部方面会計隊,陸上自衛隊,2022,2022,1
https://www.mod.go.jp/gsdf/nae/fin/nafin/pdf/public_p/04/11/pp10-110-r4.pdf,warp_crawler,hokubu_kaikei,北部方面会計隊,陸上自衛隊,2022,2022,3
https://www.mod.go.jp/gsdf/nae/fin/nafin/pdf/public_p/04/11/pp10-323-r4.pdf,warp_crawler,hokubu_kaikei,北部方面会計隊,陸上自衛隊,2022,2022,2
https://www.mod.go.jp/gsdf/nae/fin/nafin/pdf/public_p/04/11/sikaoi-pp10-r4.pdf,warp_crawler,hokubu_kaikei,北部方面会計隊,陸上自衛隊,2022,2022,1
https://www.mod.go.jp/gsdf/nae/fin/nafin/pdf/public_p/04/11/sikaoi-pp8-r4.pdf,warp_crawler,hokubu_kaikei,北部方面会計隊,陸上自衛隊,2022,2022,1
https://www.mod.go.jp/gsdf/nae/fin/nafin/pdf/public_p/04/12/323f-pp12-2.pdf,warp_crawler,hokubu_kaikei,北部方面会計隊,陸上自衛隊,2022,2022,4
https://www.mod.go.jp/gsdf/nae/fin/nafin/pdf/public_p/04/12/344f-pp11-r4.pdf,warp_crawler,hokubu_kaikei,北部方面会計隊,陸上自衛隊,2022,2022,2
https://www.mod.go.jp/gsdf/nae/fin/nafin/pdf/public_p/04/12/345f-pp12-r4.pdf,warp_crawler,hokubu_kaikei,北部方面会計隊,陸上自衛隊,2022,2022,2
https://www.mod.go.jp/gsdf/nae/fin/nafin/pdf/public_p/04/12/pp11-100-r4.pdf,warp_crawler,hokubu_kaikei,北部方面会計隊,陸上自衛隊,2022,2022,7
https://www.mod.go.jp/gsdf/nae/fin/nafin/pdf/public_p/04/12/pp11-323-r4.pdf,warp_crawler,hokubu_kaikei,北部方面会計隊,陸上自衛隊,2022,2022,3
https://www.mod.go.jp/gsdf/nae/fin/nafin/pdf/public_p/04/12/pp11-374-r4.pdf,warp_crawler,hokubu_kaikei,北部方面会計隊,陸上自衛隊,2022,2022,2
https://www.mod.go.jp/gsdf/nae/fin/nafin/pdf/public_p/04/12/pp11-horobetu-r4.pdf,warp_crawler,hokubu_kaikei,北部方面会計隊,陸上自衛隊,2022,2022,1
https://www.mod.go.jp/gsdf/nae/fin/nafin/pdf/public_p/04/12/pp4-horobetu-r4.pdf,warp_crawler,hokubu_kaikei,北部方面会計隊,陸上自衛隊,2022,2022,4
https://www.mod.go.jp/gsdf/nae/fin/nafin/pdf/public_p/04/12/pp5-horobetu-r4.pdf,warp_crawler,hokubu_kaikei,北部方面会計隊,陸上自衛隊,2022,2022,1
https://www.mod.go.jp/gsdf/nae/fin/nafin/pdf/public_p/04/4/110-pp4-r4.pdf,warp_crawler,hokubu_kaikei,北部方面会計隊,陸上自衛隊,2022,2022,14
https://www.mod.go.jp/gsdf/nae/fin/nafin/pdf/public_p/04/4/pp4-iwamizawa-4.pdf,warp_crawler,hokubu_kaikei,北部方面会計隊,陸上自衛隊,2022,2022,7
https://www.mod.go.jp/gsdf/nae/fin/nafin/pdf/public_p/04/4/sikaoi-pp4-r4sin.pdf,warp_crawler,hokubu_kaikei,北部方面会計隊,陸上自衛隊,2022,2022,4
https://www.mod.go.jp/gsdf/nae/fin/nafin/pdf/public_p/04/5/323f-pp4-r4.pdf,warp_crawler,hokubu_kaikei,北部方面会計隊,陸上自衛隊,2022,2022,11
https://www.mod.go.jp/gsdf/nae/fin/nafin/pdf/public_p/04/5/325f-pp4-r4.pdf,warp_crawler,hokubu_kaikei,北部方面会計隊,陸上自衛隊,2022,2022,12
https://www.mod.go.jp/gsdf/nae/fin/nafin/pdf/public_p/04/5/325f-pp5-r4.pdf,warp_crawler,hokubu_kaikei,北部方面会計隊,陸上自衛隊,2022,2022,2
https://www.mod.go.jp/gsdf/nae/fin/nafin/pdf/public_p/04/5/344f-pp4-r4.pdf,warp_crawler,hokubu_kaikei,北部方面会計隊,陸上自衛隊,2022,2022,13
https://www.mod.go.jp/gsdf/nae/fin/nafin/pdf/public_p/04/5/345-r4-4.pdf,warp_crawler,hokubu_kaikei,北部方面会計隊,陸上自衛隊,2022,2022,6
https://www.mod.go.jp/gsdf/nae/fin/nafin/pdf/public_p/04/5/345-r4-5.pdf,warp_crawler,hokubu_kaikei,北部方面会計隊,陸上自衛隊,2022,2022,1
https://www.mod.go.jp/gsdf/nae/fin/nafin/pdf/public_p/04/5/374-pp4-r4.pdf,warp_crawler,hokubu_kaikei,北部方面会計隊,陸上自衛隊,2022,2022,6
https://www.mod.go.jp/gsdf/nae/fin/nafin/pdf/public_p/04/5/374f-pp5-r4.pdf,warp_crawler,hokubu_kaikei,北部方面会計隊,陸上自衛隊,2022,2022,2
https://www.mod.go.jp/gsdf/nae/fin/nafin/pdf/public_p/04/5/bekkai-pp4-r4.pdf,warp_crawler,hokubu_kaikei,北部方面会計隊,陸上自衛隊,2022,2022,5
https://www.mod.go.jp/gsdf/nae/fin/nafin/pdf/public_p/04/5/kuttyan-pp4-r4.pdf,warp_crawler,hokubu_kaikei,北部方面会計隊,陸上自衛隊,2022,2022,4
https://www.mod.go.jp/gsdf/nae/fin/nafin/pdf/public_p/04/5/sizunai-pp4-r4.pdf,warp_crawler,hokubu_kaikei,北部方面会計隊,陸上自衛隊,2022,2022,9
https://www.mod.go.jp/gsdf/nae/fin/nafin/pdf/public_p/04/5/syu-pp4-r4sin.pdf,warp_crawler,hokubu_kaikei,北部方面会計隊,陸上自衛隊,2022,2022,4
https://www.mod.go.jp/gsdf/nae/fin/nafin/pdf/public_p/04/6/110-pp5-r4.pdf,warp_crawler,hokubu_kaikei,北部方面会計隊,陸上自衛隊,2022,2022,1
https://www.mod.go.jp/gsdf/nae/fin/nafin/pdf/public_p/04/6/324f-pp5.pdf,warp_crawler,hokubu_kaikei,北部方面会計隊,陸上自衛隊,2022,2022,2
https://www.mod.go.jp/gsdf/nae/fin/nafin/pdf/public_p/04/6/332f-pp5-r4.pdf,warp_crawler,hokubu_kaikei,北部方面会計隊,陸上自衛隊,2022,2022,5
https://www.mod.go.jp/gsdf/nae/fin/nafin/pdf/public_p/04/6/342f-pp4-r4.pdf,warp_crawler,hokubu_kaikei,北部方面会計隊,陸上自衛隊,2022,2022,11
https://www.mod.go.jp/gsdf/nae/fin/nafin/pdf/public_p/04/6/342f-pp5-r4.pdf,warp_crawler,hokubu_kaikei,北部方面会計隊,陸上自衛隊,2022,2022,1
https://www.mod.go.jp/gsdf/nae/fin/nafin/pdf/public_p/04/6/344f-pp5-r4.pdf,warp_crawler,hokubu_kaikei,北部方面会計隊,陸上自衛隊,2022,2022,1
https://www.mod.go.jp/gsdf/nae/fin/nafin/pdf/public_p/04/6/okadama-pp6-r4.pdf,warp_crawler,hokubu_kaikei,北部方面会計隊,陸上自衛隊,2022,2022,1
https://www.mod.go.jp/gsdf/nae/fin/nafin/pdf/public_p/04/6/syu-pp5-r4.pdf,warp_crawler,hokubu_kaikei,北部方面会計隊,陸上自衛隊,2022,2022,2
https://www.mod.go.jp/gsdf/nae/fin/nafin/pdf/public_p/04/6/syu-pp6-r4.pdf,warp_crawler,hokubu_kaikei,北部方面会計隊,陸上自衛隊,2022,2022,1
https://www.mod.go.jp/gsdf/nae/fin/nafin/pdf/public_p/04/7/110-pp6-r4.pdf,warp_crawler,hokubu_kaikei,北部方面会計隊,陸上自衛隊,2022,2022,1
https://www.mod.go.jp/gsdf/nae/fin/nafin/pdf/public_p/04/7/323f-pp6-r4.pdf,warp_crawler,hokubu_kaikei,北部方面会計隊,陸上自衛隊,2022,2022,4
https://www.mod.go.jp/gsdf/nae/fin/nafin/pdf/public_p/04/7/324F-pp4-r4.pdf,warp_crawler,hokubu_kaikei,北部方面会計隊,陸上自衛隊,2022,2022,12
https://www.mod.go.jp/gsdf/nae/fin/nafin/pdf/public_p/04/7/344f-pp6-r4.pdf,warp_crawler,hokubu_kaikei,北部方面会計隊,陸上自衛隊,2022,2022,3
https://www.mod.go.jp/gsdf/nae/fin/nafin/pdf/public_p/04/7/345f-pp6-r4.pdf,warp_crawler,hokubu_kaikei,北部方面会計隊,陸上自衛隊,2022,2022,2
https://www.mod.go.jp/gsdf/nae/fin/nafin/pdf/public_p/04/7/345f-pp7-r4.pdf,warp_crawler,hokubu_kaikei,北部方面会計隊,陸上自衛隊,2022,2022,2
https://www.mod.go.jp/gsdf/nae/fin/nafin/pdf/public_p/04/7/346f-pp4-r4.pdf,warp_crawler,hokubu_kaikei,北部方面会計隊,陸上自衛隊,2022,2022,3
https://www.mod.go.jp/gsdf/nae/fin/nafin/pdf/public_p/04/7/346f-pp5-r4.pdf,warp_crawler,hokubu_kaikei,北部方面会計隊,陸上自衛隊,2022,2022,2
https://www.mod.go.jp/gsdf/nae/fin/nafin/pdf/public_p/04/7/346f-pp6-r4.pdf,warp_crawler,hokubu_kaikei,北部方面会計隊,陸上自衛隊,2022,2022,1
https://www.mod.go.jp/gsdf/nae/fin/nafin/pdf/public_p/04/7/374f-pp7-r4.pdf,warp_crawler,hokubu_kaikei,北部方面会計隊,陸上自衛隊,2022,2022,3
https://www.mod.go.jp/gsdf/nae/fin/nafin/pdf/public_p/04/7/376-pp6-r4.pdf,warp_crawler,hokubu_kaikei,北部方面会計隊,陸上自衛隊,2022,2022,1
https://www.mod.go.jp/gsdf/nae/fin/nafin/pdf/public_p/04/7/376f-pp7-r4.pdf,warp_crawler,hokubu_kaikei,北部方面会計隊,陸上自衛隊,2022,2022,1
https://www.mod.go.jp/gsdf/nae/fin/nafin/pdf/public_p/04/7/377f-pp4-r4.pdf,warp_crawler,hokubu_kaikei,北部方面会計隊,陸上自衛隊,2022,2022,9
https://www.mod.go.jp/gsdf/nae/fin/nafin/pdf/public_p/04/7/377f-pp6-r4.pdf,warp_crawler,hokubu_kaikei,北部方面会計隊,陸上自衛隊,2022,2022,2
https://www.mod.go.jp/gsdf/nae/fin/nafin/pdf/public_p/04/7/minamieniwa-pp4-r4.pdf,warp_crawler,hokubu_kaikei,北部方面会計隊,陸上自衛隊,2022,2022,7
https://www.mod.go.jp/gsdf/nae/fin/nafin/pdf/public_p/04/7/minamieniwa-pp6-r4.pdf,warp_crawler,hokubu_kaikei,北部方面会計隊,陸上自衛隊,2022,2022,4
https://www.mod.go.jp/gsdf/nae/fin/nafin/pdf/public_p/04/7/sikaoi-pp6-r4.pdf,warp_crawler,hokubu_kaikei,北部方面会計隊,陸上自衛隊,2022,2022,1
https://www.mod.go.jp/gsdf/nae/fin/nafin/pdf/public_p/04/8/110-pp7-r4.pdf,warp_crawler,hokubu_kaikei,北部方面会計隊,陸上自衛隊,2022,2022,4
https://www.mod.go.jp/gsdf/nae/fin/nafin/pdf/public_p/04/8/323f-pp7-r4.pdf,warp_crawler,hokubu_kaikei,北部方面会計隊,陸上自衛隊,2022,2022,2
https://www.mod.go.jp/gsdf/nae/fin/nafin/pdf/public_p/04/8/324-pp6-r4.pdf,warp_crawler,hokubu_kaikei,北部方面会計隊,陸上自衛隊,2022,2022,3
https://www.mod.go.jp/gsdf/nae/fin/nafin/pdf/public_p/04/8/324-pp7-r4.pdf,warp_crawler,hokubu_kaikei,北部方面会計隊,陸上自衛隊,2022,2022,3
https://www.mod.go.jp/gsdf/nae/fin/nafin/pdf/public_p/04/8/332f-pp7-r4.pdf,warp_crawler,hokubu_kaikei,北部方面会計隊,陸上自衛隊,2022,2022,2
https://www.mod.go.jp/gsdf/nae/fin/nafin/pdf/public_p/04/8/344f-pp7-r4.pdf,warp_crawler,hokubu_kaikei,北部方面会計隊,陸上自衛隊,2022,2022,3
https://www.mod.go.jp/gsdf/nae/fin/nafin/pdf/public_p/04/8/okadama-pp7-r4.pdf,warp_crawler,hokubu_kaikei,北部方面会計隊,陸上自衛隊,2022,2022,1
https://www.mod.go.jp/gsdf/nae/fin/nafin/pdf/public_p/04/8/sizunai-pp6-r4.pdf,warp_crawler,hokubu_kaikei,北部方面会計隊,陸上自衛隊,2022,2022,1
https://www.mod.go.jp/gsdf/nae/fin/nafin/pdf/public_p/04/8/syu-pp7-r4.pdf,warp_crawler,hokubu_kaikei,北部方面会計隊,陸上自衛隊,2022,2022,1
https://www.mod.go.jp/gsdf/nae/fin/nafin/pdf/public_p/04/9/323f-pp8-r4.pdf,warp_crawler,hokubu_kaikei,北部方面会計隊,陸上自衛隊,2022,2022,3
https://www.mod.go.jp/gsdf/nae/fin/nafin/pdf/public_p/04/9/344f-pp8-r4.pdf,warp_crawler,hokubu_kaikei,北部方面会計隊,陸上自衛隊,2022,2022,3
https://www.mod.go.jp/gsdf/nae/fin/nafin/pdf/public_p/04/9/345f-pp8-r4.pdf,warp_crawler,hokubu_kaikei,北部方面会計隊,陸上自衛隊,2022,2022,2
https://www.mod.go.jp/gsdf/nae/fin/nafin/pdf/public_p/04/9/345f-pp9-r4.pdf,warp_crawler,hokubu_kaikei,北部方面会計隊,陸上自衛隊,2022,2022,2
https://www.mod.go.jp/gsdf/nae/fin/nafin/pdf/public_p/04/9/377f-pp8-r4.pdf,warp_crawler,hokubu_kaikei,北部方面会計隊,陸上自衛隊,2022,2022,1
https://www.mod.go.jp/gsdf/nae/fin/nafin/pdf/public_p/05/1/345f-pp1-r4.pdf,warp_crawler,hokubu_kaikei,北部方面会計隊,陸上自衛隊,2022,2022,6
https://www.mod.go.jp/gsdf/nae/fin/nafin/pdf/public_p/05/1/pp12-110-r4.pdf,warp_crawler,hokubu_kaikei,北部方面会計隊,陸上自衛隊,2022,2022,3
https://www.mod.go.jp/gsdf/nae/fin/nafin/pdf/public_p/05/10/110-pp9-r5.pdf,warp_crawler,hokubu_kaikei,北部方面会計隊,陸上自衛隊,2023,2023,1
https://www.mod.go.jp/gsdf/nae/fin/nafin/pdf/public_p/05/10/344f-pp8-r5.pdf,warp_crawler,hokubu_kaikei,北部方面会計隊,陸上自衛隊,2023,2023,4
https://www.mod.go.jp/gsdf/nae/fin/nafin/pdf/public_p/05/10/374f-pp12-r4.pdf,warp_crawler,hokubu_kaikei,北部方面会計隊,陸上自衛隊,2022,2022,2
https://www.mod.go.jp/gsdf/nae/fin/nafin/pdf/public_p/05/10/374f-pp2-r4.pdf,warp_crawler,hokubu_kaikei,北部方面会計隊,陸上自衛隊,2022,2022,13
https://www.mod.go.jp/gsdf/nae/fin/nafin/pdf/public_p/05/10/374f-pp3-r4.pdf,warp_crawler,hokubu_kaikei,北部方面会計隊,陸上自衛隊,2022,2022,3
https://www.mod.go.jp/gsdf/nae/fin/nafin/pdf/public_p/05/10/374f-pp4-r5.pdf,warp_crawler,hokubu_kaikei,北部方面会計隊,陸上自衛隊,2023,2023,4
https://www.mod.go.jp/gsdf/nae/fin/nafin/pdf/public_p/05/10/374f-pp6-r5.pdf,warp_crawler,hokubu_kaikei,北部方面会計隊,陸上自衛隊,2023,2023,6
https://www.mod.go.jp/gsdf/nae/fin/nafin/pdf/public_p/05/10/374f-pp7-r5.pdf,warp_crawler,hokubu_kaikei,北部方面会計隊,陸上自衛隊,2023,2023,4
https://www.mod.go.jp/gsdf/nae/fin/nafin/pdf/public_p/05/10/374f-pp8-r5.pdf,warp_crawler,hokubu_kaikei,北部方面会計隊,陸上自衛隊,2023,2023,4
https://www.mod.go.jp/gsdf/nae/fin/nafin/pdf/public_p/05/10/374f-pp9-r5.pdf,warp_crawler,hokubu_kaikei,北部方面会計隊,陸上自衛隊,2023,2023,6
https://www.mod.go.jp/gsdf/nae/fin/nafin/pdf/public_p/05/10/horobetu-pp10-r5.pdf,warp_crawler,hokubu_kaikei,北部方面会計隊,陸上自衛隊,2023,2023,1
https://www.mod.go.jp/gsdf/nae/fin/nafin/pdf/public_p/05/10/kuttyan-pp5-r5.pdf,warp_crawler,hokubu_kaikei,北部方面会計隊,陸上自衛隊,2023,2023,1
https://www.mod.go.jp/gsdf/nae/fin/nafin/pdf/public_p/05/10/kuttyan-pp7-r5.pdf,warp_crawler,hokubu_kaikei,北部方面会計隊,陸上自衛隊,2023,2023,2
https://www.mod.go.jp/gsdf/nae/fin/nafin/pdf/public_p/05/10/minamieniwa-pp10-r5.pdf,warp_crawler,hokubu_kaikei,北部方面会計隊,陸上自衛隊,2023,2023,2
https://www.mod.go.jp/gsdf/nae/fin/nafin/pdf/public_p/05/10/sikaoi-pp9-r5.pdf,warp_crawler,hokubu_kaikei,北部方面会計隊,陸上自衛隊,2023,2023,1
https://www.mod.go.jp/gsdf/nae/fin/nafin/pdf/public_p/05/11/110-pp10-r5.pdf,warp_crawler,hokubu_kaikei,北部方面会計隊,陸上自衛隊,2023,2023,6
https://www.mod.go.jp/gsdf/nae/fin/nafin/pdf/public_p/05/11/323f-pp9-r5.pdf,warp_crawler,hokubu_kaikei,北部方面会計隊,陸上自衛隊,2023,2023,4
https://www.mod.go.jp/gsdf/nae/fin/nafin/pdf/public_p/05/11/344f-pp9-r5.pdf,warp_crawler,hokubu_kaikei,北部方面会計隊,陸上自衛隊,2023,2023,6
https://www.mod.go.jp/gsdf/nae/fin/nafin/pdf/public_p/05/11/345f-pp9-r5.pdf,warp_crawler,hokubu_kaikei,北部方面会計隊,陸上自衛隊,2023,2023,1
https://www.mod.go.jp/gsdf/nae/fin/nafin/pdf/public_p/05/11/minamieniwa-pp11-r5.pdf,warp_crawler,hokubu_kaikei,北部方面会計隊,陸上自衛隊,2023,2023,2
https://www.mod.go.jp/gsdf/nae/fin/nafin/pdf/public_p/05/11/pp10-377-r5.pdf,warp_crawler,hokubu_kaikei,北部方面会計隊,陸上自衛隊,2023,2023,5
https://www.mod.go.jp/gsdf/nae/fin/nafin/pdf/public_p/05/11/pp9-377-r5.pdf,warp_crawler,hokubu_kaikei,北部方面会計隊,陸上自衛隊,2023,2023,3
https://www.mod.go.jp/gsdf/nae/fin/nafin/pdf/public_p/05/11/sizunai-pp10-r5.pdf,warp_crawler,hokubu_kaikei,北部方面会計隊,陸上自衛隊,2023,2023,2
https://www.mod.go.jp/gsdf/nae/fin/nafin/pdf/public_p/05/11/sizunai-pp9-r5.pdf,warp_crawler,hokubu_kaikei,北部方面会計隊,陸上自衛隊,2023,2023,4
https://www.mod.go.jp/gsdf/nae/fin/nafin/pdf/public_p/05/12/342f-pp10-r5.pdf,warp_crawler,hokubu_kaikei,北部方面会計隊,陸上自衛隊,2023,2023,1
https://www.mod.go.jp/gsdf/nae/fin/nafin/pdf/public_p/05/12/342f-pp11-r5.pdf,warp_crawler,hokubu_kaikei,北部方面会計隊,陸上自衛隊,2023,2023,1
https://www.mod.go.jp/gsdf/nae/fin/nafin/pdf/public_p/05/12/342f-pp6-r5.pdf,warp_crawler,hokubu_kaikei,北部方面会計隊,陸上自衛隊,2023,2023,1
https://www.mod.go.jp/gsdf/nae/fin/nafin/pdf/public_p/05/12/342f-pp8-r5.pdf,warp_crawler,hokubu_kaikei,北部方面会計隊,陸上自衛隊,2023,2023,4
https://www.mod.go.jp/gsdf/nae/fin/nafin/pdf/public_p/05/12/342f-pp9-r5.pdf,warp_crawler,hokubu_kaikei,北部方面会計隊,陸上自衛隊,2023,2023,1
https://www.mod.go.jp/gsdf/nae/fin/nafin/pdf/public_p/05/12/343f-pp1-r4.pdf,warp_crawler,hokubu_kaikei,北部方面会計隊,陸上自衛隊,2022,2022,4
https://www.mod.go.jp/gsdf/nae/fin/nafin/pdf/public_p/05/12/343f-pp11-r4.pdf,warp_crawler,hokubu_kaikei,北部方面会計隊,陸上自衛隊,2022,2022,8
https://www.mod.go.jp/gsdf/nae/fin/nafin/pdf/public_p/05/12/343f-pp12-r4.pdf,warp_crawler,hokubu_kaikei,北部方面会計隊,陸上自衛隊,2022,2022,8
https://www.mod.go.jp/gsdf/nae/fin/nafin/pdf/public_p/05/12/343f-pp2-r4.pdf,warp_crawler,hokubu_kaikei,北部方面会計隊,陸上自衛隊,2022,2022,10
https://www.mod.go.jp/gsdf/nae/fin/nafin/pdf/public_p/05/12/343f-pp3-r4.pdf,warp_crawler,hokubu_kaikei,北部方面会計隊,陸上自衛隊,2022,2022,5
https://www.mod.go.jp/gsdf/nae/fin/nafin/pdf/public_p/05/12/343f-pp6-r5.pdf,warp_crawler,hokubu_kaikei,北部方面会計隊,陸上自衛隊,2023,2023,5
https://www.mod.go.jp/gsdf/nae/fin/nafin/pdf/public_p/05/12/343f-pp8-r5.pdf,warp_crawler,hokubu_kaikei,北部方面会計隊,陸上自衛隊,2023,2023,6
https://www.mod.go.jp/gsdf/nae/fin/nafin/pdf/public_p/05/12/343f-pp9-r5.pdf,warp_crawler,hokubu_kaikei,北部方面会計隊,陸上自衛隊,2023,2023,4
https://www.mod.go.jp/gsdf/nae/fin/nafin/pdf/public_p/05/12/344f-pp10-r5.pdf,warp_crawler,hokubu_kaikei,北部方面会計隊,陸上自衛隊,2023,2023,5
https://www.mod.go.jp/gsdf/nae/fin/nafin/pdf/public_p/05/12/344f-pp11-r5.pdf,warp_crawler,hokubu_kaikei,北部方面会計隊,陸上自衛隊,2023,2023,3
https://www.mod.go.jp/gsdf/nae/fin/nafin/pdf/public_p/05/12/346f-pp6-r5.pdf,warp_crawler,hokubu_kaikei,北部方面会計隊,陸上自衛隊,2023,2023,1
https://www.mod.go.jp/gsdf/nae/fin/nafin/pdf/public_p/05/12/346f-pp7-r5.pdf,warp_crawler,hokubu_kaikei,北部方面会計隊,陸上自衛隊,2023,2023,2
https://www.mod.go.jp/gsdf/nae/fin/nafin/pdf/public_p/05/12/346f-pp9-r5.pdf,warp_crawler,hokubu_kaikei,北部方面会計隊,陸上自衛隊,2023,2023,1
https://www.mod.go.jp/gsdf/nae/fin/nafin/pdf/public_p/05/12/377f-pp11-r5.pdf,warp_crawler,hokubu_kaikei,北部方面会計隊,陸上自衛隊,2023,2023,2
https://www.mod.go.jp/gsdf/nae/fin/nafin/pdf/public_p/05/12/bekkai-pp10-r5.pdf,warp_crawler,hokubu_kaikei,北部方面会計隊,陸上自衛隊,2023,2023,4
https://www.mod.go.jp/gsdf/nae/fin/nafin/pdf/public_p/05/12/bekkai-pp11-r5.pdf,warp_crawler,hokubu_kaikei,北部方面会計隊,陸上自衛隊,2023,2023,1
https://www.mod.go.jp/gsdf/nae/fin/nafin/pdf/public_p/05/12/bekkai-pp12-r5.pdf,warp_crawler,hokubu_kaikei,北部方面会計隊,陸上自衛隊,2023,2023,2
https://www.mod.go.jp/gsdf/nae/fin/nafin/pdf/public_p/05/12/bekkai-pp7-r5.pdf,warp_crawler,hokubu_kaikei,北部方面会計隊,陸上自衛隊,2023,2023,2
https://www.mod.go.jp/gsdf/nae/fin/nafin/pdf/public_p/05/12/bekkai-pp9-r5.pdf,warp_crawler,hokubu_kaikei,北部方面会計隊,陸上自衛隊,2023,2023,1
https://www.mod.go.jp/gsdf/nae/fin/nafin/pdf/public_p/05/12/minamieniwa-pp12-r5.pdf,warp_crawler,hokubu_kaikei,北部方面会計隊,陸上自衛隊,2023,2023,3
https://www.mod.go.jp/gsdf/nae/fin/nafin/pdf/public_p/05/12/pp10-iwamizawa-r5.pdf,warp_crawler,hokubu_kaikei,北部方面会計隊,陸上自衛隊,2023,2023,2
https://www.mod.go.jp/gsdf/nae/fin/nafin/pdf/public_p/05/12/pp8-iwamizawa-r5.pdf,warp_crawler,hokubu_kaikei,北部方面会計隊,陸上自衛隊,2023,2023,3
https://www.mod.go.jp/gsdf/nae/fin/nafin/pdf/public_p/05/12/pp9-iwamizawa-r5.pdf,warp_crawler,hokubu_kaikei,北部方面会計隊,陸上自衛隊,2023,2023,1
https://www.mod.go.jp/gsdf/nae/fin/nafin/pdf/public_p/05/12/sikaoi-pp10-r5.pdf,warp_crawler,hokubu_kaikei,北部方面会計隊,陸上自衛隊,2023,2023,1
https://www.mod.go.jp/gsdf/nae/fin/nafin/pdf/public_p/05/12/sikaoi-pp11-r5.pdf,warp_crawler,hokubu_kaikei,北部方面会計隊,陸上自衛隊,2023,2023,1
https://www.mod.go.jp/gsdf/nae/fin/nafin/pdf/public_p/05/12/wakkanai-pp12-r5.pdf,warp_crawler,hokubu_kaikei,北部方面会計隊,陸上自衛隊,2023,2023,1
https://www.mod.go.jp/gsdf/nae/fin/nafin/pdf/public_p/05/12/wakkanai-pp7-r5.pdf,warp_crawler,hokubu_kaikei,北部方面会計隊,陸上自衛隊,2023,2023,2
https://www.mod.go.jp/gsdf/nae/fin/nafin/pdf/public_p/05/2/323f-pp1-r4.pdf,warp_crawler,hokubu_kaikei,北部方面会計隊,陸上自衛隊,2022,2022,1
https://www.mod.go.jp/gsdf/nae/fin/nafin/pdf/public_p/05/2/325f-pp1-r4-2.pdf,warp_crawler,hokubu_kaikei,北部方面会計隊,陸上自衛隊,2022,2022,11
https://www.mod.go.jp/gsdf/nae/fin/nafin/pdf/public_p/05/2/325f-pp10-r4-2.pdf,warp_crawler,hokubu_kaikei,北部方面会計隊,陸上自衛隊,2022,2022,4
https://www.mod.go.jp/gsdf/nae/fin/nafin/pdf/public_p/05/2/325f-pp6-r4-2.pdf,warp_crawler,hokubu_kaikei,北部方面会計隊,陸上自衛隊,2022,2022,6
https://www.mod.go.jp/gsdf/nae/fin/nafin/pdf/public_p/05/2/325f-pp7-r4-2.pdf,warp_crawler,hokubu_kaikei,北部方面会計隊,陸上自衛隊,2022,2022,6
https://www.mod.go.jp/gsdf/nae/fin/nafin/pdf/public_p/05/2/325f-pp8-r4-2.pdf,warp_crawler,hokubu_kaikei,北部方面会計隊,陸上自衛隊,2022,2022,3
https://www.mod.go.jp/gsdf/nae/fin/nafin/pdf/public_p/05/2/325f-pp9-r4-2.pdf,warp_crawler,hokubu_kaikei,北部方面会計隊,陸上自衛隊,2022,2022,1
https://www.mod.go.jp/gsdf/nae/fin/nafin/pdf/public_p/05/2/344f-pp12-r4.pdf,warp_crawler,hokubu_kaikei,北部方面会計隊,陸上自衛隊,2022,2022,1
https://www.mod.go.jp/gsdf/nae/fin/nafin/pdf/public_p/05/2/bibai-pp1-r4.pdf,warp_crawler,hokubu_kaikei,北部方面会計隊,陸上自衛隊,2022,2022,1
https://www.mod.go.jp/gsdf/nae/fin/nafin/pdf/public_p/05/2/pp1-374-r4.pdf,warp_crawler,hokubu_kaikei,北部方面会計隊,陸上自衛隊,2022,2022,7
https://www.mod.go.jp/gsdf/nae/fin/nafin/pdf/public_p/05/2/pp1-377-r4.pdf,warp_crawler,hokubu_kaikei,北部方面会計隊,陸上自衛隊,2022,2022,4
https://www.mod.go.jp/gsdf/nae/fin/nafin/pdf/public_p/05/2/pp12-377-r4.pdf,warp_crawler,hokubu_kaikei,北部方面会計隊,陸上自衛隊,2022,2022,2
https://www.mod.go.jp/gsdf/nae/fin/nafin/pdf/public_p/05/3/110-pp2-r4.pdf,warp_crawler,hokubu_kaikei,北部方面会計隊,陸上自衛隊,2022,2022,10
https://www.mod.go.jp/gsdf/nae/fin/nafin/pdf/public_p/05/3/325f-pp2-r4.pdf,warp_crawler,hokubu_kaikei,北部方面会計隊,陸上自衛隊,2022,2022,9
https://www.mod.go.jp/gsdf/nae/fin/nafin/pdf/public_p/05/3/332f-pp3-r4.pdf,warp_crawler,hokubu_kaikei,北部方面会計隊,陸上自衛隊,2022,2022,1
https://www.mod.go.jp/gsdf/nae/fin/nafin/pdf/public_p/05/3/344f-pp1-r4.pdf,warp_crawler,hokubu_kaikei,北部方面会計隊,陸上自衛隊,2022,2022,2
https://www.mod.go.jp/gsdf/nae/fin/nafin/pdf/public_p/05/3/344f-pp2-r4.pdf,warp_crawler,hokubu_kaikei,北部方面会計隊,陸上自衛隊,2022,2022,5
https://www.mod.go.jp/gsdf/nae/fin/nafin/pdf/public_p/05/3/345f-pp2-r4.pdf,warp_crawler,hokubu_kaikei,北部方面会計隊,陸上自衛隊,2022,2022,4
https://www.mod.go.jp/gsdf/nae/fin/nafin/pdf/public_p/05/3/345f-pp3-r4.pdf,warp_crawler,hokubu_kaikei,北部方面会計隊,陸上自衛隊,2022,2022,5
https://www.mod.go.jp/gsdf/nae/fin/nafin/pdf/public_p/05/3/377f-pp2-r4.pdf,warp_crawler,hokubu_kaikei,北部方面会計隊,陸上自衛隊,2022,2022,4
https://www.mod.go.jp/gsdf/nae/fin/nafin/pdf/public_p/05/3/bibai-pp2-r4.pdf,warp_crawler,hokubu_kaikei,北部方面会計隊,陸上自衛隊,2022,2022,2
https://www.mod.go.jp/gsdf/nae/fin/nafin/pdf/public_p/05/3/kuttyan-pp6-r4.pdf,warp_crawler,hokubu_kaikei,北部方面会計隊,陸上自衛隊,2022,2022,1
https://www.mod.go.jp/gsdf/nae/fin/nafin/pdf/public_p/05/3/kuttyan-pp7-r4.pdf,warp_crawler,hokubu_kaikei,北部方面会計隊,陸上自衛隊,2022,2022,1
https://www.mod.go.jp/gsdf/nae/fin/nafin/pdf/public_p/05/3/shikaoi-pp2-r4.pdf,warp_crawler,hokubu_kaikei,北部方面会計隊,陸上自衛隊,2022,2022,3
https://www.mod.go.jp/gsdf/nae/fin/nafin/pdf/public_p/05/4/110-pp1-r4-2.pdf,warp_crawler,hokubu_kaikei,北部方面会計隊,陸上自衛隊,2022,2022,3
https://www.mod.go.jp/gsdf/nae/fin/nafin/pdf/public_p/05/4/344f-pp3-r4.pdf,warp_crawler,hokubu_kaikei,北部方面会計隊,陸上自衛隊,2022,2022,3
https://www.mod.go.jp/gsdf/nae/fin/nafin/pdf/public_p/05/4/345f-pp4-r5.pdf,warp_crawler,hokubu_kaikei,北部方面会計隊,陸上自衛隊,2023,2023,6
https://www.mod.go.jp/gsdf/nae/fin/nafin/pdf/public_p/05/4/iwamizawa-pp4-1.pdf,warp_crawler,hokubu_kaikei,北部方面会計隊,陸上自衛隊,2022,2022,1
https://www.mod.go.jp/gsdf/nae/fin/nafin/pdf/public_p/05/4/iwamizawa-pp4-3.pdf,warp_crawler,hokubu_kaikei,北部方面会計隊,陸上自衛隊,2022,2022,2
https://www.mod.go.jp/gsdf/nae/fin/nafin/pdf/public_p/05/4/kuttyan-pp1-r4.pdf,warp_crawler,hokubu_kaikei,北部方面会計隊,陸上自衛隊,2022,2022,2
https://www.mod.go.jp/gsdf/nae/fin/nafin/pdf/public_p/05/4/kuttyan-pp2-r4.pdf,warp_crawler,hokubu_kaikei,北部方面会計隊,陸上自衛隊,2022,2022,1
https://www.mod.go.jp/gsdf/nae/fin/nafin/pdf/public_p/05/4/pp01-bekkai-r4.pdf,warp_crawler,hokubu_kaikei,北部方面会計隊,陸上自衛隊,2022,2022,2
https://www.mod.go.jp/gsdf/nae/fin/nafin/pdf/public_p/05/4/pp010-bekkai-r4.pdf,warp_crawler,hokubu_kaikei,北部方面会計隊,陸上自衛隊,2022,2022,1
https://www.mod.go.jp/gsdf/nae/fin/nafin/pdf/public_p/05/4/pp011-bekkai-r4.pdf,warp_crawler,hokubu_kaikei,北部方面会計隊,陸上自衛隊,2022,2022,1
https://www.mod.go.jp/gsdf/nae/fin/nafin/pdf/public_p/05/4/pp012-bekkai-r4.pdf,warp_crawler,hokubu_kaikei,北部方面会計隊,陸上自衛隊,2022,2022,2
https://www.mod.go.jp/gsdf/nae/fin/nafin/pdf/public_p/05/4/pp02-bekkai-r4.pdf,warp_crawler,hokubu_kaikei,北部方面会計隊,陸上自衛隊,2022,2022,2
https://www.mod.go.jp/gsdf/nae/fin/nafin/pdf/public_p/05/4/pp03-bekkai-r4.pdf,warp_crawler,hokubu_kaikei,北部方面会計隊,陸上自衛隊,2022,2022,7
https://www.mod.go.jp/gsdf/nae/fin/nafin/pdf/public_p/05/4/pp1-342-r4.pdf,warp_crawler,hokubu_kaikei,北部方面会計隊,陸上自衛隊,2022,2022,1
https://www.mod.go.jp/gsdf/nae/fin/nafin/pdf/public_p/05/4/pp1-horobetu-r4.pdf,warp_crawler,hokubu_kaikei,北部方面会計隊,陸上自衛隊,2022,2022,2
https://www.mod.go.jp/gsdf/nae/fin/nafin/pdf/public_p/05/4/pp1-kitaeniwa-r4.pdf,warp_crawler,hokubu_kaikei,北部方面会計隊,陸上自衛隊,2022,2022,3
https://www.mod.go.jp/gsdf/nae/fin/nafin/pdf/public_p/05/4/pp10-kitaeniwa-r4.pdf,warp_crawler,hokubu_kaikei,北部方面会計隊,陸上自衛隊,2022,2022,1
https://www.mod.go.jp/gsdf/nae/fin/nafin/pdf/public_p/05/4/pp11-kitaeniwa-r4.pdf,warp_crawler,hokubu_kaikei,北部方面会計隊,陸上自衛隊,2022,2022,1
https://www.mod.go.jp/gsdf/nae/fin/nafin/pdf/public_p/05/4/pp12-342-r4.pdf,warp_crawler,hokubu_kaikei,北部方面会計隊,陸上自衛隊,2022,2022,2
https://www.mod.go.jp/gsdf/nae/fin/nafin/pdf/public_p/05/4/pp12-horobetu-r4.pdf,warp_crawler,hokubu_kaikei,北部方面会計隊,陸上自衛隊,2022,2022,2
https://www.mod.go.jp/gsdf/nae/fin/nafin/pdf/public_p/05/4/pp12-kiitaeniwa-r4.pdf,warp_crawler,hokubu_kaikei,北部方面会計隊,陸上自衛隊,2022,2022,4
https://www.mod.go.jp/gsdf/nae/fin/nafin/pdf/public_p/05/4/pp2-342-r4.pdf,warp_crawler,hokubu_kaikei,北部方面会計隊,陸上自衛隊,2022,2022,3
https://www.mod.go.jp/gsdf/nae/fin/nafin/pdf/public_p/05/4/pp2-horobetu-r4.pdf,warp_crawler,hokubu_kaikei,北部方面会計隊,陸上自衛隊,2022,2022,2
https://www.mod.go.jp/gsdf/nae/fin/nafin/pdf/public_p/05/4/pp2-kitaeniwa-r4.pdf,warp_crawler,hokubu_kaikei,北部方面会計隊,陸上自衛隊,2022,2022,5
https://www.mod.go.jp/gsdf/nae/fin/nafin/pdf/public_p/05/4/pp3-110-r4.pdf,warp_crawler,hokubu_kaikei,北部方面会計隊,陸上自衛隊,2022,2022,5
https://www.mod.go.jp/gsdf/nae/fin/nafin/pdf/public_p/05/4/pp3-325-r4.pdf,warp_crawler,hokubu_kaikei,北部方面会計隊,陸上自衛隊,2022,2022,11
https://www.mod.go.jp/gsdf/nae/fin/nafin/pdf/public_p/05/4/pp3-342-r4.pdf,warp_crawler,hokubu_kaikei,北部方面会計隊,陸上自衛隊,2022,2022,4
https://www.mod.go.jp/gsdf/nae/fin/nafin/pdf/public_p/05/4/pp3-kitaeniwa-r4.pdf,warp_crawler,hokubu_kaikei,北部方面会計隊,陸上自衛隊,2022,2022,2
https://www.mod.go.jp/gsdf/nae/fin/nafin/pdf/public_p/05/4/sizunai-pp1-r4.pdf,warp_crawler,hokubu_kaikei,北部方面会計隊,陸上自衛隊,2022,2022,3
https://www.mod.go.jp/gsdf/nae/fin/nafin/pdf/public_p/05/4/sizunai-pp12-r4.pdf,warp_crawler,hokubu_kaikei,北部方面会計隊,陸上自衛隊,2022,2022,1
https://www.mod.go.jp/gsdf/nae/fin/nafin/pdf/public_p/05/4/sizunai-pp2-r4.pdf,warp_crawler,hokubu_kaikei,北部方面会計隊,陸上自衛隊,2022,2022,6
https://www.mod.go.jp/gsdf/nae/fin/nafin/pdf/public_p/05/5/bibai-pp4-r5.pdf,warp_crawler,hokubu_kaikei,北部方面会計隊,陸上自衛隊,2023,2023,4
https://www.mod.go.jp/gsdf/nae/fin/nafin/pdf/public_p/05/5/pp4-110-r5.pdf,warp_crawler,hokubu_kaikei,北部方面会計隊,陸上自衛隊,2023,2023,16
https://www.mod.go.jp/gsdf/nae/fin/nafin/pdf/public_p/05/6/110-pp5-r5.pdf,warp_crawler,hokubu_kaikei,北部方面会計隊,陸上自衛隊,2023,2023,1
https://www.mod.go.jp/gsdf/nae/fin/nafin/pdf/public_p/05/6/110-pp6-r5-2.pdf,warp_crawler,hokubu_kaikei,北部方面会計隊,陸上自衛隊,2023,2023,2
https://www.mod.go.jp/gsdf/nae/fin/nafin/pdf/public_p/05/6/344-pp5-r5.pdf,warp_crawler,hokubu_kaikei,北部方面会計隊,陸上自衛隊,2023,2023,4
https://www.mod.go.jp/gsdf/nae/fin/nafin/pdf/public_p/05/6/345f-pp5-r5.pdf,warp_crawler,hokubu_kaikei,北部方面会計隊,陸上自衛隊,2023,2023,3
https://www.mod.go.jp/gsdf/nae/fin/nafin/pdf/public_p/05/6/345f-pp6-r5-2.pdf,warp_crawler,hokubu_kaikei,北部方面会計隊,陸上自衛隊,2023,2023,2
https://www.mod.go.jp/gsdf/nae/fin/nafin/pdf/public_p/05/6/bekkai-pp5-r5.pdf,warp_crawler,hokubu_kaikei,北部方面会計隊,陸上自衛隊,2023,2023,2
https://www.mod.go.jp/gsdf/nae/fin/nafin/pdf/public_p/05/6/bekkai-pp6-r5.pdf,warp_crawler,hokubu_kaikei,北部方面会計隊,陸上自衛隊,2023,2023,4
https://www.mod.go.jp/gsdf/nae/fin/nafin/pdf/public_p/05/6/bibai-pp5-r5.pdf,warp_crawler,hokubu_kaikei,北部方面会計隊,陸上自衛隊,2023,2023,1
https://www.mod.go.jp/gsdf/nae/fin/nafin/pdf/public_p/05/6/bibai-pp6-r5-2.pdf,warp_crawler,hokubu_kaikei,北部方面会計隊,陸上自衛隊,2023,2023,2
https://www.mod.go.jp/gsdf/nae/fin/nafin/pdf/public_p/05/6/horobetu-pp5-r5.pdf,warp_crawler,hokubu_kaikei,北部方面会計隊,陸上自衛隊,2023,2023,3
https://www.mod.go.jp/gsdf/nae/fin/nafin/pdf/public_p/05/6/horobetu-pp6-r5-2.pdf,warp_crawler,hokubu_kaikei,北部方面会計隊,陸上自衛隊,2023,2023,4
https://www.mod.go.jp/gsdf/nae/fin/nafin/pdf/public_p/05/6/kitaeniwa-pp6-r5.pdf,warp_crawler,hokubu_kaikei,北部方面会計隊,陸上自衛隊,2023,2023,3
https://www.mod.go.jp/gsdf/nae/fin/nafin/pdf/public_p/05/6/sikaoi-pp4-r5.pdf,warp_crawler,hokubu_kaikei,北部方面会計隊,陸上自衛隊,2023,2023,2
https://www.mod.go.jp/gsdf/nae/fin/nafin/pdf/public_p/05/6/sikaoi-pp5-r5.pdf,warp_crawler,hokubu_kaikei,北部方面会計隊,陸上自衛隊,2023,2023,1
https://www.mod.go.jp/gsdf/nae/fin/nafin/pdf/public_p/05/6/sizunai-pp5-r5.pdf,warp_crawler,hokubu_kaikei,北部方面会計隊,陸上自衛隊,2023,2023,2
https://www.mod.go.jp/gsdf/nae/fin/nafin/pdf/public_p/05/8/horobetu-pp8-r5.pdf,warp_crawler,hokubu_kaikei,北部方面会計隊,陸上自衛隊,2023,2023,1
https://www.mod.go.jp/gsdf/nae/fin/nafin/pdf/public_p/05/9/110-pp7-r5.pdf,warp_crawler,hokubu_kaikei,北部方面会計隊,陸上自衛隊,2023,2023,4
https://www.mod.go.jp/gsdf/nae/fin/nafin/pdf/public_p/05/9/110-pp8-r5.pdf,warp_crawler,hokubu_kaikei,北部方面会計隊,陸上自衛隊,2023,2023,3
https://www.mod.go.jp/gsdf/nae/fin/nafin/pdf/public_p/05/9/324f-pp1-r5.pdf,warp_crawler,hokubu_kaikei,北部方面会計隊,陸上自衛隊,2022,2022,10
https://www.mod.go.jp/gsdf/nae/fin/nafin/pdf/public_p/05/9/324f-pp10-r4.pdf,warp_crawler,hokubu_kaikei,北部方面会計隊,陸上自衛隊,2022,2022,5
https://www.mod.go.jp/gsdf/nae/fin/nafin/pdf/public_p/05/9/324f-pp11-r4.pdf,warp_crawler,hokubu_kaikei,北部方面会計隊,陸上自衛隊,2022,2022,6
https://www.mod.go.jp/gsdf/nae/fin/nafin/pdf/public_p/05/9/324f-pp12-r4.pdf,warp_crawler,hokubu_kaikei,北部方面会計隊,陸上自衛隊,2022,2022,4
https://www.mod.go.jp/gsdf/nae/fin/nafin/pdf/public_p/05/9/324f-pp2-r5.pdf,warp_crawler,hokubu_kaikei,北部方面会計隊,陸上自衛隊,2022,2022,33
https://www.mod.go.jp/gsdf/nae/fin/nafin/pdf/public_p/05/9/324f-pp3-r5.pdf,warp_crawler,hokubu_kaikei,北部方面会計隊,陸上自衛隊,2022,2022,9
https://www.mod.go.jp/gsdf/nae/fin/nafin/pdf/public_p/05/9/324f-pp5-r5.pdf,warp_crawler,hokubu_kaikei,北部方面会計隊,陸上自衛隊,2023,2023,7
https://www.mod.go.jp/gsdf/nae/fin/nafin/pdf/public_p/05/9/324f-pp6-r5.pdf,warp_crawler,hokubu_kaikei,北部方面会計隊,陸上自衛隊,2023,2023,8
https://www.mod.go.jp/gsdf/nae/fin/nafin/pdf/public_p/05/9/324f-pp8-r5.pdf,warp_crawler,hokubu_kaikei,北部方面会計隊,陸上自衛隊,2023,2023,7
https://www.mod.go.jp/gsdf/nae/fin/nafin/pdf/public_p/05/9/344f-pp6-r5.pdf,warp_crawler,hokubu_kaikei,北部方面会計隊,陸上自衛隊,2023,2023,6
https://www.mod.go.jp/gsdf/nae/fin/nafin/pdf/public_p/05/9/344f-pp7-r5.pdf,warp_crawler,hokubu_kaikei,北部方面会計隊,陸上自衛隊,2023,2023,7
https://www.mod.go.jp/gsdf/nae/fin/nafin/pdf/public_p/05/9/377f-pp7-r5.pdf,warp_crawler,hokubu_kaikei,北部方面会計隊,陸上自衛隊,2023,2023,2
https://www.mod.go.jp/gsdf/nae/fin/nafin/pdf/public_p/05/9/iwamizawa-pp5-r5.pdf,warp_crawler,hokubu_kaikei,北部方面会計隊,陸上自衛隊,2023,2023,1
https://www.mod.go.jp/gsdf/nae/fin/nafin/pdf/public_p/05/9/iwamizawa-pp7-r5.pdf,warp_crawler,hokubu_kaikei,北部方面会計隊,陸上自衛隊,2023,2023,1
https://www.mod.go.jp/gsdf/nae/fin/nafin/pdf/public_p/05/9/kitaeniwa-pp7-r5.pdf,warp_crawler,hokubu_kaikei,北部方面会計隊,陸上自衛隊,2023,2023,2
https://www.mod.go.jp/gsdf/nae/fin/nafin/pdf/public_p/05/9/minamieniwa-pp5-r5.pdf,warp_crawler,hokubu_kaikei,北部方面会計隊,陸上自衛隊,2023,2023,1
https://www.mod.go.jp/gsdf/nae/fin/nafin/pdf/public_p/05/9/minamieniwa-pp7-r5.pdf,warp_crawler,hokubu_kaikei,北部方面会計隊,陸上自衛隊,2023,2023,4
https://www.mod.go.jp/gsdf/nae/fin/nafin/pdf/public_p/05/9/minamieniwa-pp8-r5.pdf,warp_crawler,hokubu_kaikei,北部方面会計隊,陸上自衛隊,2023,2023,4
https://www.mod.go.jp/gsdf/nae/fin/nafin/pdf/public_p/05/9/pp7-bibai-r5.pdf,warp_crawler,hokubu_kaikei,北部方面会計隊,陸上自衛隊,2023,2023,1
https://www.mod.go.jp/gsdf/nae/fin/nafin/pdf/public_p/05/9/sikaoi-pp7-r5.pdf,warp_crawler,hokubu_kaikei,北部方面会計隊,陸上自衛隊,2023,2023,5
https://www.mod.go.jp/gsdf/nae/fin/nafin/pdf/public_p/05/9/sikaoi-pp8-r5.pdf,warp_crawler,hokubu_kaikei,北部方面会計隊,陸上自衛隊,2023,2023,1
https://www.mod.go.jp/gsdf/nae/fin/nafin/pdf/public_p/06/01/324f-pp10-r5.pdf,warp_crawler,hokubu_kaikei,北部方面会計隊,陸上自衛隊,2023,2023,10
https://www.mod.go.jp/gsdf/nae/fin/nafin/pdf/public_p/06/01/324f-pp11-r5.pdf,warp_crawler,hokubu_kaikei,北部方面会計隊,陸上自衛隊,2023,2023,14
https://www.mod.go.jp/gsdf/nae/fin/nafin/pdf/public_p/06/01/324f-pp9-r5.pdf,warp_crawler,hokubu_kaikei,北部方面会計隊,陸上自衛隊,2023,2023,13
https://www.mod.go.jp/gsdf/nae/fin/nafin/pdf/public_p/06/01/344f-pp12-r5.pdf,warp_crawler,hokubu_kaikei,北部方面会計隊,陸上自衛隊,2023,2023,3
https://www.mod.go.jp/gsdf/nae/fin/nafin/pdf/public_p/06/01/345f-pp11-r5.pdf,warp_crawler,hokubu_kaikei,北部方面会計隊,陸上自衛隊,2023,2023,1
https://www.mod.go.jp/gsdf/nae/fin/nafin/pdf/public_p/06/01/346f-pp10-r5.pdf,warp_crawler,hokubu_kaikei,北部方面会計隊,陸上自衛隊,2023,2023,2
https://www.mod.go.jp/gsdf/nae/fin/nafin/pdf/public_p/06/01/374f-pp10-r5.pdf,warp_crawler,hokubu_kaikei,北部方面会計隊,陸上自衛隊,2023,2023,1
https://www.mod.go.jp/gsdf/nae/fin/nafin/pdf/public_p/06/01/374f-pp11-r5.pdf,warp_crawler,hokubu_kaikei,北部方面会計隊,陸上自衛隊,2023,2023,5
https://www.mod.go.jp/gsdf/nae/fin/nafin/pdf/public_p/06/01/377f-pp12-r5.pdf,warp_crawler,hokubu_kaikei,北部方面会計隊,陸上自衛隊,2023,2023,1
https://www.mod.go.jp/gsdf/nae/fin/nafin/pdf/public_p/06/01/bibai-pp11-r5.pdf,warp_crawler,hokubu_kaikei,北部方面会計隊,陸上自衛隊,2023,2023,1
https://www.mod.go.jp/gsdf/nae/fin/nafin/pdf/public_p/06/01/kuttyan-pp10-r5.pdf,warp_crawler,hokubu_kaikei,北部方面会計隊,陸上自衛隊,2023,2023,2
https://www.mod.go.jp/gsdf/nae/fin/nafin/pdf/public_p/06/01/pp10-kitaeniwa-r5.pdf,warp_crawler,hokubu_kaikei,北部方面会計隊,陸上自衛隊,2023,2023,3
https://www.mod.go.jp/gsdf/nae/fin/nafin/pdf/public_p/06/01/pp11-110-r5.pdf,warp_crawler,hokubu_kaikei,北部方面会計隊,陸上自衛隊,2023,2023,4
https://www.mod.go.jp/gsdf/nae/fin/nafin/pdf/public_p/06/01/pp12-110-r5.pdf,warp_crawler,hokubu_kaikei,北部方面会計隊,陸上自衛隊,2023,2023,7
https://www.mod.go.jp/gsdf/nae/fin/nafin/pdf/public_p/06/01/pp12-kitaeniwa-r5.pdf,warp_crawler,hokubu_kaikei,北部方面会計隊,陸上自衛隊,2023,2023,1
https://www.mod.go.jp/gsdf/nae/fin/nafin/pdf/public_p/06/01/sikaoi-pp12-r5.pdf,warp_crawler,hokubu_kaikei,北部方面会計隊,陸上自衛隊,2023,2023,1
https://www.mod.go.jp/gsdf/nae/fin/nafin/pdf/public_p/06/01/wakkanai-pp1-r5.pdf,warp_crawler,hokubu_kaikei,北部方面会計隊,陸上自衛隊,2023,2023,2
https://www.mod.go.jp/gsdf/nae/fin/nafin/pdf/public_p/06/02/110-pp1-r5.pdf,warp_crawler,hokubu_kaikei,北部方面会計隊,陸上自衛隊,2023,2023,1
https://www.mod.go.jp/gsdf/nae/fin/nafin/pdf/public_p/06/02/343f-pp1-r5.pdf,warp_crawler,hokubu_kaikei,北部方面会計隊,陸上自衛隊,2023,2023,5
https://www.mod.go.jp/gsdf/nae/fin/nafin/pdf/public_p/06/02/343f-pp12-r5.pdf,warp_crawler,hokubu_kaikei,北部方面会計隊,陸上自衛隊,2023,2023,8
https://www.mod.go.jp/gsdf/nae/fin/nafin/pdf/public_p/06/02/horobetu-pp1-r5.pdf,warp_crawler,hokubu_kaikei,北部方面会計隊,陸上自衛隊,2023,2023,1
https://www.mod.go.jp/gsdf/nae/fin/nafin/pdf/public_p/06/02/minamieniwa-pp1-r5.pdf,warp_crawler,hokubu_kaikei,北部方面会計隊,陸上自衛隊,2023,2023,2
https://www.mod.go.jp/gsdf/nae/fin/nafin/pdf/public_p/06/02/pp1-377-r5.pdf,warp_crawler,hokubu_kaikei,北部方面会計隊,陸上自衛隊,2023,2023,1
https://www.mod.go.jp/gsdf/nae/fin/nafin/pdf/public_p/06/02/pp1-shikaoi-r5.pdf,warp_crawler,hokubu_kaikei,北部方面会計隊,陸上自衛隊,2023,2023,1
https://www.mod.go.jp/gsdf/nae/fin/nafin/pdf/public_p/06/02/pp2-shikaoi-r5.pdf,warp_crawler,hokubu_kaikei,北部方面会計隊,陸上自衛隊,2023,2023,7
https://www.mod.go.jp/gsdf/nae/fin/nafin/pdf/public_p/06/03/344f-pp1-r5.pdf,warp_crawler,hokubu_kaikei,北部方面会計隊,陸上自衛隊,2023,2023,3
https://www.mod.go.jp/gsdf/nae/fin/nafin/pdf/public_p/06/03/bibai-pp1-r5.pdf,warp_crawler,hokubu_kaikei,北部方面会計隊,陸上自衛隊,2023,2023,2
https://www.mod.go.jp/gsdf/nae/fin/nafin/pdf/public_p/06/03/bibai-pp2-r5.pdf,warp_crawler,hokubu_kaikei,北部方面会計隊,陸上自衛隊,2023,2023,2
https://www.mod.go.jp/gsdf/nae/fin/nafin/pdf/public_p/06/03/horobetu-pp2-r5.pdf,warp_crawler,hokubu_kaikei,北部方面会計隊,陸上自衛隊,2023,2023,5
https://www.mod.go.jp/gsdf/nae/fin/nafin/pdf/public_p/06/03/minamieniwa-pp2-r5.pdf,warp_crawler,hokubu_kaikei,北部方面会計隊,陸上自衛隊,2023,2023,13
https://www.mod.go.jp/gsdf/nae/fin/nafin/pdf/public_p/06/03/pp2-110-r5.pdf,warp_crawler,hokubu_kaikei,北部方面会計隊,陸上自衛隊,2023,2023,19
https://www.mod.go.jp/gsdf/nae/fin/nafin/pdf/public_p/06/03/pp2-374-r5.pdf,warp_crawler,hokubu_kaikei,北部方面会計隊,陸上自衛隊,2023,2023,15
https://www.mod.go.jp/gsdf/nae/fin/nafin/pdf/public_p/06/03/pp2-bekkai-r5.pdf,warp_crawler,hokubu_kaikei,北部方面会計隊,陸上自衛隊,2023,2023,8
https://www.mod.go.jp/gsdf/nae/fin/nafin/pdf/public_p/06/03/sikaoi-pp3-r5.pdf,warp_crawler,hokubu_kaikei,北部方面会計隊,陸上自衛隊,2023,2023,2
https://www.mod.go.jp/gsdf/nae/fin/nafin/pdf/public_p/06/03/sizunai-pp12-r5.pdf,warp_crawler,hokubu_kaikei,北部方面会計隊,陸上自衛隊,2023,2023,2
https://www.mod.go.jp/gsdf/nae/fin/nafin/pdf/public_p/06/04/110-pp3-r5.pdf,warp_crawler,hokubu_kaikei,北部方面会計隊,陸上自衛隊,2023,2023,14
https://www.mod.go.jp/gsdf/nae/fin/nafin/pdf/public_p/06/04/344f-pp2-r5.pdf,warp_crawler,hokubu_kaikei,北部方面会計隊,陸上自衛隊,2023,2023,12
https://www.mod.go.jp/gsdf/nae/fin/nafin/pdf/public_p/06/04/344f-pp3-r5.pdf,warp_crawler,hokubu_kaikei,北部方面会計隊,陸上自衛隊,2023,2023,9
https://www.mod.go.jp/gsdf/nae/fin/nafin/pdf/public_p/06/04/376f-pp1-r5.pdf,warp_crawler,hokubu_kaikei,北部方面会計隊,陸上自衛隊,2023,2023,2
https://www.mod.go.jp/gsdf/nae/fin/nafin/pdf/public_p/06/04/377f-pp2-r5.pdf,warp_crawler,hokubu_kaikei,北部方面会計隊,陸上自衛隊,2023,2023,8
https://www.mod.go.jp/gsdf/nae/fin/nafin/pdf/public_p/06/04/bekkai-pp3-r5.pdf,warp_crawler,hokubu_kaikei,北部方面会計隊,陸上自衛隊,2023,2023,3
https://www.mod.go.jp/gsdf/nae/fin/nafin/pdf/public_p/06/04/horobetu-pp3-r5.pdf,warp_crawler,hokubu_kaikei,北部方面会計隊,陸上自衛隊,2023,2023,4
https://www.mod.go.jp/gsdf/nae/fin/nafin/pdf/public_p/06/04/kitaeniwa-pp1-r5.pdf,warp_crawler,hokubu_kaikei,北部方面会計隊,陸上自衛隊,2023,2023,5
https://www.mod.go.jp/gsdf/nae/fin/nafin/pdf/public_p/06/04/kitaeniwa-pp2-r5.pdf,warp_crawler,hokubu_kaikei,北部方面会計隊,陸上自衛隊,2023,2023,9
https://www.mod.go.jp/gsdf/nae/fin/nafin/pdf/public_p/06/04/kitaeniwa-pp3-r5.pdf,warp_crawler,hokubu_kaikei,北部方面会計隊,陸上自衛隊,2023,2023,7
https://www.mod.go.jp/gsdf/nae/fin/nafin/pdf/public_p/06/04/minamieniwa-pp4-r6.pdf,pdf,hokubu_kaikei,北部方面会計隊,陸上自衛隊,2024,2024,11
https://www.mod.go.jp/gsdf/nae/fin/nafin/pdf/public_p/06/04/pp3-minamieniwa-r52.pdf,warp_crawler,hokubu_kaikei,北部方面会計隊,陸上自衛隊,2023,2023,10
https://www.mod.go.jp/gsdf/nae/fin/nafin/pdf/public_p/06/04/sizunai-pp3-r5.pdf,warp_crawler,hokubu_kaikei,北部方面会計隊,陸上自衛隊,2023,2023,5
https://www.mod.go.jp/gsdf/nae/fin/nafin/pdf/public_p/06/05/110-pp4-r6.pdf,pdf,hokubu_kaikei,北部方面会計隊,陸上自衛隊,2024,2024,6
https://www.mod.go.jp/gsdf/nae/fin/nafin/pdf/public_p/06/05/324f-pp1-r5.pdf,warp_crawler,hokubu_kaikei,北部方面会計隊,陸上自衛隊,2023,2023,19
https://www.mod.go.jp/gsdf/nae/fin/nafin/pdf/public_p/06/05/377f-pp4-r6.pdf,pdf,hokubu_kaikei,北部方面会計隊,陸上自衛隊,2024,2024,10
https://www.mod.go.jp/gsdf/nae/fin/nafin/pdf/public_p/06/05/377f-pp5-r6.pdf,pdf,hokubu_kaikei,北部方面会計隊,陸上自衛隊,2024,2024,1
https://www.mod.go.jp/gsdf/nae/fin/nafin/pdf/public_p/06/05/pp5-horobetu-r6.pdf,pdf,hokubu_kaikei,北部方面会計隊,陸上自衛隊,2024,2024,2
https://www.mod.go.jp/gsdf/nae/fin/nafin/pdf/public_p/06/06/110-pp5-r6.pdf,pdf,hokubu_kaikei,北部方面会計隊,陸上自衛隊,2024,2024,3
https://www.mod.go.jp/gsdf/nae/fin/nafin/pdf/public_p/06/06/342-pp5-r6.pdf,pdf,hokubu_kaikei,北部方面会計隊,陸上自衛隊,2024,2024,7
https://www.mod.go.jp/gsdf/nae/fin/nafin/pdf/public_p/06/06/pp4-376-r6.pdf,pdf,hokubu_kaikei,北部方面会計隊,陸上自衛隊,2024,2024,4
https://www.mod.go.jp/gsdf/nae/fin/nafin/pdf/public_p/06/06/pp5-376-r6.pdf,pdf,hokubu_kaikei,北部方面会計隊,陸上自衛隊,2024,2024,2
https://www.mod.go.jp/gsdf/nae/fin/nafin/pdf/public_p/06/06/pp5-minamieniwa-r6.pdf,pdf,hokubu_kaikei,北部方面会計隊,陸上自衛隊,2024,2024,3
https://www.mod.go.jp/gsdf/nae/fin/nafin/pdf/public_p/06/06/pp6-bekkai-r6.pdf,pdf,hokubu_kaikei,北部方面会計隊,陸上自衛隊,2024,2024,3
https://www.mod.go.jp/gsdf/nae/fin/nafin/pdf/public_p/06/06/pp6-minamieniwa-r6.pdf,pdf,hokubu_kaikei,北部方面会計隊,陸上自衛隊,2024,2024,5
https://www.mod.go.jp/gsdf/nae/fin/nafin/pdf/public_p/06/06/sikaoi-pp4-r6.pdf,pdf,hokubu_kaikei,北部方面会計隊,陸上自衛隊,2024,2024,5
https://www.mod.go.jp/gsdf/nae/fin/nafin/pdf/public_p/06/07/342f-pp6-r6.pdf,pdf,hokubu_kaikei,北部方面会計隊,陸上自衛隊,2024,2024,2
https://www.mod.go.jp/gsdf/nae/fin/nafin/pdf/public_p/06/07/344f-pp5-r6.pdf,pdf,hokubu_kaikei,北部方面会計隊,陸上自衛隊,2024,2024,1
https://www.mod.go.jp/gsdf/nae/fin/nafin/pdf/public_p/06/07/344f-pp6-r6.pdf,pdf,hokubu_kaikei,北部方面会計隊,陸上自衛隊,2024,2024,1
https://www.mod.go.jp/gsdf/nae/fin/nafin/pdf/public_p/06/07/344f-pp7-r6.pdf,pdf,hokubu_kaikei,北部方面会計隊,陸上自衛隊,2024,2024,4
https://www.mod.go.jp/gsdf/nae/fin/nafin/pdf/public_p/06/07/345f-pp4-r6.pdf,pdf,hokubu_kaikei,北部方面会計隊,陸上自衛隊,2024,2024,7
https://www.mod.go.jp/gsdf/nae/fin/nafin/pdf/public_p/06/07/horobetu-pp6-r6.pdf,pdf,hokubu_kaikei,北部方面会計隊,陸上自衛隊,2024,2024,2
https://www.mod.go.jp/gsdf/nae/fin/nafin/pdf/public_p/06/07/kuttyan-pp4-r6.pdf,pdf,hokubu_kaikei,北部方面会計隊,陸上自衛隊,2024,2024,4
https://www.mod.go.jp/gsdf/nae/fin/nafin/pdf/public_p/06/07/minamieniwa-pp7-r6.pdf,pdf,hokubu_kaikei,北部方面会計隊,陸上自衛隊,2024,2024,5
https://www.mod.go.jp/gsdf/nae/fin/nafin/pdf/public_p/06/07/sikaoi-pp5-r6.pdf,pdf,hokubu_kaikei,北部方面会計隊,陸上自衛隊,2024,2024,1
https://www.mod.go.jp/gsdf/nae/fin/nafin/pdf/public_p/06/08/324f-pp3-r5.pdf,warp_crawler,hokubu_kaikei,北部方面会計隊,陸上自衛隊,2023,2023,34
https://www.mod.go.jp/gsdf/nae/fin/nafin/pdf/public_p/06/08/324f-pp5-r6.pdf,pdf,hokubu_kaikei,北部方面会計隊,陸上自衛隊,2024,2024,10
https://www.mod.go.jp/gsdf/nae/fin/nafin/pdf/public_p/06/08/324f-pp6-r6.pdf,pdf,hokubu_kaikei,北部方面会計隊,陸上自衛隊,2024,2024,11
https://www.mod.go.jp/gsdf/nae/fin/nafin/pdf/public_p/06/08/pp-8-minamieniwa.pdf,pdf,hokubu_kaikei,北部方面会計隊,陸上自衛隊,2024,2024,1
https://www.mod.go.jp/gsdf/nae/fin/nafin/pdf/public_p/06/09/110-pp6-r6.pdf,pdf,hokubu_kaikei,北部方面会計隊,陸上自衛隊,2024,2024,1
https://www.mod.go.jp/gsdf/nae/fin/nafin/pdf/public_p/06/09/110-pp7-r6.pdf,pdf,hokubu_kaikei,北部方面会計隊,陸上自衛隊,2024,2024,4
https://www.mod.go.jp/gsdf/nae/fin/nafin/pdf/public_p/06/09/110-pp8-r6.pdf,pdf,hokubu_kaikei,北部方面会計隊,陸上自衛隊,2024,2024,4
https://www.mod.go.jp/gsdf/nae/fin/nafin/pdf/public_p/06/09/324f-pp7-r6.pdf,pdf,hokubu_kaikei,北部方面会計隊,陸上自衛隊,2024,2024,8
https://www.mod.go.jp/gsdf/nae/fin/nafin/pdf/public_p/06/09/324f-pp8-r6.pdf,pdf,hokubu_kaikei,北部方面会計隊,陸上自衛隊,2024,2024,4
https://www.mod.go.jp/gsdf/nae/fin/nafin/pdf/public_p/06/09/332f-pp5-r6.pdf,pdf,hokubu_kaikei,北部方面会計隊,陸上自衛隊,2024,2024,1
https://www.mod.go.jp/gsdf/nae/fin/nafin/pdf/public_p/06/09/332f-pp6-r6.pdf,pdf,hokubu_kaikei,北部方面会計隊,陸上自衛隊,2024,2024,1
https://www.mod.go.jp/gsdf/nae/fin/nafin/pdf/public_p/06/09/332f-pp7-r6.pdf,pdf,hokubu_kaikei,北部方面会計隊,陸上自衛隊,2024,2024,3
https://www.mod.go.jp/gsdf/nae/fin/nafin/pdf/public_p/06/09/342f-pp7-r6.pdf,pdf,hokubu_kaikei,北部方面会計隊,陸上自衛隊,2024,2024,2
https://www.mod.go.jp/gsdf/nae/fin/nafin/pdf/public_p/06/09/342f-pp8-r6.pdf,pdf,hokubu_kaikei,北部方面会計隊,陸上自衛隊,2024,2024,1
https://www.mod.go.jp/gsdf/nae/fin/nafin/pdf/public_p/06/09/346f-pp2-r5.pdf,warp_crawler,hokubu_kaikei,北部方面会計隊,陸上自衛隊,2023,2023,9
https://www.mod.go.jp/gsdf/nae/fin/nafin/pdf/public_p/06/09/346f-pp3-r5.pdf,warp_crawler,hokubu_kaikei,北部方面会計隊,陸上自衛隊,2023,2023,4
https://www.mod.go.jp/gsdf/nae/fin/nafin/pdf/public_p/06/09/374f-pp3-r5.pdf,warp_crawler,hokubu_kaikei,北部方面会計隊,陸上自衛隊,2023,2023,10
https://www.mod.go.jp/gsdf/nae/fin/nafin/pdf/public_p/06/09/374f-pp4-r6.pdf,pdf,hokubu_kaikei,北部方面会計隊,陸上自衛隊,2024,2024,7
https://www.mod.go.jp/gsdf/nae/fin/nafin/pdf/public_p/06/09/374f-pp6-r6.pdf,pdf,hokubu_kaikei,北部方面会計隊,陸上自衛隊,2024,2024,6
https://www.mod.go.jp/gsdf/nae/fin/nafin/pdf/public_p/06/09/374f-pp7-r6.pdf,pdf,hokubu_kaikei,北部方面会計隊,陸上自衛隊,2024,2024,8
https://www.mod.go.jp/gsdf/nae/fin/nafin/pdf/public_p/06/09/374f-pp8-r6.pdf,pdf,hokubu_kaikei,北部方面会計隊,陸上自衛隊,2024,2024,6
https://www.mod.go.jp/gsdf/nae/fin/nafin/pdf/public_p/06/09/376f-pp6-r6.pdf,pdf,hokubu_kaikei,北部方面会計隊,陸上自衛隊,2024,2024,3
https://www.mod.go.jp/gsdf/nae/fin/nafin/pdf/public_p/06/09/376f-pp7-r6.pdf,pdf,hokubu_kaikei,北部方面会計隊,陸上自衛隊,2024,2024,2
https://www.mod.go.jp/gsdf/nae/fin/nafin/pdf/public_p/06/09/377f-pp6-r6.pdf,pdf,hokubu_kaikei,北部方面会計隊,陸上自衛隊,2024,2024,1
https://www.mod.go.jp/gsdf/nae/fin/nafin/pdf/public_p/06/09/377f-pp8-r6.pdf,pdf,hokubu_kaikei,北部方面会計隊,陸上自衛隊,2024,2024,2
https://www.mod.go.jp/gsdf/nae/fin/nafin/pdf/public_p/06/09/horobetu-pp4-r5.pdf,warp_crawler,hokubu_kaikei,北部方面会計隊,陸上自衛隊,2023,2023,3
https://www.mod.go.jp/gsdf/nae/fin/nafin/pdf/public_p/06/09/horobetu-pp4-r6.pdf,pdf,hokubu_kaikei,北部方面会計隊,陸上自衛隊,2024,2024,5
https://www.mod.go.jp/gsdf/nae/fin/nafin/pdf/public_p/06/09/horobetu-pp7-r6.pdf,pdf,hokubu_kaikei,北部方面会計隊,陸上自衛隊,2024,2024,1
https://www.mod.go.jp/gsdf/nae/fin/nafin/pdf/public_p/06/09/horobetu-pp8-r6.pdf,pdf,hokubu_kaikei,北部方面会計隊,陸上自衛隊,2024,2024,3
https://www.mod.go.jp/gsdf/nae/fin/nafin/pdf/public_p/06/09/kitaeniwa-pp5-r6.pdf,pdf,hokubu_kaikei,北部方面会計隊,陸上自衛隊,2024,2024,2
https://www.mod.go.jp/gsdf/nae/fin/nafin/pdf/public_p/06/09/kitaeniwa-pp6-r6.pdf,pdf,hokubu_kaikei,北部方面会計隊,陸上自衛隊,2024,2024,3
https://www.mod.go.jp/gsdf/nae/fin/nafin/pdf/public_p/06/09/kitaeniwa-pp7-r6.pdf,pdf,hokubu_kaikei,北部方面会計隊,陸上自衛隊,2024,2024,2
https://www.mod.go.jp/gsdf/nae/fin/nafin/pdf/public_p/06/09/kuttyan-pp8-r6.pdf,pdf,hokubu_kaikei,北部方面会計隊,陸上自衛隊,2024,2024,1
https://www.mod.go.jp/gsdf/nae/fin/nafin/pdf/public_p/06/09/minamieniwa-pp9-r6.pdf,pdf,hokubu_kaikei,北部方面会計隊,陸上自衛隊,2024,2024,4
https://www.mod.go.jp/gsdf/nae/fin/nafin/pdf/public_p/06/09/pp3-bibai-r6.pdf,warp_crawler,hokubu_kaikei,北部方面会計隊,陸上自衛隊,2023,2023,1
https://www.mod.go.jp/gsdf/nae/fin/nafin/pdf/public_p/06/09/pp6-bibai-r6.pdf,pdf,hokubu_kaikei,北部方面会計隊,陸上自衛隊,2024,2024,1
https://www.mod.go.jp/gsdf/nae/fin/nafin/pdf/public_p/06/09/pp7-bibai-r6.pdf,pdf,hokubu_kaikei,北部方面会計隊,陸上自衛隊,2024,2024,2
https://www.mod.go.jp/gsdf/nae/fin/nafin/pdf/public_p/06/09/pp8-325-r6.pdf,pdf,hokubu_kaikei,北部方面会計隊,陸上自衛隊,2024,2024,6
https://www.mod.go.jp/gsdf/nae/fin/nafin/pdf/public_p/06/09/pp8-bibai-r6.pdf,pdf,hokubu_kaikei,北部方面会計隊,陸上自衛隊,2024,2024,2
https://www.mod.go.jp/gsdf/nae/fin/nafin/pdf/public_p/06/09/sikaoi-pp7-r6.pdf,pdf,hokubu_kaikei,北部方面会計隊,陸上自衛隊,2024,2024,2
https://www.mod.go.jp/gsdf/nae/fin/nafin/pdf/public_p/06/09/sikaoi-pp8-r6.pdf,pdf,hokubu_kaikei,北部方面会計隊,陸上自衛隊,2024,2024,2
https://www.mod.go.jp/gsdf/nae/fin/nafin/pdf/public_p/06/09/wakkanai-pp5-r6.pdf,pdf,hokubu_kaikei,北部方面会計隊,陸上自衛隊,2024,2024,1
https://www.mod.go.jp/gsdf/nae/fin/nafin/pdf/public_p/06/09/wakkanai-pp6-r6.pdf,pdf,hokubu_kaikei,北部方面会計隊,陸上自衛隊,2024,2024,1
https://www.mod.go.jp/gsdf/nae/fin/nafin/pdf/public_p/06/10/100-pp11-r5.pdf,warp_crawler,hokubu_kaikei,北部方面会計隊,陸上自衛隊,2023,2023,1
https://www.mod.go.jp/gsdf/nae/fin/nafin/pdf/public_p/06/10/100-pp4-r5.pdf,warp_crawler,hokubu_kaikei,北部方面会計隊,陸上自衛隊,2023,2023,11
https://www.mod.go.jp/gsdf/nae/fin/nafin/pdf/public_p/06/10/100-pp4-r6.pdf,pdf,hokubu_kaikei,北部方面会計隊,陸上自衛隊,2023,2024,9
https://www.mod.go.jp/gsdf/nae/fin/nafin/pdf/public_p/06/10/100-pp5-r5.pdf,warp_crawler,hokubu_kaikei,北部方面会計隊,陸上自衛隊,2023,2023,1
https://www.mod.go.jp/gsdf/nae/fin/nafin/pdf/public_p/06/10/100-pp5-r6.pdf,pdf,hokubu_kaikei,北部方面会計隊,陸上自衛隊,2024,2024,1
https://www.mod.go.jp/gsdf/nae/fin/nafin/pdf/public_p/06/10/100-pp7-r6.pdf,pdf,hokubu_kaikei,北部方面会計隊,陸上自衛隊,2024,2024,1
https://www.mod.go.jp/gsdf/nae/fin/nafin/pdf/public_p/06/10/100-pp8-r6.pdf,pdf,hokubu_kaikei,北部方面会計隊,陸上自衛隊,2024,2024,1
https://www.mod.go.jp/gsdf/nae/fin/nafin/pdf/public_p/06/10/100-pp9-r5.pdf,warp_crawler,hokubu_kaikei,北部方面会計隊,陸上自衛隊,2023,2023,5
https://www.mod.go.jp/gsdf/nae/fin/nafin/pdf/public_p/06/10/100-pp9-r6.pdf,pdf,hokubu_kaikei,北部方面会計隊,陸上自衛隊,2024,2024,2
https://www.mod.go.jp/gsdf/nae/fin/nafin/pdf/public_p/06/10/110-pp9-r6.pdf,pdf,hokubu_kaikei,北部方面会計隊,陸上自衛隊,2024,2024,2
https://www.mod.go.jp/gsdf/nae/fin/nafin/pdf/public_p/06/10/324f-pp10-r6.pdf,pdf,hokubu_kaikei,北部方面会計隊,陸上自衛隊,2024,2024,14
https://www.mod.go.jp/gsdf/nae/fin/nafin/pdf/public_p/06/10/324f-pp9-r6.pdf,pdf,hokubu_kaikei,北部方面会計隊,陸上自衛隊,2024,2024,14
https://www.mod.go.jp/gsdf/nae/fin/nafin/pdf/public_p/06/10/325f-pp5-r6.pdf,pdf,hokubu_kaikei,北部方面会計隊,陸上自衛隊,2024,2024,7
https://www.mod.go.jp/gsdf/nae/fin/nafin/pdf/public_p/06/10/325f-pp6-r6.pdf,pdf,hokubu_kaikei,北部方面会計隊,陸上自衛隊,2024,2024,5
https://www.mod.go.jp/gsdf/nae/fin/nafin/pdf/public_p/06/10/325f-pp9-r6.pdf,pdf,hokubu_kaikei,北部方面会計隊,陸上自衛隊,2024,2024,16
https://www.mod.go.jp/gsdf/nae/fin/nafin/pdf/public_p/06/10/332f-pp4-r6.pdf,pdf,hokubu_kaikei,北部方面会計隊,陸上自衛隊,2024,2024,8
https://www.mod.go.jp/gsdf/nae/fin/nafin/pdf/public_p/06/10/332f-pp9-r6.pdf,pdf,hokubu_kaikei,北部方面会計隊,陸上自衛隊,2024,2024,2
https://www.mod.go.jp/gsdf/nae/fin/nafin/pdf/public_p/06/10/342f-pp12-r5.pdf,warp_crawler,hokubu_kaikei,北部方面会計隊,陸上自衛隊,2023,2023,3
https://www.mod.go.jp/gsdf/nae/fin/nafin/pdf/public_p/06/10/342f-pp2-r5.pdf,warp_crawler,hokubu_kaikei,北部方面会計隊,陸上自衛隊,2023,2023,12
https://www.mod.go.jp/gsdf/nae/fin/nafin/pdf/public_p/06/10/342f-pp3-r5.pdf,warp_crawler,hokubu_kaikei,北部方面会計隊,陸上自衛隊,2023,2023,8
https://www.mod.go.jp/gsdf/nae/fin/nafin/pdf/public_p/06/10/342f-pp4-r5.pdf,warp_crawler,hokubu_kaikei,北部方面会計隊,陸上自衛隊,2023,2023,10
https://www.mod.go.jp/gsdf/nae/fin/nafin/pdf/public_p/06/10/342f-pp4-r6.pdf,pdf,hokubu_kaikei,北部方面会計隊,陸上自衛隊,2023,2024,13
https://www.mod.go.jp/gsdf/nae/fin/nafin/pdf/public_p/06/10/342f-pp7-r5.pdf,warp_crawler,hokubu_kaikei,北部方面会計隊,陸上自衛隊,2023,2023,5
https://www.mod.go.jp/gsdf/nae/fin/nafin/pdf/public_p/06/10/342f-pp9-r6.pdf,pdf,hokubu_kaikei,北部方面会計隊,陸上自衛隊,2024,2024,5
https://www.mod.go.jp/gsdf/nae/fin/nafin/pdf/public_p/06/10/345f-pp8-r6.pdf,pdf,hokubu_kaikei,北部方面会計隊,陸上自衛隊,2024,2024,2
https://www.mod.go.jp/gsdf/nae/fin/nafin/pdf/public_p/06/10/345f-pp9-r6.pdf,pdf,hokubu_kaikei,北部方面会計隊,陸上自衛隊,2024,2024,2
https://www.mod.go.jp/gsdf/nae/fin/nafin/pdf/public_p/06/10/346f-pp4-r5.pdf,warp_crawler,hokubu_kaikei,北部方面会計隊,陸上自衛隊,2023,2023,3
https://www.mod.go.jp/gsdf/nae/fin/nafin/pdf/public_p/06/10/376-pp4-r5.pdf,warp_crawler,hokubu_kaikei,北部方面会計隊,陸上自衛隊,2023,2023,4
https://www.mod.go.jp/gsdf/nae/fin/nafin/pdf/public_p/06/10/376f-pp12-r5.pdf,warp_crawler,hokubu_kaikei,北部方面会計隊,陸上自衛隊,2023,2023,1
https://www.mod.go.jp/gsdf/nae/fin/nafin/pdf/public_p/06/10/376f-pp5-r5.pdf,warp_crawler,hokubu_kaikei,北部方面会計隊,陸上自衛隊,2023,2023,4
https://www.mod.go.jp/gsdf/nae/fin/nafin/pdf/public_p/06/10/376f-pp6-r5.pdf,warp_crawler,hokubu_kaikei,北部方面会計隊,陸上自衛隊,2023,2023,2
https://www.mod.go.jp/gsdf/nae/fin/nafin/pdf/public_p/06/10/376f-pp7-r5.pdf,warp_crawler,hokubu_kaikei,北部方面会計隊,陸上自衛隊,2023,2023,2
https://www.mod.go.jp/gsdf/nae/fin/nafin/pdf/public_p/06/10/376f-pp9-r5.pdf,warp_crawler,hokubu_kaikei,北部方面会計隊,陸上自衛隊,2023,2023,3
https://www.mod.go.jp/gsdf/nae/fin/nafin/pdf/public_p/06/10/376f-pp9-r6.pdf,pdf,hokubu_kaikei,北部方面会計隊,陸上自衛隊,2024,2024,1
https://www.mod.go.jp/gsdf/nae/fin/nafin/pdf/public_p/06/10/bekkai-pp1-r5.pdf,warp_crawler,hokubu_kaikei,北部方面会計隊,陸上自衛隊,2023,2023,3
https://www.mod.go.jp/gsdf/nae/fin/nafin/pdf/public_p/06/10/bekkai-pp4-r5.pdf,warp_crawler,hokubu_kaikei,北部方面会計隊,陸上自衛隊,2023,2023,9
https://www.mod.go.jp/gsdf/nae/fin/nafin/pdf/public_p/06/10/bekkai-pp5-r6.pdf,pdf,hokubu_kaikei,北部方面会計隊,陸上自衛隊,2024,2024,1
https://www.mod.go.jp/gsdf/nae/fin/nafin/pdf/public_p/06/10/bekkai-pp7-r6.pdf,pdf,hokubu_kaikei,北部方面会計隊,陸上自衛隊,2024,2024,1
https://www.mod.go.jp/gsdf/nae/fin/nafin/pdf/public_p/06/10/bekkai-pp9-r6.pdf,pdf,hokubu_kaikei,北部方面会計隊,陸上自衛隊,2024,2024,1
https://www.mod.go.jp/gsdf/nae/fin/nafin/pdf/public_p/06/10/bibai-pp9-r6.pdf,pdf,hokubu_kaikei,北部方面会計隊,陸上自衛隊,2024,2024,1
https://www.mod.go.jp/gsdf/nae/fin/nafin/pdf/public_p/06/10/horobetu-pp10-r6.pdf,pdf,hokubu_kaikei,北部方面会計隊,陸上自衛隊,2024,2024,1
https://www.mod.go.jp/gsdf/nae/fin/nafin/pdf/public_p/06/10/horobetu-pp9-r6.pdf,pdf,hokubu_kaikei,北部方面会計隊,陸上自衛隊,2024,2024,4
https://www.mod.go.jp/gsdf/nae/fin/nafin/pdf/public_p/06/10/iwamizawa-pp5-r6.pdf,pdf,hokubu_kaikei,北部方面会計隊,陸上自衛隊,2024,2024,1
https://www.mod.go.jp/gsdf/nae/fin/nafin/pdf/public_p/06/10/iwamizawa-pp7-r6.pdf,pdf,hokubu_kaikei,北部方面会計隊,陸上自衛隊,2024,2024,2
https://www.mod.go.jp/gsdf/nae/fin/nafin/pdf/public_p/06/10/iwamizawa-pp9-r6.pdf,pdf,hokubu_kaikei,北部方面会計隊,陸上自衛隊,2024,2024,1
https://www.mod.go.jp/gsdf/nae/fin/nafin/pdf/public_p/06/10/pp1-325-r5.pdf,warp_crawler,hokubu_kaikei,北部方面会計隊,陸上自衛隊,2023,2023,11
https://www.mod.go.jp/gsdf/nae/fin/nafin/pdf/public_p/06/10/pp1-shizunai-r5.pdf,warp_crawler,hokubu_kaikei,北部方面会計隊,陸上自衛隊,2023,2023,5
https://www.mod.go.jp/gsdf/nae/fin/nafin/pdf/public_p/06/10/pp10-325-r5.pdf,warp_crawler,hokubu_kaikei,北部方面会計隊,陸上自衛隊,2023,2023,7
https://www.mod.go.jp/gsdf/nae/fin/nafin/pdf/public_p/06/10/pp11-325-r5.pdf,warp_crawler,hokubu_kaikei,北部方面会計隊,陸上自衛隊,2023,2023,6
https://www.mod.go.jp/gsdf/nae/fin/nafin/pdf/public_p/06/10/pp11-shizunai-r5.pdf,warp_crawler,hokubu_kaikei,北部方面会計隊,陸上自衛隊,2023,2023,4
https://www.mod.go.jp/gsdf/nae/fin/nafin/pdf/public_p/06/10/pp12-324-r5.pdf,warp_crawler,hokubu_kaikei,北部方面会計隊,陸上自衛隊,2023,2023,13
https://www.mod.go.jp/gsdf/nae/fin/nafin/pdf/public_p/06/10/pp12-325-r5.pdf,warp_crawler,hokubu_kaikei,北部方面会計隊,陸上自衛隊,2023,2023,14
https://www.mod.go.jp/gsdf/nae/fin/nafin/pdf/public_p/06/10/pp2-324-r5.pdf,warp_crawler,hokubu_kaikei,北部方面会計隊,陸上自衛隊,2023,2023,54
https://www.mod.go.jp/gsdf/nae/fin/nafin/pdf/public_p/06/10/pp2-325-r5.pdf,warp_crawler,hokubu_kaikei,北部方面会計隊,陸上自衛隊,2023,2023,37
https://www.mod.go.jp/gsdf/nae/fin/nafin/pdf/public_p/06/10/pp2-shizunai-r5.pdf,warp_crawler,hokubu_kaikei,北部方面会計隊,陸上自衛隊,2023,2023,10
https://www.mod.go.jp/gsdf/nae/fin/nafin/pdf/public_p/06/10/pp3-325-r5.pdf,warp_crawler,hokubu_kaikei,北部方面会計隊,陸上自衛隊,2023,2023,5
https://www.mod.go.jp/gsdf/nae/fin/nafin/pdf/public_p/06/10/pp4-324-r5.pdf,warp_crawler,hokubu_kaikei,北部方面会計隊,陸上自衛隊,2023,2023,15
https://www.mod.go.jp/gsdf/nae/fin/nafin/pdf/public_p/06/10/pp4-324-r6.pdf,pdf,hokubu_kaikei,北部方面会計隊,陸上自衛隊,2024,2024,18
https://www.mod.go.jp/gsdf/nae/fin/nafin/pdf/public_p/06/10/pp4-325-r5.pdf,warp_crawler,hokubu_kaikei,北部方面会計隊,陸上自衛隊,2023,2023,10
https://www.mod.go.jp/gsdf/nae/fin/nafin/pdf/public_p/06/10/pp4-325-r6.pdf,pdf,hokubu_kaikei,北部方面会計隊,陸上自衛隊,2024,2024,13
https://www.mod.go.jp/gsdf/nae/fin/nafin/pdf/public_p/06/10/pp4-346-r6.pdf,pdf,hokubu_kaikei,北部方面会計隊,陸上自衛隊,2024,2024,3
https://www.mod.go.jp/gsdf/nae/fin/nafin/pdf/public_p/06/10/pp4-kitaeniwa-r5.pdf,warp_crawler,hokubu_kaikei,北部方面会計隊,陸上自衛隊,2023,2023,6
https://www.mod.go.jp/gsdf/nae/fin/nafin/pdf/public_p/06/10/pp4-kitaeniwa-r6.pdf,pdf,hokubu_kaikei,北部方面会計隊,陸上自衛隊,2024,2024,9
https://www.mod.go.jp/gsdf/nae/fin/nafin/pdf/public_p/06/10/pp4-minamieniwa-r5.pdf,warp_crawler,hokubu_kaikei,北部方面会計隊,陸上自衛隊,2023,2023,8
https://www.mod.go.jp/gsdf/nae/fin/nafin/pdf/public_p/06/10/pp4-shizunai-r5.pdf,warp_crawler,hokubu_kaikei,北部方面会計隊,陸上自衛隊,2023,2023,10
https://www.mod.go.jp/gsdf/nae/fin/nafin/pdf/public_p/06/10/pp5-325-r5.pdf,warp_crawler,hokubu_kaikei,北部方面会計隊,陸上自衛隊,2023,2023,12
https://www.mod.go.jp/gsdf/nae/fin/nafin/pdf/public_p/06/10/pp5-346-r6.pdf,pdf,hokubu_kaikei,北部方面会計隊,陸上自衛隊,2024,2024,2
https://www.mod.go.jp/gsdf/nae/fin/nafin/pdf/public_p/06/10/pp6-325-r5.pdf,warp_crawler,hokubu_kaikei,北部方面会計隊,陸上自衛隊,2023,2023,5
https://www.mod.go.jp/gsdf/nae/fin/nafin/pdf/public_p/06/10/pp6-minamieniwa-r5.pdf,warp_crawler,hokubu_kaikei,北部方面会計隊,陸上自衛隊,2023,2023,2
https://www.mod.go.jp/gsdf/nae/fin/nafin/pdf/public_p/06/10/pp6-shizunai-r5.pdf,warp_crawler,hokubu_kaikei,北部方面会計隊,陸上自衛隊,2023,2023,2
https://www.mod.go.jp/gsdf/nae/fin/nafin/pdf/public_p/06/10/pp7-324-r5.pdf,warp_crawler,hokubu_kaikei,北部方面会計隊,陸上自衛隊,2023,2023,10
https://www.mod.go.jp/gsdf/nae/fin/nafin/pdf/public_p/06/10/pp7-325-r5.pdf,warp_crawler,hokubu_kaikei,北部方面会計隊,陸上自衛隊,2023,2023,6
https://www.mod.go.jp/gsdf/nae/fin/nafin/pdf/public_p/06/10/pp7-325-r6.pdf,pdf,hokubu_kaikei,北部方面会計隊,陸上自衛隊,2024,2024,9
https://www.mod.go.jp/gsdf/nae/fin/nafin/pdf/public_p/06/10/pp7-346-r6.pdf,pdf,hokubu_kaikei,北部方面会計隊,陸上自衛隊,2024,2024,1
https://www.mod.go.jp/gsdf/nae/fin/nafin/pdf/public_p/06/10/pp8-325-r5.pdf,warp_crawler,hokubu_kaikei,北部方面会計隊,陸上自衛隊,2023,2023,8
https://www.mod.go.jp/gsdf/nae/fin/nafin/pdf/public_p/06/10/pp8-bekkai-r5.pdf,warp_crawler,hokubu_kaikei,北部方面会計隊,陸上自衛隊,2023,2023,2
https://www.mod.go.jp/gsdf/nae/fin/nafin/pdf/public_p/06/10/pp8-kitaeniwa-r6.pdf,pdf,hokubu_kaikei,北部方面会計隊,陸上自衛隊,2024,2024,2
https://www.mod.go.jp/gsdf/nae/fin/nafin/pdf/public_p/06/10/pp9-325-r5.pdf,warp_crawler,hokubu_kaikei,北部方面会計隊,陸上自衛隊,2023,2023,8
https://www.mod.go.jp/gsdf/nae/fin/nafin/pdf/public_p/06/10/pp9-346-r6.pdf,pdf,hokubu_kaikei,北部方面会計隊,陸上自衛隊,2024,2024,1
https://www.mod.go.jp/gsdf/nae/fin/nafin/pdf/public_p/06/10/pp9-minamieniwa-r5.pdf,warp_crawler,hokubu_kaikei,北部方面会計隊,陸上自衛隊,2023,2023,6
https://www.mod.go.jp/gsdf/nae/fin/nafin/pdf/public_p/06/10/sizunai-pp5-r6.pdf,pdf,hokubu_kaikei,北部方面会計隊,陸上自衛隊,2024,2024,3
https://www.mod.go.jp/gsdf/nae/fin/nafin/pdf/public_p/06/10/sizunai-pp7-r6.pdf,pdf,hokubu_kaikei,北部方面会計隊,陸上自衛隊,2024,2024,1
https://www.mod.go.jp/gsdf/nae/fin/nafin/pdf/public_p/06/10/sizunai-pp9-r6.pdf,pdf,hokubu_kaikei,北部方面会計隊,陸上自衛隊,2024,2024,6
https://www.mod.go.jp/gsdf/nae/fin/nafin/pdf/public_p/06/11/061114/325f-pp10-r6.pdf,pdf,hokubu_kaikei,北部方面会計隊,陸上自衛隊,2024,2024,18
https://www.mod.go.jp/gsdf/nae/fin/nafin/pdf/public_p/06/11/061114/332f-pp1-r5.pdf,warp_crawler,hokubu_kaikei,北部方面会計隊,陸上自衛隊,2023,2023,1
https://www.mod.go.jp/gsdf/nae/fin/nafin/pdf/public_p/06/11/061114/332f-pp10-r5.pdf,warp_crawler,hokubu_kaikei,北部方面会計隊,陸上自衛隊,2023,2023,1
https://www.mod.go.jp/gsdf/nae/fin/nafin/pdf/public_p/06/11/061114/332f-pp12-r5.pdf,warp_crawler,hokubu_kaikei,北部方面会計隊,陸上自衛隊,2023,2023,2
https://www.mod.go.jp/gsdf/nae/fin/nafin/pdf/public_p/06/11/061114/332f-pp2-r5.pdf,warp_crawler,hokubu_kaikei,北部方面会計隊,陸上自衛隊,2023,2023,5
https://www.mod.go.jp/gsdf/nae/fin/nafin/pdf/public_p/06/11/061114/332f-pp3-r5.pdf,warp_crawler,hokubu_kaikei,北部方面会計隊,陸上自衛隊,2023,2023,3
https://www.mod.go.jp/gsdf/nae/fin/nafin/pdf/public_p/06/11/061114/332f-pp5-r5.pdf,warp_crawler,hokubu_kaikei,北部方面会計隊,陸上自衛隊,2023,2023,1
https://www.mod.go.jp/gsdf/nae/fin/nafin/pdf/public_p/06/11/061114/332f-pp6-r5.pdf,warp_crawler,hokubu_kaikei,北部方面会計隊,陸上自衛隊,2023,2023,1
https://www.mod.go.jp/gsdf/nae/fin/nafin/pdf/public_p/06/11/061114/332f-pp7-r5.pdf,warp_crawler,hokubu_kaikei,北部方面会計隊,陸上自衛隊,2023,2023,1
https://www.mod.go.jp/gsdf/nae/fin/nafin/pdf/public_p/06/11/061114/wakkanai-pp10-r5.pdf,warp_crawler,hokubu_kaikei,北部方面会計隊,陸上自衛隊,2023,2023,1
https://www.mod.go.jp/gsdf/nae/fin/nafin/pdf/public_p/06/11/061114/wakkanai-pp11-r5.pdf,warp_crawler,hokubu_kaikei,北部方面会計隊,陸上自衛隊,2023,2023,1
https://www.mod.go.jp/gsdf/nae/fin/nafin/pdf/public_p/06/11/110-pp10-r6.pdf,pdf,hokubu_kaikei,北部方面会計隊,陸上自衛隊,2024,2024,3
https://www.mod.go.jp/gsdf/nae/fin/nafin/pdf/public_p/06/11/323f-pp1-r5.pdf,warp_crawler,hokubu_kaikei,北部方面会計隊,陸上自衛隊,2023,2023,7
https://www.mod.go.jp/gsdf/nae/fin/nafin/pdf/public_p/06/11/323f-pp10-r6.pdf,pdf,hokubu_kaikei,北部方面会計隊,陸上自衛隊,2024,2024,12
https://www.mod.go.jp/gsdf/nae/fin/nafin/pdf/public_p/06/11/323f-pp12-r5.pdf,warp_crawler,hokubu_kaikei,北部方面会計隊,陸上自衛隊,2023,2023,5
https://www.mod.go.jp/gsdf/nae/fin/nafin/pdf/public_p/06/11/323f-pp2-r5.pdf,warp_crawler,hokubu_kaikei,北部方面会計隊,陸上自衛隊,2023,2023,14
https://www.mod.go.jp/gsdf/nae/fin/nafin/pdf/public_p/06/11/323f-pp3-r5.pdf,warp_crawler,hokubu_kaikei,北部方面会計隊,陸上自衛隊,2023,2023,10
https://www.mod.go.jp/gsdf/nae/fin/nafin/pdf/public_p/06/11/323f-pp4-r5.pdf,warp_crawler,hokubu_kaikei,北部方面会計隊,陸上自衛隊,2023,2023,6
https://www.mod.go.jp/gsdf/nae/fin/nafin/pdf/public_p/06/11/323f-pp4-r6.pdf,pdf,hokubu_kaikei,北部方面会計隊,陸上自衛隊,2024,2024,11
https://www.mod.go.jp/gsdf/nae/fin/nafin/pdf/public_p/06/11/323f-pp5-r5.pdf,warp_crawler,hokubu_kaikei,北部方面会計隊,陸上自衛隊,2023,2023,7
https://www.mod.go.jp/gsdf/nae/fin/nafin/pdf/public_p/06/11/323f-pp5-r6.pdf,pdf,hokubu_kaikei,北部方面会計隊,陸上自衛隊,2024,2024,4
https://www.mod.go.jp/gsdf/nae/fin/nafin/pdf/public_p/06/11/323f-pp6-r5.pdf,warp_crawler,hokubu_kaikei,北部方面会計隊,陸上自衛隊,2023,2023,1
https://www.mod.go.jp/gsdf/nae/fin/nafin/pdf/public_p/06/11/323f-pp6-r6.pdf,pdf,hokubu_kaikei,北部方面会計隊,陸上自衛隊,2024,2024,5
https://www.mod.go.jp/gsdf/nae/fin/nafin/pdf/public_p/06/11/323f-pp7-r5.pdf,warp_crawler,hokubu_kaikei,北部方面会計隊,陸上自衛隊,2023,2023,5
https://www.mod.go.jp/gsdf/nae/fin/nafin/pdf/public_p/06/11/323f-pp7-r6.pdf,pdf,hokubu_kaikei,北部方面会計隊,陸上自衛隊,2024,2024,5
https://www.mod.go.jp/gsdf/nae/fin/nafin/pdf/public_p/06/11/323f-pp8-r5.pdf,warp_crawler,hokubu_kaikei,北部方面会計隊,陸上自衛隊,2023,2023,4
https://www.mod.go.jp/gsdf/nae/fin/nafin/pdf/public_p/06/11/323f-pp8-r6.pdf,pdf,hokubu_kaikei,北部方面会計隊,陸上自衛隊,2024,2024,2
https://www.mod.go.jp/gsdf/nae/fin/nafin/pdf/public_p/06/11/323f-pp9-r6.pdf,pdf,hokubu_kaikei,北部方面会計隊,陸上自衛隊,2024,2024,3
https://www.mod.go.jp/gsdf/nae/fin/nafin/pdf/public_p/06/11/332f-pp4-r5.pdf,warp_crawler,hokubu_kaikei,北部方面会計隊,陸上自衛隊,2023,2023,6
https://www.mod.go.jp/gsdf/nae/fin/nafin/pdf/public_p/06/11/342f-pp10-r6.pdf,pdf,hokubu_kaikei,北部方面会計隊,陸上自衛隊,2024,2024,8
https://www.mod.go.jp/gsdf/nae/fin/nafin/pdf/public_p/06/11/343f-pp5-r5.pdf,warp_crawler,hokubu_kaikei,北部方面会計隊,陸上自衛隊,2023,2023,9
https://www.mod.go.jp/gsdf/nae/fin/nafin/pdf/public_p/06/11/343f-pp6-r6.pdf,pdf,hokubu_kaikei,北部方面会計隊,陸上自衛隊,2024,2024,10
https://www.mod.go.jp/gsdf/nae/fin/nafin/pdf/public_p/06/11/344f-pp8-r6.pdf,pdf,hokubu_kaikei,北部方面会計隊,陸上自衛隊,2024,2024,4
https://www.mod.go.jp/gsdf/nae/fin/nafin/pdf/public_p/06/11/344f-pp9-r6.pdf,pdf,hokubu_kaikei,北部方面会計隊,陸上自衛隊,2024,2024,10
https://www.mod.go.jp/gsdf/nae/fin/nafin/pdf/public_p/06/11/345f-pp1-r5.pdf,warp_crawler,hokubu_kaikei,北部方面会計隊,陸上自衛隊,2023,2023,3
https://www.mod.go.jp/gsdf/nae/fin/nafin/pdf/public_p/06/11/345f-pp10-r5.pdf,warp_crawler,hokubu_kaikei,北部方面会計隊,陸上自衛隊,2023,2023,3
https://www.mod.go.jp/gsdf/nae/fin/nafin/pdf/public_p/06/11/345f-pp2-r5.pdf,warp_crawler,hokubu_kaikei,北部方面会計隊,陸上自衛隊,2023,2023,7
https://www.mod.go.jp/gsdf/nae/fin/nafin/pdf/public_p/06/11/345f-pp3-r5.pdf,warp_crawler,hokubu_kaikei,北部方面会計隊,陸上自衛隊,2023,2023,4
https://www.mod.go.jp/gsdf/nae/fin/nafin/pdf/public_p/06/11/345f-pp5-r6.pdf,pdf,hokubu_kaikei,北部方面会計隊,陸上自衛隊,2024,2024,1
https://www.mod.go.jp/gsdf/nae/fin/nafin/pdf/public_p/06/11/345f-pp6-r6.pdf,pdf,hokubu_kaikei,北部方面会計隊,陸上自衛隊,2024,2024,2
https://www.mod.go.jp/gsdf/nae/fin/nafin/pdf/public_p/06/11/345f-pp7-r5.pdf,warp_crawler,hokubu_kaikei,北部方面会計隊,陸上自衛隊,2023,2023,2
https://www.mod.go.jp/gsdf/nae/fin/nafin/pdf/public_p/06/11/345f-pp7-r6.pdf,pdf,hokubu_kaikei,北部方面会計隊,陸上自衛隊,2024,2024,1
https://www.mod.go.jp/gsdf/nae/fin/nafin/pdf/public_p/06/11/345f-pp8-r5.pdf,warp_crawler,hokubu_kaikei,北部方面会計隊,陸上自衛隊,2023,2023,2
https://www.mod.go.jp/gsdf/nae/fin/nafin/pdf/public_p/06/11/346f-pp10-r6.pdf,pdf,hokubu_kaikei,北部方面会計隊,陸上自衛隊,2024,2024,3
https://www.mod.go.jp/gsdf/nae/fin/nafin/pdf/public_p/06/11/374f-pp9-r6.pdf,pdf,hokubu_kaikei,北部方面会計隊,陸上自衛隊,2024,2024,16
https://www.mod.go.jp/gsdf/nae/fin/nafin/pdf/public_p/06/11/376f-pp10-r6.pdf,pdf,hokubu_kaikei,北部方面会計隊,陸上自衛隊,2024,2024,2
https://www.mod.go.jp/gsdf/nae/fin/nafin/pdf/public_p/06/11/376f-pp2-r5.pdf,warp_crawler,hokubu_kaikei,北部方面会計隊,陸上自衛隊,2023,2023,4
https://www.mod.go.jp/gsdf/nae/fin/nafin/pdf/public_p/06/11/376f-pp3-r5.pdf,warp_crawler,hokubu_kaikei,北部方面会計隊,陸上自衛隊,2023,2023,1
https://www.mod.go.jp/gsdf/nae/fin/nafin/pdf/public_p/06/11/377f-pp10-r6.pdf,pdf,hokubu_kaikei,北部方面会計隊,陸上自衛隊,2024,2024,8
https://www.mod.go.jp/gsdf/nae/fin/nafin/pdf/public_p/06/11/bekkai-pp10-r6.pdf,pdf,hokubu_kaikei,北部方面会計隊,陸上自衛隊,2024,2024,1
https://www.mod.go.jp/gsdf/nae/fin/nafin/pdf/public_p/06/11/bekkai-pp4-r6.pdf,pdf,hokubu_kaikei,北部方面会計隊,陸上自衛隊,2024,2024,9
https://www.mod.go.jp/gsdf/nae/fin/nafin/pdf/public_p/06/11/bekkai-pp8-r6.pdf,pdf,hokubu_kaikei,北部方面会計隊,陸上自衛隊,2024,2024,2
https://www.mod.go.jp/gsdf/nae/fin/nafin/pdf/public_p/06/11/bibai-pp4-r6.pdf,pdf,hokubu_kaikei,北部方面会計隊,陸上自衛隊,2024,2024,10
https://www.mod.go.jp/gsdf/nae/fin/nafin/pdf/public_p/06/11/iwamizawa-pp4-r6.pdf,pdf,hokubu_kaikei,北部方面会計隊,陸上自衛隊,2024,2024,6
https://www.mod.go.jp/gsdf/nae/fin/nafin/pdf/public_p/06/11/kuttyan-pp10-r6.pdf,pdf,hokubu_kaikei,北部方面会計隊,陸上自衛隊,2024,2024,1
https://www.mod.go.jp/gsdf/nae/fin/nafin/pdf/public_p/06/11/minaieniwa-pp10-r6.pdf,pdf,hokubu_kaikei,北部方面会計隊,陸上自衛隊,2024,2024,8
https://www.mod.go.jp/gsdf/nae/fin/nafin/pdf/public_p/06/11/pp1-374-r5.pdf,warp_crawler,hokubu_kaikei,北部方面会計隊,陸上自衛隊,2023,2023,3
https://www.mod.go.jp/gsdf/nae/fin/nafin/pdf/public_p/06/11/pp10-332-r6.pdf,pdf,hokubu_kaikei,北部方面会計隊,陸上自衛隊,2024,2024,1
https://www.mod.go.jp/gsdf/nae/fin/nafin/pdf/public_p/06/11/pp10-343-r5.pdf,warp_crawler,hokubu_kaikei,北部方面会計隊,陸上自衛隊,2023,2023,13
https://www.mod.go.jp/gsdf/nae/fin/nafin/pdf/public_p/06/11/pp10-343-r6.pdf,pdf,hokubu_kaikei,北部方面会計隊,陸上自衛隊,2024,2024,10
https://www.mod.go.jp/gsdf/nae/fin/nafin/pdf/public_p/06/11/pp10-344-r6.pdf,pdf,hokubu_kaikei,北部方面会計隊,陸上自衛隊,2024,2024,7
https://www.mod.go.jp/gsdf/nae/fin/nafin/pdf/public_p/06/11/pp10-kitaeniwa-r6.pdf,pdf,hokubu_kaikei,北部方面会計隊,陸上自衛隊,2024,2024,4
https://www.mod.go.jp/gsdf/nae/fin/nafin/pdf/public_p/06/11/pp10-shikaoi-r6.pdf,pdf,hokubu_kaikei,北部方面会計隊,陸上自衛隊,2024,2024,1
https://www.mod.go.jp/gsdf/nae/fin/nafin/pdf/public_p/06/11/pp10-shizunai-r6.pdf,pdf,hokubu_kaikei,北部方面会計隊,陸上自衛隊,2024,2024,3
https://www.mod.go.jp/gsdf/nae/fin/nafin/pdf/public_p/06/11/pp11-343-r5.pdf,warp_crawler,hokubu_kaikei,北部方面会計隊,陸上自衛隊,2023,2023,2
https://www.mod.go.jp/gsdf/nae/fin/nafin/pdf/public_p/06/11/pp12-374-r5.pdf,warp_crawler,hokubu_kaikei,北部方面会計隊,陸上自衛隊,2023,2023,4
https://www.mod.go.jp/gsdf/nae/fin/nafin/pdf/public_p/06/11/pp2-343-r5.pdf,warp_crawler,hokubu_kaikei,北部方面会計隊,陸上自衛隊,2023,2023,25
https://www.mod.go.jp/gsdf/nae/fin/nafin/pdf/public_p/06/11/pp2-kucchan-r5.pdf,warp_crawler,hokubu_kaikei,北部方面会計隊,陸上自衛隊,2023,2023,5
https://www.mod.go.jp/gsdf/nae/fin/nafin/pdf/public_p/06/11/pp3-343-r5.pdf,warp_crawler,hokubu_kaikei,北部方面会計隊,陸上自衛隊,2023,2023,11
https://www.mod.go.jp/gsdf/nae/fin/nafin/pdf/public_p/06/11/pp4-343-r5.pdf,warp_crawler,hokubu_kaikei,北部方面会計隊,陸上自衛隊,2023,2023,4
https://www.mod.go.jp/gsdf/nae/fin/nafin/pdf/public_p/06/11/pp4-344-r5.pdf,warp_crawler,hokubu_kaikei,北部方面会計隊,陸上自衛隊,2023,2023,8
https://www.mod.go.jp/gsdf/nae/fin/nafin/pdf/public_p/06/11/pp4-344-r6.pdf,pdf,hokubu_kaikei,北部方面会計隊,陸上自衛隊,2024,2024,13
https://www.mod.go.jp/gsdf/nae/fin/nafin/pdf/public_p/06/11/pp4-377-r5.pdf,warp_crawler,hokubu_kaikei,北部方面会計隊,陸上自衛隊,2023,2023,12
https://www.mod.go.jp/gsdf/nae/fin/nafin/pdf/public_p/06/11/pp4-iwamizawa-r5-2.pdf,warp_crawler,hokubu_kaikei,北部方面会計隊,陸上自衛隊,2023,2023,5
https://www.mod.go.jp/gsdf/nae/fin/nafin/pdf/public_p/06/11/pp4-kucchan-r5.pdf,warp_crawler,hokubu_kaikei,北部方面会計隊,陸上自衛隊,2023,2023,4
https://www.mod.go.jp/gsdf/nae/fin/nafin/pdf/public_p/06/11/pp4-shizunai-r6.pdf,pdf,hokubu_kaikei,北部方面会計隊,陸上自衛隊,2024,2024,8
https://www.mod.go.jp/gsdf/nae/fin/nafin/pdf/public_p/06/11/pp5-343-r6.pdf,pdf,hokubu_kaikei,北部方面会計隊,陸上自衛隊,2024,2024,8
https://www.mod.go.jp/gsdf/nae/fin/nafin/pdf/public_p/06/11/pp5-374-r5.pdf,warp_crawler,hokubu_kaikei,北部方面会計隊,陸上自衛隊,2023,2023,3
https://www.mod.go.jp/gsdf/nae/fin/nafin/pdf/public_p/06/11/pp5-374-r6.pdf,pdf,hokubu_kaikei,北部方面会計隊,陸上自衛隊,2024,2024,7
https://www.mod.go.jp/gsdf/nae/fin/nafin/pdf/public_p/06/11/pp5-kucchan-r6.pdf,pdf,hokubu_kaikei,北部方面会計隊,陸上自衛隊,2024,2024,3
https://www.mod.go.jp/gsdf/nae/fin/nafin/pdf/public_p/06/11/pp7-343-r5.pdf,warp_crawler,hokubu_kaikei,北部方面会計隊,陸上自衛隊,2023,2023,9
https://www.mod.go.jp/gsdf/nae/fin/nafin/pdf/public_p/06/11/pp7-343-r6.pdf,pdf,hokubu_kaikei,北部方面会計隊,陸上自衛隊,2024,2024,5
https://www.mod.go.jp/gsdf/nae/fin/nafin/pdf/public_p/06/11/pp7-377-r6.pdf,pdf,hokubu_kaikei,北部方面会計隊,陸上自衛隊,2024,2024,2
https://www.mod.go.jp/gsdf/nae/fin/nafin/pdf/public_p/06/11/pp8-343-r6.pdf,pdf,hokubu_kaikei,北部方面会計隊,陸上自衛隊,2024,2024,8
https://www.mod.go.jp/gsdf/nae/fin/nafin/pdf/public_p/06/11/pp8-377-r5.pdf,warp_crawler,hokubu_kaikei,北部方面会計隊,陸上自衛隊,2023,2023,2
https://www.mod.go.jp/gsdf/nae/fin/nafin/pdf/public_p/06/11/pp9-343-r6.pdf,pdf,hokubu_kaikei,北部方面会計隊,陸上自衛隊,2024,2024,16
https://www.mod.go.jp/gsdf/nae/fin/nafin/pdf/public_p/06/11/wakkanai-pp8-r6.pdf,pdf,hokubu_kaikei,北部方面会計隊,陸上自衛隊,2024,2024,1
https://www.mod.go.jp/gsdf/nae/fin/nafin/pdf/public_p/06/12/100-pp10-r6.pdf,pdf,hokubu_kaikei,北部方面会計隊,陸上自衛隊,2024,2024,1
https://www.mod.go.jp/gsdf/nae/fin/nafin/pdf/public_p/06/12/324f-pp11-r6.pdf,pdf,hokubu_kaikei,北部方面会計隊,陸上自衛隊,2024,2024,18
https://www.mod.go.jp/gsdf/nae/fin/nafin/pdf/public_p/06/12/332f-pp11-r6.pdf,pdf,hokubu_kaikei,北部方面会計隊,陸上自衛隊,2024,2024,1
https://www.mod.go.jp/gsdf/nae/fin/nafin/pdf/public_p/06/12/342f-pp11-r6.pdf,pdf,hokubu_kaikei,北部方面会計隊,陸上自衛隊,2024,2024,2
https://www.mod.go.jp/gsdf/nae/fin/nafin/pdf/public_p/06/12/345f-pp10-r6.pdf,pdf,hokubu_kaikei,北部方面会計隊,陸上自衛隊,2024,2024,3
https://www.mod.go.jp/gsdf/nae/fin/nafin/pdf/public_p/06/12/346f-pp12-r6.pdf,pdf,hokubu_kaikei,北部方面会計隊,陸上自衛隊,2024,2024,2
https://www.mod.go.jp/gsdf/nae/fin/nafin/pdf/public_p/06/12/374f-pp11-r6.pdf,pdf,hokubu_kaikei,北部方面会計隊,陸上自衛隊,2024,2024,12
https://www.mod.go.jp/gsdf/nae/fin/nafin/pdf/public_p/06/12/376f-pp11-r6.pdf,pdf,hokubu_kaikei,北部方面会計隊,陸上自衛隊,2024,2024,3
https://www.mod.go.jp/gsdf/nae/fin/nafin/pdf/public_p/06/12/horobetu-pp11-r6.pdf,pdf,hokubu_kaikei,北部方面会計隊,陸上自衛隊,2024,2024,5
https://www.mod.go.jp/gsdf/nae/fin/nafin/pdf/public_p/06/12/horobetu-pp12-r6.pdf,pdf,hokubu_kaikei,北部方面会計隊,陸上自衛隊,2024,2024,1
https://www.mod.go.jp/gsdf/nae/fin/nafin/pdf/public_p/06/12/iwamizawa-pp11-r6.pdf,pdf,hokubu_kaikei,北部方面会計隊,陸上自衛隊,2024,2024,2
https://www.mod.go.jp/gsdf/nae/fin/nafin/pdf/public_p/06/12/kitaeniwa-pp11-r6.pdf,pdf,hokubu_kaikei,北部方面会計隊,陸上自衛隊,2024,2024,5
https://www.mod.go.jp/gsdf/nae/fin/nafin/pdf/public_p/06/12/pp10-374-r6.pdf,pdf,hokubu_kaikei,北部方面会計隊,陸上自衛隊,2024,2024,11
https://www.mod.go.jp/gsdf/nae/fin/nafin/pdf/public_p/06/12/pp10-bibai-r6.pdf,pdf,hokubu_kaikei,北部方面会計隊,陸上自衛隊,2024,2024,2
https://www.mod.go.jp/gsdf/nae/fin/nafin/pdf/public_p/06/12/pp10-iwamizawa-r6s.pdf,pdf,hokubu_kaikei,北部方面会計隊,陸上自衛隊,2024,2024,2
https://www.mod.go.jp/gsdf/nae/fin/nafin/pdf/public_p/06/12/pp11-323-r6.pdf,pdf,hokubu_kaikei,北部方面会計隊,陸上自衛隊,2024,2024,10
https://www.mod.go.jp/gsdf/nae/fin/nafin/pdf/public_p/06/12/pp11-325-r6.pdf,pdf,hokubu_kaikei,北部方面会計隊,陸上自衛隊,2024,2024,17
https://www.mod.go.jp/gsdf/nae/fin/nafin/pdf/public_p/06/12/pp11-377-r6.pdf,pdf,hokubu_kaikei,北部方面会計隊,陸上自衛隊,2024,2024,4
https://www.mod.go.jp/gsdf/nae/fin/nafin/pdf/public_p/06/12/pp11-bekkai-r6r.pdf,pdf,hokubu_kaikei,北部方面会計隊,陸上自衛隊,2024,2024,8
https://www.mod.go.jp/gsdf/nae/fin/nafin/pdf/public_p/06/12/pp11-bibai-r6.pdf,pdf,hokubu_kaikei,北部方面会計隊,陸上自衛隊,2024,2024,1
https://www.mod.go.jp/gsdf/nae/fin/nafin/pdf/public_p/06/12/pp11-minamieniwa-r6.pdf,pdf,hokubu_kaikei,北部方面会計隊,陸上自衛隊,2024,2024,7
https://www.mod.go.jp/gsdf/nae/fin/nafin/pdf/public_p/06/12/pp11-shizunai-r6.pdf,pdf,hokubu_kaikei,北部方面会計隊,陸上自衛隊,2024,2024,3
https://www.mod.go.jp/gsdf/nae/fin/nafin/pdf/public_p/06/12/pp12-minamieniwa-r6.pdf,pdf,hokubu_kaikei,北部方面会計隊,陸上自衛隊,2024,2024,6
https://www.mod.go.jp/gsdf/nae/fin/nafin/pdf/public_p/06/12/sikaoi-pp11-r6.pdf,pdf,hokubu_kaikei,北部方面会計隊,陸上自衛隊,2024,2024,1
https://www.mod.go.jp/gsdf/nae/fin/nafin/pdf/public_p/07/01/343f-pp11-r6.pdf,pdf,hokubu_kaikei,北部方面会計隊,陸上自衛隊,2024,2024,3
https://www.mod.go.jp/gsdf/nae/fin/nafin/pdf/public_p/07/01/377f-pp12-r6.pdf,pdf,hokubu_kaikei,北部方面会計隊,陸上自衛隊,2024,2024,4
https://www.mod.go.jp/gsdf/nae/fin/nafin/pdf/public_p/07/01/bibai-pp12-r6.pdf,pdf,hokubu_kaikei,北部方面会計隊,陸上自衛隊,2024,2024,3
https://www.mod.go.jp/gsdf/nae/fin/nafin/pdf/public_p/07/01/pp01-110-r6.pdf,pdf,hokubu_kaikei,北部方面会計隊,陸上自衛隊,2024,2024,12
https://www.mod.go.jp/gsdf/nae/fin/nafin/pdf/public_p/07/01/pp01-323-r6.pdf,pdf,hokubu_kaikei,北部方面会計隊,陸上自衛隊,2024,2024,7
https://www.mod.go.jp/gsdf/nae/fin/nafin/pdf/public_p/07/01/pp01-332-r6-2.pdf,pdf,hokubu_kaikei,北部方面会計隊,陸上自衛隊,2024,2024,6
https://www.mod.go.jp/gsdf/nae/fin/nafin/pdf/public_p/07/01/pp01-betsukai-r6-2.pdf,pdf,hokubu_kaikei,北部方面会計隊,陸上自衛隊,2024,2024,6
https://www.mod.go.jp/gsdf/nae/fin/nafin/pdf/public_p/07/01/pp01-horobetu-r6.pdf,pdf,hokubu_kaikei,北部方面会計隊,陸上自衛隊,2024,2024,2
https://www.mod.go.jp/gsdf/nae/fin/nafin/pdf/public_p/07/01/pp1-342-r6.pdf,pdf,hokubu_kaikei,北部方面会計隊,陸上自衛隊,2024,2024,12
https://www.mod.go.jp/gsdf/nae/fin/nafin/pdf/public_p/07/01/pp1-345-r6.pdf,pdf,hokubu_kaikei,北部方面会計隊,陸上自衛隊,2024,2024,4
https://www.mod.go.jp/gsdf/nae/fin/nafin/pdf/public_p/07/01/pp1-kitaeniwa-r6.pdf,pdf,hokubu_kaikei,北部方面会計隊,陸上自衛隊,2024,2024,6
https://www.mod.go.jp/gsdf/nae/fin/nafin/pdf/public_p/07/01/pp11-110-r6-2.pdf,pdf,hokubu_kaikei,北部方面会計隊,陸上自衛隊,2024,2025,8
https://www.mod.go.jp/gsdf/nae/fin/nafin/pdf/public_p/07/01/pp12-110-r6.pdf,pdf,hokubu_kaikei,北部方面会計隊,陸上自衛隊,2024,2024,6
https://www.mod.go.jp/gsdf/nae/fin/nafin/pdf/public_p/07/01/pp12-323-r6.pdf,pdf,hokubu_kaikei,北部方面会計隊,陸上自衛隊,2024,2024,12
https://www.mod.go.jp/gsdf/nae/fin/nafin/pdf/public_p/07/01/pp12-324-r6.pdf,pdf,hokubu_kaikei,北部方面会計隊,陸上自衛隊,2024,2024,37
https://www.mod.go.jp/gsdf/nae/fin/nafin/pdf/public_p/07/01/pp12-325-r6-3.pdf,pdf,hokubu_kaikei,北部方面会計隊,陸上自衛隊,2024,2024,24
https://www.mod.go.jp/gsdf/nae/fin/nafin/pdf/public_p/07/01/pp12-332-r6.pdf,pdf,hokubu_kaikei,北部方面会計隊,陸上自衛隊,2024,2024,1
https://www.mod.go.jp/gsdf/nae/fin/nafin/pdf/public_p/07/01/pp12-344-r6.pdf,pdf,hokubu_kaikei,北部方面会計隊,陸上自衛隊,2024,2024,8
https://www.mod.go.jp/gsdf/nae/fin/nafin/pdf/public_p/07/01/pp12-345-r6.pdf,pdf,hokubu_kaikei,北部方面会計隊,陸上自衛隊,2024,2024,1
https://www.mod.go.jp/gsdf/nae/fin/nafin/pdf/public_p/07/01/pp12-374-r6.pdf,pdf,hokubu_kaikei,北部方面会計隊,陸上自衛隊,2024,2024,16
https://www.mod.go.jp/gsdf/nae/fin/nafin/pdf/public_p/07/01/pp12-betsukai-r6-2.pdf,pdf,hokubu_kaikei,北部方面会計隊,陸上自衛隊,2024,2024,5
https://www.mod.go.jp/gsdf/nae/fin/nafin/pdf/public_p/07/01/pp12-iwamizawa-r6.pdf,pdf,hokubu_kaikei,北部方面会計隊,陸上自衛隊,2024,2024,2
https://www.mod.go.jp/gsdf/nae/fin/nafin/pdf/public_p/07/01/pp12-kitaeniwa-r6.pdf,pdf,hokubu_kaikei,北部方面会計隊,陸上自衛隊,2024,2024,3
https://www.mod.go.jp/gsdf/nae/fin/nafin/pdf/public_p/07/01/pp12-shikaoi-r6.pdf,pdf,hokubu_kaikei,北部方面会計隊,陸上自衛隊,2024,2024,5
https://www.mod.go.jp/gsdf/nae/fin/nafin/pdf/public_p/07/01/pp12-shizunai-r6.pdf,pdf,hokubu_kaikei,北部方面会計隊,陸上自衛隊,2024,2024,4
https://www.mod.go.jp/gsdf/nae/fin/nafin/pdf/public_p/07/01/pp6-11-344f.pdf,pdf,hokubu_kaikei,北部方面会計隊,陸上自衛隊,2024,2024,9
https://www.mod.go.jp/gsdf/nae/fin/nafin/pdf/public_p/07/01/pp6-12-376.pdf,pdf,hokubu_kaikei,北部方面会計隊,陸上自衛隊,2024,2024,4
https://www.mod.go.jp/gsdf/nae/fin/nafin/pdf/public_p/07/02/pp01-324-r6.pdf,pdf,hokubu_kaikei,北部方面会計隊,陸上自衛隊,2024,2024,40
https://www.mod.go.jp/gsdf/nae/fin/nafin/pdf/public_p/07/02/pp01-325-r6.pdf,pdf,hokubu_kaikei,北部方面会計隊,陸上自衛隊,2024,2024,17
https://www.mod.go.jp/gsdf/nae/fin/nafin/pdf/public_p/07/02/pp01-374-r6.pdf,pdf,hokubu_kaikei,北部方面会計隊,陸上自衛隊,2024,2024,15
https://www.mod.go.jp/gsdf/nae/fin/nafin/pdf/public_p/07/02/pp01-376-r6-2.pdf,pdf,hokubu_kaikei,北部方面会計隊,陸上自衛隊,2024,2024,6
https://www.mod.go.jp/gsdf/nae/fin/nafin/pdf/public_p/07/02/pp01-377-r6.pdf,pdf,hokubu_kaikei,北部方面会計隊,陸上自衛隊,2024,2024,2
https://www.mod.go.jp/gsdf/nae/fin/nafin/pdf/public_p/07/02/pp01-bibai-r6-2.pdf,pdf,hokubu_kaikei,北部方面会計隊,陸上自衛隊,2024,2024,6
https://www.mod.go.jp/gsdf/nae/fin/nafin/pdf/public_p/07/02/pp01-minamieniwa-r6.pdf,pdf,hokubu_kaikei,北部方面会計隊,陸上自衛隊,2024,2024,15
https://www.mod.go.jp/gsdf/nae/fin/nafin/pdf/public_p/07/02/pp01-sikaoi-r6-4.pdf,pdf,hokubu_kaikei,北部方面会計隊,陸上自衛隊,2024,2024,4
https://www.mod.go.jp/gsdf/nae/fin/nafin/pdf/public_p/07/02/pp01-sizunai-r6.pdf,pdf,hokubu_kaikei,北部方面会計隊,陸上自衛隊,2024,2024,4
https://www.mod.go.jp/gsdf/nae/fin/nafin/pdf/public_p/07/02/pp01-wakkanai-r6-2.pdf,pdf,hokubu_kaikei,北部方面会計隊,陸上自衛隊,2024,2024,2
https://www.mod.go.jp/gsdf/nae/fin/nafin/pdf/public_p/07/02/pp6-1-kutyan.pdf,pdf,hokubu_kaikei,北部方面会計隊,陸上自衛隊,2024,2024,5
https://www.mod.go.jp/gsdf/nae/fin/nafin/pdf/public_p/07/03/pp02-110-r6.pdf,pdf,hokubu_kaikei,北部方面会計隊,陸上自衛隊,2024,2024,17
https://www.mod.go.jp/gsdf/nae/fin/nafin/pdf/public_p/07/03/pp02-325-r6.pdf,pdf,hokubu_kaikei,北部方面会計隊,陸上自衛隊,2024,2024,34
https://www.mod.go.jp/gsdf/nae/fin/nafin/pdf/public_p/07/03/pp02-342-r6.pdf,pdf,hokubu_kaikei,北部方面会計隊,陸上自衛隊,2024,2024,14
https://www.mod.go.jp/gsdf/nae/fin/nafin/pdf/public_p/07/03/pp02-376-r6.pdf,pdf,hokubu_kaikei,北部方面会計隊,陸上自衛隊,2024,2024,7
https://www.mod.go.jp/gsdf/nae/fin/nafin/pdf/public_p/07/03/pp02-betukai-r6.pdf,pdf,hokubu_kaikei,北部方面会計隊,陸上自衛隊,2024,2024,2
https://www.mod.go.jp/gsdf/nae/fin/nafin/pdf/public_p/07/03/pp02-horobetu-r6.pdf,pdf,hokubu_kaikei,北部方面会計隊,陸上自衛隊,2024,2024,5
https://www.mod.go.jp/gsdf/nae/fin/nafin/pdf/public_p/07/03/pp02-kitaeniwa-r6.pdf,pdf,hokubu_kaikei,北部方面会計隊,陸上自衛隊,2024,2024,18
https://www.mod.go.jp/gsdf/nae/fin/nafin/pdf/public_p/07/03/pp02-minamieniwa-r6.pdf,pdf,hokubu_kaikei,北部方面会計隊,陸上自衛隊,2024,2024,12
https://www.mod.go.jp/gsdf/nae/fin/nafin/pdf/public_p/07/03/pp02-sikaoi-r6.pdf,pdf,hokubu_kaikei,北部方面会計隊,陸上自衛隊,2024,2024,4
https://www.mod.go.jp/gsdf/nae/fin/nafin/pdf/public_p/07/03/pp02-sizunai-r6.pdf,pdf,hokubu_kaikei,北部方面会計隊,陸上自衛隊,2024,2024,10
https://www.mod.go.jp/gsdf/nae/fin/nafin/pdf/public_p/07/03/pp03-110-r6.pdf,pdf,hokubu_kaikei,北部方面会計隊,陸上自衛隊,2024,2024,9
https://www.mod.go.jp/gsdf/nae/fin/nafin/pdf/public_p/07/03/pp12-343-r6-070326.pdf,pdf,hokubu_kaikei,北部方面会計隊,陸上自衛隊,2024,2024,28
https://www.mod.go.jp/gsdf/nae/fin/nafin/pdf/public_p/07/03/pp2-323-r6.pdf,pdf,hokubu_kaikei,北部方面会計隊,陸上自衛隊,2024,2024,19
https://www.mod.go.jp/gsdf/nae/fin/nafin/pdf/public_p/07/04/pp01-344-r6-0408.pdf,pdf,hokubu_kaikei,北部方面会計隊,陸上自衛隊,2024,2024,9
https://www.mod.go.jp/gsdf/nae/fin/nafin/pdf/public_p/07/04/pp02-324-r6.pdf,pdf,hokubu_kaikei,北部方面会計隊,陸上自衛隊,2024,2024,59
https://www.mod.go.jp/gsdf/nae/fin/nafin/pdf/public_p/07/04/pp02-332-r6.pdf,pdf,hokubu_kaikei,北部方面会計隊,陸上自衛隊,2024,2024,2
https://www.mod.go.jp/gsdf/nae/fin/nafin/pdf/public_p/07/04/pp02-343-r6.pdf,pdf,hokubu_kaikei,北部方面会計隊,陸上自衛隊,2024,2024,35
https://www.mod.go.jp/gsdf/nae/fin/nafin/pdf/public_p/07/04/pp02-344-r6-0416.pdf,pdf,hokubu_kaikei,北部方面会計隊,陸上自衛隊,2024,2024,16
https://www.mod.go.jp/gsdf/nae/fin/nafin/pdf/public_p/07/04/pp02-345-r6.pdf,pdf,hokubu_kaikei,北部方面会計隊,陸上自衛隊,2024,2024,15
https://www.mod.go.jp/gsdf/nae/fin/nafin/pdf/public_p/07/04/pp02-374-r6.pdf,pdf,hokubu_kaikei,北部方面会計隊,陸上自衛隊,2024,2024,21
https://www.mod.go.jp/gsdf/nae/fin/nafin/pdf/public_p/07/04/pp02-377-r6.pdf,pdf,hokubu_kaikei,北部方面会計隊,陸上自衛隊,2024,2024,9
https://www.mod.go.jp/gsdf/nae/fin/nafin/pdf/public_p/07/04/pp02-biabi-r6.pdf,pdf,hokubu_kaikei,北部方面会計隊,陸上自衛隊,2024,2024,5
https://www.mod.go.jp/gsdf/nae/fin/nafin/pdf/public_p/07/04/pp02-kucchan-r6.pdf,pdf,hokubu_kaikei,北部方面会計隊,陸上自衛隊,2024,2024,8
https://www.mod.go.jp/gsdf/nae/fin/nafin/pdf/public_p/07/04/pp03-324-r6.pdf,pdf,hokubu_kaikei,北部方面会計隊,陸上自衛隊,2024,2024,9
https://www.mod.go.jp/gsdf/nae/fin/nafin/pdf/public_p/07/04/pp03-325-r6.pdf,pdf,hokubu_kaikei,北部方面会計隊,陸上自衛隊,2024,2024,16
https://www.mod.go.jp/gsdf/nae/fin/nafin/pdf/public_p/07/04/pp03-332-r6.pdf,pdf,hokubu_kaikei,北部方面会計隊,陸上自衛隊,2024,2024,2
https://www.mod.go.jp/gsdf/nae/fin/nafin/pdf/public_p/07/04/pp03-342-r6.pdf,pdf,hokubu_kaikei,北部方面会計隊,陸上自衛隊,2024,2024,6
https://www.mod.go.jp/gsdf/nae/fin/nafin/pdf/public_p/07/04/pp03-343-r6.pdf,pdf,hokubu_kaikei,北部方面会計隊,陸上自衛隊,2024,2024,13
https://www.mod.go.jp/gsdf/nae/fin/nafin/pdf/public_p/07/04/pp03-344-r6.pdf,pdf,hokubu_kaikei,北部方面会計隊,陸上自衛隊,2024,2024,10
https://www.mod.go.jp/gsdf/nae/fin/nafin/pdf/public_p/07/04/pp03-346-r6.pdf,pdf,hokubu_kaikei,北部方面会計隊,陸上自衛隊,2024,2024,1
https://www.mod.go.jp/gsdf/nae/fin/nafin/pdf/public_p/07/04/pp03-376-r6.pdf,pdf,hokubu_kaikei,北部方面会計隊,陸上自衛隊,2024,2024,2
https://www.mod.go.jp/gsdf/nae/fin/nafin/pdf/public_p/07/04/pp03-377-r6.pdf,pdf,hokubu_kaikei,北部方面会計隊,陸上自衛隊,2024,2024,5
https://www.mod.go.jp/gsdf/nae/fin/nafin/pdf/public_p/07/04/pp03-betukai-r6.pdf,pdf,hokubu_kaikei,北部方面会計隊,陸上自衛隊,2024,2024,7
https://www.mod.go.jp/gsdf/nae/fin/nafin/pdf/public_p/07/04/pp03-bibai-r6.pdf,pdf,hokubu_kaikei,北部方面会計隊,陸上自衛隊,2024,2024,9
https://www.mod.go.jp/gsdf/nae/fin/nafin/pdf/public_p/07/04/pp03-iwamizawa-r6.pdf,pdf,hokubu_kaikei,北部方面会計隊,陸上自衛隊,2024,2024,1
https://www.mod.go.jp/gsdf/nae/fin/nafin/pdf/public_p/07/04/pp03-kitaeniwa-r6.pdf,pdf,hokubu_kaikei,北部方面会計隊,陸上自衛隊,2024,2024,4
https://www.mod.go.jp/gsdf/nae/fin/nafin/pdf/public_p/07/04/pp03-minamieniwa-r6.pdf,pdf,hokubu_kaikei,北部方面会計隊,陸上自衛隊,2024,2024,2
https://www.mod.go.jp/gsdf/nae/fin/nafin/pdf/public_p/07/04/pp03-sikaoi-r6.pdf,pdf,hokubu_kaikei,北部方面会計隊,陸上自衛隊,2024,2024,2
https://www.mod.go.jp/gsdf/nae/fin/nafin/pdf/public_p/07/04/pp03-sizunai-r6.pdf,pdf,hokubu_kaikei,北部方面会計隊,陸上自衛隊,2024,2024,3
https://www.mod.go.jp/gsdf/nae/fin/nafin/pdf/public_p/07/04/pp03-wakkanai-r6.pdf,pdf,hokubu_kaikei,北部方面会計隊,陸上自衛隊,2024,2024,1
https://www.mod.go.jp/gsdf/nae/fin/nafin/pdf/public_p/07/04/pp04-332-r7.pdf,pdf,hokubu_kaikei,北部方面会計隊,陸上自衛隊,2025,2025,4
https://www.mod.go.jp/gsdf/nae/fin/nafin/pdf/public_p/07/05/pp03-323-r6-0514.pdf,pdf,hokubu_kaikei,北部方面会計隊,陸上自衛隊,2024,2024,16
https://www.mod.go.jp/gsdf/nae/fin/nafin/pdf/public_p/07/05/pp03-374-r6-0519.pdf,pdf,hokubu_kaikei,北部方面会計隊,陸上自衛隊,2024,2024,22
https://www.mod.go.jp/gsdf/nae/fin/nafin/pdf/public_p/07/05/pp04-342-r7.pdf,pdf,hokubu_kaikei,北部方面会計隊,陸上自衛隊,2025,2025,10
https://www.mod.go.jp/gsdf/nae/fin/nafin/pdf/public_p/07/05/pp04-345-r7-2.pdf,pdf,hokubu_kaikei,北部方面会計隊,陸上自衛隊,2025,2025,7
https://www.mod.go.jp/gsdf/nae/fin/nafin/pdf/public_p/07/05/pp04-346-r7.pdf,pdf,hokubu_kaikei,北部方面会計隊,陸上自衛隊,2025,2025,5
https://www.mod.go.jp/gsdf/nae/fin/nafin/pdf/public_p/07/05/pp04-376-r7.pdf,pdf,hokubu_kaikei,北部方面会計隊,陸上自衛隊,2025,2025,3
https://www.mod.go.jp/gsdf/nae/fin/nafin/pdf/public_p/07/05/pp04-horobetu-r7.pdf,pdf,hokubu_kaikei,北部方面会計隊,陸上自衛隊,2025,2025,5
https://www.mod.go.jp/gsdf/nae/fin/nafin/pdf/public_p/07/05/pp04-iwamizawa-r7.pdf,pdf,hokubu_kaikei,北部方面会計隊,陸上自衛隊,2025,2025,6
https://www.mod.go.jp/gsdf/nae/fin/nafin/pdf/public_p/07/05/pp04-kitanieniwa-r7-2.pdf,pdf,hokubu_kaikei,北部方面会計隊,陸上自衛隊,2025,2025,7
https://www.mod.go.jp/gsdf/nae/fin/nafin/pdf/public_p/07/05/pp04-sikaoi-r7.pdf,pdf,hokubu_kaikei,北部方面会計隊,陸上自衛隊,2025,2025,4
https://www.mod.go.jp/gsdf/nae/fin/nafin/pdf/public_p/07/05/pp04-sizunai-r7.pdf,pdf,hokubu_kaikei,北部方面会計隊,陸上自衛隊,2025,2025,13
https://www.mod.go.jp/gsdf/nae/fin/nafin/pdf/public_p/07/05/pp05-377-r7.pdf,pdf,hokubu_kaikei,北部方面会計隊,陸上自衛隊,2025,2025,1
https://www.mod.go.jp/gsdf/nae/fin/nafin/pdf/public_p/07/06/pp04-110-r7.pdf,pdf,hokubu_kaikei,北部方面会計隊,陸上自衛隊,2025,2025,8
https://www.mod.go.jp/gsdf/nae/fin/nafin/pdf/public_p/07/06/pp04-323-r7.pdf,pdf,hokubu_kaikei,北部方面会計隊,陸上自衛隊,2025,2025,7
https://www.mod.go.jp/gsdf/nae/fin/nafin/pdf/public_p/07/06/pp04-324-r7.pdf,pdf,hokubu_kaikei,北部方面会計隊,陸上自衛隊,2025,2025,20
https://www.mod.go.jp/gsdf/nae/fin/nafin/pdf/public_p/07/06/pp04-325-r7.pdf,pdf,hokubu_kaikei,北部方面会計隊,陸上自衛隊,2025,2025,11
https://www.mod.go.jp/gsdf/nae/fin/nafin/pdf/public_p/07/06/pp04-343-r7.pdf,pdf,hokubu_kaikei,北部方面会計隊,陸上自衛隊,2025,2025,4
https://www.mod.go.jp/gsdf/nae/fin/nafin/pdf/public_p/07/06/pp04-344-r7.pdf,pdf,hokubu_kaikei,北部方面会計隊,陸上自衛隊,2025,2025,11
https://www.mod.go.jp/gsdf/nae/fin/nafin/pdf/public_p/07/06/pp04-374-r7.pdf,pdf,hokubu_kaikei,北部方面会計隊,陸上自衛隊,2025,2025,8
https://www.mod.go.jp/gsdf/nae/fin/nafin/pdf/public_p/07/06/pp04-377-r7.pdf,pdf,hokubu_kaikei,北部方面会計隊,陸上自衛隊,2025,2025,12
https://www.mod.go.jp/gsdf/nae/fin/nafin/pdf/public_p/07/06/pp04-betukai-r7.pdf,pdf,hokubu_kaikei,北部方面会計隊,陸上自衛隊,2024,2025,7
https://www.mod.go.jp/gsdf/nae/fin/nafin/pdf/public_p/07/06/pp04-bibai-r7.pdf,pdf,hokubu_kaikei,北部方面会計隊,陸上自衛隊,2025,2025,5
https://www.mod.go.jp/gsdf/nae/fin/nafin/pdf/public_p/07/06/pp04-minamieniwa-r7.pdf,pdf,hokubu_kaikei,北部方面会計隊,陸上自衛隊,2025,2025,7
https://www.mod.go.jp/gsdf/nae/fin/nafin/pdf/public_p/07/06/pp04-wakkanai-r7.pdf,pdf,hokubu_kaikei,北部方面会計隊,陸上自衛隊,2025,2025,2
https://www.mod.go.jp/gsdf/nae/fin/nafin/pdf/public_p/07/06/pp05-110-r7.pdf,pdf,hokubu_kaikei,北部方面会計隊,陸上自衛隊,2025,2025,2
https://www.mod.go.jp/gsdf/nae/fin/nafin/pdf/public_p/07/06/pp05-324-r7.pdf,pdf,hokubu_kaikei,北部方面会計隊,陸上自衛隊,2025,2025,8
https://www.mod.go.jp/gsdf/nae/fin/nafin/pdf/public_p/07/06/pp05-325-r7.pdf,pdf,hokubu_kaikei,北部方面会計隊,陸上自衛隊,2025,2025,7
https://www.mod.go.jp/gsdf/nae/fin/nafin/pdf/public_p/07/06/pp05-342-r7.pdf,pdf,hokubu_kaikei,北部方面会計隊,陸上自衛隊,2025,2025,2
https://www.mod.go.jp/gsdf/nae/fin/nafin/pdf/public_p/07/06/pp05-346-r7.pdf,pdf,hokubu_kaikei,北部方面会計隊,陸上自衛隊,2025,2025,1
https://www.mod.go.jp/gsdf/nae/fin/nafin/pdf/public_p/07/06/pp05-374-r7.pdf,pdf,hokubu_kaikei,北部方面会計隊,陸上自衛隊,2025,2025,2
https://www.mod.go.jp/gsdf/nae/fin/nafin/pdf/public_p/07/06/pp05-betukai-r7.pdf,pdf,hokubu_kaikei,北部方面会計隊,陸上自衛隊,2025,2025,1
https://www.mod.go.jp/gsdf/nae/fin/nafin/pdf/public_p/07/06/pp05-kitaeniwa-r7.pdf,pdf,hokubu_kaikei,北部方面会計隊,陸上自衛隊,2025,2025,2
https://www.mod.go.jp/gsdf/nae/fin/nafin/pdf/public_p/07/06/pp05-sizunai-r7.pdf,pdf,hokubu_kaikei,北部方面会計隊,陸上自衛隊,2025,2025,4
https://www.mod.go.jp/gsdf/nae/fin/nafin/pdf/public_p/07/06/pp06-324-r7.pdf,pdf,hokubu_kaikei,北部方面会計隊,陸上自衛隊,2025,2025,6
https://www.mod.go.jp/gsdf/nae/fin/nafin/pdf/public_p/07/06/pp06-iwamizawa-r7.pdf,pdf,hokubu_kaikei,北部方面会計隊,陸上自衛隊,2025,2025,2
https://www.mod.go.jp/gsdf/nae/fin/nafin/pdf/public_p/07/07/pp05-323-r7.pdf,pdf,hokubu_kaikei,北部方面会計隊,陸上自衛隊,2025,2025,7
https://www.mod.go.jp/gsdf/nae/fin/nafin/pdf/public_p/07/07/pp05-332-r7.pdf,pdf,hokubu_kaikei,北部方面会計隊,陸上自衛隊,2025,2025,1
https://www.mod.go.jp/gsdf/nae/fin/nafin/pdf/public_p/07/07/pp05-343-r7.pdf,pdf,hokubu_kaikei,北部方面会計隊,陸上自衛隊,2025,2025,13
https://www.mod.go.jp/gsdf/nae/fin/nafin/pdf/public_p/07/07/pp05-344-r7.pdf,pdf,hokubu_kaikei,北部方面会計隊,陸上自衛隊,2025,2025,3
https://www.mod.go.jp/gsdf/nae/fin/nafin/pdf/public_p/07/07/pp05-345-r7.pdf,pdf,hokubu_kaikei,北部方面会計隊,陸上自衛隊,2025,2025,3
https://www.mod.go.jp/gsdf/nae/fin/nafin/pdf/public_p/07/07/pp05-bibai-r7.pdf,pdf,hokubu_kaikei,北部方面会計隊,陸上自衛隊,2025,2025,2
https://www.mod.go.jp/gsdf/nae/fin/nafin/pdf/public_p/07/07/pp05-minamieniwa-r7.pdf,pdf,hokubu_kaikei,北部方面会計隊,陸上自衛隊,2025,2025,2
https://www.mod.go.jp/gsdf/nae/fin/nafin/pdf/public_p/07/07/pp06-110-r7.pdf,pdf,hokubu_kaikei,北部方面会計隊,陸上自衛隊,2025,2025,1
https://www.mod.go.jp/gsdf/nae/fin/nafin/pdf/public_p/07/07/pp06-325-r7.pdf,pdf,hokubu_kaikei,北部方面会計隊,陸上自衛隊,2025,2025,6
https://www.mod.go.jp/gsdf/nae/fin/nafin/pdf/public_p/07/07/pp06-332-r7.pdf,pdf,hokubu_kaikei,北部方面会計隊,陸上自衛隊,2025,2025,1
https://www.mod.go.jp/gsdf/nae/fin/nafin/pdf/public_p/07/07/pp06-342-r7.pdf,pdf,hokubu_kaikei,北部方面会計隊,陸上自衛隊,2025,2025,1
https://www.mod.go.jp/gsdf/nae/fin/nafin/pdf/public_p/07/07/pp06-343-r7.pdf,pdf,hokubu_kaikei,北部方面会計隊,陸上自衛隊,2025,2025,5
https://www.mod.go.jp/gsdf/nae/fin/nafin/pdf/public_p/07/07/pp06-345-r7.pdf,pdf,hokubu_kaikei,北部方面会計隊,陸上自衛隊,2025,2025,1
https://www.mod.go.jp/gsdf/nae/fin/nafin/pdf/public_p/07/07/pp06-346-r7.pdf,pdf,hokubu_kaikei,北部方面会計隊,陸上自衛隊,2025,2025,1
https://www.mod.go.jp/gsdf/nae/fin/nafin/pdf/public_p/07/07/pp06-377-r7.pdf,pdf,hokubu_kaikei,北部方面会計隊,陸上自衛隊,2025,2025,3
https://www.mod.go.jp/gsdf/nae/fin/nafin/pdf/public_p/07/07/pp06-betukai-r7.pdf,pdf,hokubu_kaikei,北部方面会計隊,陸上自衛隊,2025,2025,2
https://www.mod.go.jp/gsdf/nae/fin/nafin/pdf/public_p/07/07/pp06-bibai-r7.pdf,pdf,hokubu_kaikei,北部方面会計隊,陸上自衛隊,2025,2025,2
https://www.mod.go.jp/gsdf/nae/fin/nafin/pdf/public_p/07/07/pp06-horobetu-r7.pdf,pdf,hokubu_kaikei,北部方面会計隊,陸上自衛隊,2025,2025,4
https://www.mod.go.jp/gsdf/nae/fin/nafin/pdf/public_p/07/07/pp06-kitaeniwa-r7.pdf,pdf,hokubu_kaikei,北部方面会計隊,陸上自衛隊,2025,2025,5
https://www.mod.go.jp/gsdf/nae/fin/nafin/pdf/public_p/07/07/pp06-minamieniwa-r7.pdf,pdf,hokubu_kaikei,北部方面会計隊,陸上自衛隊,2025,2025,7
https://www.mod.go.jp/gsdf/nae/fin/nafin/pdf/public_p/07/07/pp06-sizunai-r7.pdf,pdf,hokubu_kaikei,北部方面会計隊,陸上自衛隊,2025,2025,2
https://www.mod.go.jp/gsdf/nae/fin/nafin/pdf/public_p/07/07/pp07-110-r7.pdf,pdf,hokubu_kaikei,北部方面会計隊,陸上自衛隊,2025,2025,4
https://www.mod.go.jp/gsdf/nae/fin/nafin/pdf/public_p/07/07/pp07-343-r7.pdf,pdf,hokubu_kaikei,北部方面会計隊,陸上自衛隊,2025,2025,9
https://www.mod.go.jp/gsdf/nae/fin/nafin/pdf/public_p/07/08/pp06-323-r7.pdf,pdf,hokubu_kaikei,北部方面会計隊,陸上自衛隊,2025,2025,5
https://www.mod.go.jp/gsdf/nae/fin/nafin/pdf/public_p/07/08/pp06-344-r7.pdf,pdf,hokubu_kaikei,北部方面会計隊,陸上自衛隊,2025,2025,3
https://www.mod.go.jp/gsdf/nae/fin/nafin/pdf/public_p/07/08/pp06-374-r7.pdf,pdf,hokubu_kaikei,北部方面会計隊,陸上自衛隊,2025,2025,6
https://www.mod.go.jp/gsdf/nae/fin/nafin/pdf/public_p/07/08/pp07-323-r7.pdf,pdf,hokubu_kaikei,北部方面会計隊,陸上自衛隊,2025,2025,6
https://www.mod.go.jp/gsdf/nae/fin/nafin/pdf/public_p/07/08/pp07-324-r7.pdf,pdf,hokubu_kaikei,北部方面会計隊,陸上自衛隊,2025,2025,20
https://www.mod.go.jp/gsdf/nae/fin/nafin/pdf/public_p/07/08/pp07-325-r7.pdf,pdf,hokubu_kaikei,北部方面会計隊,陸上自衛隊,2025,2025,11
https://www.mod.go.jp/gsdf/nae/fin/nafin/pdf/public_p/07/08/pp07-332-r7.pdf,pdf,hokubu_kaikei,北部方面会計隊,陸上自衛隊,2025,2025,3
https://www.mod.go.jp/gsdf/nae/fin/nafin/pdf/public_p/07/08/pp07-342-r7.pdf,pdf,hokubu_kaikei,北部方面会計隊,陸上自衛隊,2025,2025,2
https://www.mod.go.jp/gsdf/nae/fin/nafin/pdf/public_p/07/08/pp07-374-r7.pdf,pdf,hokubu_kaikei,北部方面会計隊,陸上自衛隊,2025,2025,12
https://www.mod.go.jp/gsdf/nae/fin/nafin/pdf/public_p/07/08/pp07-376-r7.pdf,pdf,hokubu_kaikei,北部方面会計隊,陸上自衛隊,2025,2025,5
https://www.mod.go.jp/gsdf/nae/fin/nafin/pdf/public_p/07/08/pp07-377-r7.pdf,pdf,hokubu_kaikei,北部方面会計隊,陸上自衛隊,2025,2025,3
https://www.mod.go.jp/gsdf/nae/fin/nafin/pdf/public_p/07/08/pp07-betukai-r7.pdf,pdf,hokubu_kaikei,北部方面会計隊,陸上自衛隊,2025,2025,3
https://www.mod.go.jp/gsdf/nae/fin/nafin/pdf/public_p/07/08/pp07-bibai-r7.pdf,pdf,hokubu_kaikei,北部方面会計隊,陸上自衛隊,2025,2025,1
https://www.mod.go.jp/gsdf/nae/fin/nafin/pdf/public_p/07/08/pp07-horobetu-r7.pdf,pdf,hokubu_kaikei,北部方面会計隊,陸上自衛隊,2025,2025,2
https://www.mod.go.jp/gsdf/nae/fin/nafin/pdf/public_p/07/08/pp07-iwamizawa-r7.pdf,pdf,hokubu_kaikei,北部方面会計隊,陸上自衛隊,2025,2025,2
https://www.mod.go.jp/gsdf/nae/fin/nafin/pdf/public_p/07/08/pp07-kitaeniwa-r7.pdf,pdf,hokubu_kaikei,北部方面会計隊,陸上自衛隊,2025,2025,2
https://www.mod.go.jp/gsdf/nae/fin/nafin/pdf/public_p/07/08/pp07-minamieniwa-r7.pdf,pdf,hokubu_kaikei,北部方面会計隊,陸上自衛隊,2025,2025,3
https://www.mod.go.jp/gsdf/nae/fin/nafin/pdf/public_p/07/08/pp07-shikaoi-r7.pdf,pdf,hokubu_kaikei,北部方面会計隊,陸上自衛隊,2025,2025,3
https://www.mod.go.jp/gsdf/nae/fin/nafin/pdf/public_p/07/08/pp08-324-r7.pdf,pdf,hokubu_kaikei,北部方面会計隊,陸上自衛隊,2025,2025,10
https://www.mod.go.jp/gsdf/nae/fin/nafin/pdf/public_p/07/08/pp08-325-r7.pdf,pdf,hokubu_kaikei,北部方面会計隊,陸上自衛隊,2025,2025,8
https://www.mod.go.jp/gsdf/nae/fin/nafin/pdf/public_p/07/08/pp08-343-r7-2.pdf,pdf,hokubu_kaikei,北部方面会計隊,陸上自衛隊,2025,2025,5
https://www.mod.go.jp/gsdf/nae/fin/nafin/pdf/public_p/07/08/pp08-376-r7.pdf,pdf,hokubu_kaikei,北部方面会計隊,陸上自衛隊,2025,2025,1
https://www.mod.go.jp/gsdf/nae/fin/nafin/pdf/public_p/07/08/pp08-bettukai-r7.pdf,pdf,hokubu_kaikei,北部方面会計隊,陸上自衛隊,2025,2025,2
https://www.mod.go.jp/gsdf/nae/fin/nafin/pdf/public_p/07/08/pp08-horobetu-r7.pdf,pdf,hokubu_kaikei,北部方面会計隊,陸上自衛隊,2025,2025,6
https://www.mod.go.jp/gsdf/nae/fin/nafin/pdf/public_p/07/08/pp08-kitaeniwa-r7.pdf,pdf,hokubu_kaikei,北部方面会計隊,陸上自衛隊,2025,2025,1
https://www.mod.go.jp/gsdf/nae/fin/nafin/pdf/public_p/07/08/pp08-minamieniwa-r7.pdf,pdf,hokubu_kaikei,北部方面会計隊,陸上自衛隊,2025,2025,4
https://www.mod.go.jp/gsdf/nae/fin/nafin/pdf/public_p/07/08/pp08-shizunai-r7.pdf,pdf,hokubu_kaikei,北部方面会計隊,陸上自衛隊,2025,2025,2
https://www.mod.go.jp/gsdf/nae/fin/nafin/pdf/public_p/07/09/pp08-344-r7.pdf,pdf,hokubu_kaikei,北部方面会計隊,陸上自衛隊,2025,2025,2
https://www.mod.go.jp/gsdf/nae/fin/nafin/pdf/public_p/07/09/pp08-iwamizawa-r7.pdf,pdf,hokubu_kaikei,北部方面会計隊,陸上自衛隊,2025,2025,1
https://www.mod.go.jp/gsdf/nae/fin/nafin/pdf/public_p/07/09/pp09-345-r7.pdf,pdf,hokubu_kaikei,北部方面会計隊,陸上自衛隊,2025,2025,2
https://www.mod.go.jp/gsdf/nae/fin/nafin/pdf/public_p/07/09/pp09-horobetu-r7.pdf,pdf,hokubu_kaikei,北部方面会計隊,陸上自衛隊,2025,2025,1
https://www.mod.go.jp/gsdf/nae/fin/nafin/pdf/public_p/07/10/pp08-110-r7.pdf,pdf,hokubu_kaikei,北部方面会計隊,陸上自衛隊,2025,2025,1
https://www.mod.go.jp/gsdf/nae/fin/nafin/pdf/public_p/07/10/pp08-332-r7.pdf,pdf,hokubu_kaikei,北部方面会計隊,陸上自衛隊,2025,2025,1
https://www.mod.go.jp/gsdf/nae/fin/nafin/pdf/public_p/07/10/pp08-342-r7.pdf,pdf,hokubu_kaikei,北部方面会計隊,陸上自衛隊,2025,2025,1
https://www.mod.go.jp/gsdf/nae/fin/nafin/pdf/public_p/07/10/pp08-374-r7.pdf,pdf,hokubu_kaikei,北部方面会計隊,陸上自衛隊,2025,2025,2
https://www.mod.go.jp/gsdf/nae/fin/nafin/pdf/public_p/07/10/pp08-377-r7.pdf,pdf,hokubu_kaikei,北部方面会計隊,陸上自衛隊,2025,2025,4
https://www.mod.go.jp/gsdf/nae/fin/nafin/pdf/public_p/07/10/pp08-bibai-r7.pdf,pdf,hokubu_kaikei,北部方面会計隊,陸上自衛隊,2025,2025,1
https://www.mod.go.jp/gsdf/nae/fin/nafin/pdf/public_p/07/10/pp09-110-r7.pdf,pdf,hokubu_kaikei,北部方面会計隊,陸上自衛隊,2025,2025,4
https://www.mod.go.jp/gsdf/nae/fin/nafin/pdf/public_p/07/10/pp09-324-r7.pdf,pdf,hokubu_kaikei,北部方面会計隊,陸上自衛隊,2025,2025,9
https://www.mod.go.jp/gsdf/nae/fin/nafin/pdf/public_p/07/10/pp09-325-r7.pdf,pdf,hokubu_kaikei,北部方面会計隊,陸上自衛隊,2025,2025,4
https://www.mod.go.jp/gsdf/nae/fin/nafin/pdf/public_p/07/10/pp09-332-r7.pdf,pdf,hokubu_kaikei,北部方面会計隊,陸上自衛隊,2025,2025,2
https://www.mod.go.jp/gsdf/nae/fin/nafin/pdf/public_p/07/10/pp09-342-r7.pdf,pdf,hokubu_kaikei,北部方面会計隊,陸上自衛隊,2025,2025,1
https://www.mod.go.jp/gsdf/nae/fin/nafin/pdf/public_p/07/10/pp09-374-r7.pdf,pdf,hokubu_kaikei,北部方面会計隊,陸上自衛隊,2025,2025,4
https://www.mod.go.jp/gsdf/nae/fin/nafin/pdf/public_p/07/10/pp09-376-r7.pdf,pdf,hokubu_kaikei,北部方面会計隊,陸上自衛隊,2025,2025,2
https://www.mod.go.jp/gsdf/nae/fin/nafin/pdf/public_p/07/10/pp09-iwamizawa-r7.pdf,pdf,hokubu_kaikei,北部方面会計隊,陸上自衛隊,2025,2025,1
https://www.mod.go.jp/gsdf/nae/fin/nafin/pdf/public_p/07/10/pp10-shikaoi-r7.pdf,pdf,hokubu_kaikei,北部方面会計隊,陸上自衛隊,2025,2025,1
https://www.mod.go.jp/gsdf/nae/fin/nafin/pdf/public_p/07/10/pp10-shizunai-r7.pdf,pdf,hokubu_kaikei,北部方面会計隊,陸上自衛隊,2025,2025,5
https://www.mod.go.jp/gsdf/nae/fin/nafin/pdf/public_p/07/11/pp09-343-r7.pdf,pdf,hokubu_kaikei,北部方面会計隊,陸上自衛隊,2025,2025,8
https://www.mod.go.jp/gsdf/nae/fin/nafin/pdf/public_p/07/11/pp09-344-r7.pdf,pdf,hokubu_kaikei,北部方面会計隊,陸上自衛隊,2025,2025,7
https://www.mod.go.jp/gsdf/nae/fin/nafin/pdf/public_p/07/11/pp09-377-r7.pdf,pdf,hokubu_kaikei,北部方面会計隊,陸上自衛隊,2025,2025,1
https://www.mod.go.jp/gsdf/nae/fin/nafin/pdf/public_p/07/11/pp09-betukai-r7.pdf,pdf,hokubu_kaikei,北部方面会計隊,陸上自衛隊,2025,2025,1
https://www.mod.go.jp/gsdf/nae/fin/nafin/pdf/public_p/07/11/pp09-bibai-r7.pdf,pdf,hokubu_kaikei,北部方面会計隊,陸上自衛隊,2025,2025,1
https://www.mod.go.jp/gsdf/nae/fin/nafin/pdf/public_p/07/11/pp09-minamieniwa-r7.pdf,pdf,hokubu_kaikei,北部方面会計隊,陸上自衛隊,2025,2025,3
https://www.mod.go.jp/gsdf/nae/fin/nafin/pdf/public_p/07/11/pp09-wakkanai-r7.pdf,pdf,hokubu_kaikei,北部方面会計隊,陸上自衛隊,2025,2025,2
https://www.mod.go.jp/gsdf/nae/fin/nafin/pdf/public_p/07/11/pp10-110-r7.pdf,pdf,hokubu_kaikei,北部方面会計隊,陸上自衛隊,2025,2025,4
https://www.mod.go.jp/gsdf/nae/fin/nafin/pdf/public_p/07/11/pp10-324-r7.pdf,pdf,hokubu_kaikei,北部方面会計隊,陸上自衛隊,2025,2025,10
https://www.mod.go.jp/gsdf/nae/fin/nafin/pdf/public_p/07/11/pp10-325-r7.pdf,pdf,hokubu_kaikei,北部方面会計隊,陸上自衛隊,2025,2025,9
https://www.mod.go.jp/gsdf/nae/fin/nafin/pdf/public_p/07/11/pp10-342-r7.pdf,pdf,hokubu_kaikei,北部方面会計隊,陸上自衛隊,2025,2025,2
https://www.mod.go.jp/gsdf/nae/fin/nafin/pdf/public_p/07/11/pp10-345-r7.pdf,pdf,hokubu_kaikei,北部方面会計隊,陸上自衛隊,2025,2025,1
https://www.mod.go.jp/gsdf/nae/fin/nafin/pdf/public_p/07/11/pp10-346-r7.pdf,pdf,hokubu_kaikei,北部方面会計隊,陸上自衛隊,2025,2025,3
https://www.mod.go.jp/gsdf/nae/fin/nafin/pdf/public_p/07/11/pp10-374-r7.pdf,pdf,hokubu_kaikei,北部方面会計隊,陸上自衛隊,2025,2025,10
https://www.mod.go.jp/gsdf/nae/fin/nafin/pdf/public_p/07/11/pp10-376-r7.pdf,pdf,hokubu_kaikei,北部方面会計隊,陸上自衛隊,2025,2025,3
https://www.mod.go.jp/gsdf/nae/fin/nafin/pdf/public_p/07/11/pp10-betukai-r7.pdf,pdf,hokubu_kaikei,北部方面会計隊,陸上自衛隊,2025,2025,2
https://www.mod.go.jp/gsdf/nae/fin/nafin/pdf/public_p/07/11/pp10-iwamizawa-r7.pdf,pdf,hokubu_kaikei,北部方面会計隊,陸上自衛隊,2025,2025,1
https://www.mod.go.jp/gsdf/nae/fin/nafin/pdf/public_p/07/11/pp10-kitaeniwa-r7.pdf,pdf,hokubu_kaikei,北部方面会計隊,陸上自衛隊,2025,2025,3
https://www.mod.go.jp/gsdf/nae/fin/nafin/pdf/public_p/07/11/pp10-minamieniwa-r7.pdf,pdf,hokubu_kaikei,北部方面会計隊,陸上自衛隊,2025,2025,4
https://www.mod.go.jp/gsdf/nae/fin/nafin/pdf/public_p/07/11/pp11-324-r7.pdf,pdf,hokubu_kaikei,北部方面会計隊,陸上自衛隊,2025,2025,2
https://www.mod.go.jp/gsdf/nae/fin/nafin/pdf/public_p/07/11/pp11-344-r7.pdf,pdf,hokubu_kaikei,北部方面会計隊,陸上自衛隊,2025,2025,6
https://www.mod.go.jp/gsdf/nae/fin/nafin/pdf/public_p/07/11/pp11-346-r7.pdf,pdf,hokubu_kaikei,北部方面会計隊,陸上自衛隊,2025,2025,3
https://www.mod.go.jp/gsdf/nae/fin/nafin/pdf/public_p/07/11/pp11-shikaoi-r7.pdf,pdf,hokubu_kaikei,北部方面会計隊,陸上自衛隊,2025,2025,1
https://www.mod.go.jp/gsdf/nae/fin/nafin/pdf/public_p/07/11/pp11-shizunai-r7.pdf,pdf,hokubu_kaikei,北部方面会計隊,陸上自衛隊,2025,2025,2
https://www.mod.go.jp/gsdf/nae/fin/nafin/pdf/public_p/07/12/pp10-323-r7.pdf,pdf,hokubu_kaikei,北部方面会計隊,陸上自衛隊,2025,2025,3
https://www.mod.go.jp/gsdf/nae/fin/nafin/pdf/public_p/07/12/pp10-332-r7.pdf,pdf,hokubu_kaikei,北部方面会計隊,陸上自衛隊,2025,2025,3
https://www.mod.go.jp/gsdf/nae/fin/nafin/pdf/public_p/07/12/pp10-343-r7.pdf,pdf,hokubu_kaikei,北部方面会計隊,陸上自衛隊,2025,2025,3
https://www.mod.go.jp/gsdf/nae/fin/nafin/pdf/public_p/07/12/pp10-344-r7.pdf,pdf,hokubu_kaikei,北部方面会計隊,陸上自衛隊,2025,2025,5
https://www.mod.go.jp/gsdf/nae/fin/nafin/pdf/public_p/07/12/pp10-377-r7.pdf,pdf,hokubu_kaikei,北部方面会計隊,陸上自衛隊,2025,2025,3
https://www.mod.go.jp/gsdf/nae/fin/nafin/pdf/public_p/07/12/pp11-110-r7.pdf,pdf,hokubu_kaikei,北部方面会計隊,陸上自衛隊,2025,2025,5
https://www.mod.go.jp/gsdf/nae/fin/nafin/pdf/public_p/07/12/pp11-323-r7.pdf,pdf,hokubu_kaikei,北部方面会計隊,陸上自衛隊,2025,2025,5
https://www.mod.go.jp/gsdf/nae/fin/nafin/pdf/public_p/07/12/pp11-325-r7.pdf,pdf,hokubu_kaikei,北部方面会計隊,陸上自衛隊,2025,2025,9
https://www.mod.go.jp/gsdf/nae/fin/nafin/pdf/public_p/07/12/pp11-332-r7.pdf,pdf,hokubu_kaikei,北部方面会計隊,陸上自衛隊,2025,2025,1
https://www.mod.go.jp/gsdf/nae/fin/nafin/pdf/public_p/07/12/pp11-342-r7.pdf,pdf,hokubu_kaikei,北部方面会計隊,陸上自衛隊,2025,2025,1
https://www.mod.go.jp/gsdf/nae/fin/nafin/pdf/public_p/07/12/pp11-343-r7.pdf,pdf,hokubu_kaikei,北部方面会計隊,陸上自衛隊,2025,2025,7
https://www.mod.go.jp/gsdf/nae/fin/nafin/pdf/public_p/07/12/pp11-345-r7.pdf,pdf,hokubu_kaikei,北部方面会計隊,陸上自衛隊,2025,2025,2
https://www.mod.go.jp/gsdf/nae/fin/nafin/pdf/public_p/07/12/pp11-376-r7.pdf,pdf,hokubu_kaikei,北部方面会計隊,陸上自衛隊,2025,2025,4
https://www.mod.go.jp/gsdf/nae/fin/nafin/pdf/public_p/07/12/pp11-377-r7.pdf,pdf,hokubu_kaikei,北部方面会計隊,陸上自衛隊,2025,2025,1
https://www.mod.go.jp/gsdf/nae/fin/nafin/pdf/public_p/07/12/pp11-bibai-r7.pdf,pdf,hokubu_kaikei,北部方面会計隊,陸上自衛隊,2025,2025,1
https://www.mod.go.jp/gsdf/nae/fin/nafin/pdf/public_p/07/12/pp11-horobetu-r7.pdf,pdf,hokubu_kaikei,北部方面会計隊,陸上自衛隊,2025,2025,2
https://www.mod.go.jp/gsdf/nae/fin/nafin/pdf/public_p/07/12/pp11-kitaeniwa-r7.pdf,pdf,hokubu_kaikei,北部方面会計隊,陸上自衛隊,2025,2025,2
https://www.mod.go.jp/gsdf/nae/fin/nafin/pdf/public_p/07/12/pp11-wakkanai-r7.pdf,pdf,hokubu_kaikei,北部方面会計隊,陸上自衛隊,2025,2025,1
https://www.mod.go.jp/gsdf/nae/fin/nafin/pdf/public_p/07/12/pp12-110-r7.pdf,pdf,hokubu_kaikei,北部方面会計隊,陸上自衛隊,2025,2025,1
https://www.mod.go.jp/gsdf/nae/fin/nafin/pdf/public_p/07/12/pp12-324-r7.pdf,pdf,hokubu_kaikei,北部方面会計隊,陸上自衛隊,2025,2025,3
https://www.mod.go.jp/gsdf/nae/fin/nafin/pdf/public_p/07/12/pp12-325-r7-2.pdf,pdf,hokubu_kaikei,北部方面会計隊,陸上自衛隊,2025,2025,12
https://www.mod.go.jp/gsdf/nae/fin/nafin/pdf/public_p/07/12/pp12-332-r7.pdf,pdf,hokubu_kaikei,北部方面会計隊,陸上自衛隊,2025,2025,2
https://www.mod.go.jp/gsdf/nae/fin/nafin/pdf/public_p/07/12/pp12-342-r7.pdf,pdf,hokubu_kaikei,北部方面会計隊,陸上自衛隊,2025,2025,1
https://www.mod.go.jp/gsdf/nae/fin/nafin/pdf/public_p/07/12/pp12-343-r7.pdf,pdf,hokubu_kaikei,北部方面会計隊,陸上自衛隊,2025,2025,11
https://www.mod.go.jp/gsdf/nae/fin/nafin/pdf/public_p/07/12/pp12-344-r7.pdf,pdf,hokubu_kaikei,北部方面会計隊,陸上自衛隊,2025,2025,5
https://www.mod.go.jp/gsdf/nae/fin/nafin/pdf/public_p/07/12/pp12-345-r7-2.pdf,pdf,hokubu_kaikei,北部方面会計隊,陸上自衛隊,2025,2025,1
https://www.mod.go.jp/gsdf/nae/fin/nafin/pdf/public_p/07/12/pp12-377-r7.pdf,pdf,hokubu_kaikei,北部方面会計隊,陸上自衛隊,2025,2025,1
https://www.mod.go.jp/gsdf/nae/fin/nafin/pdf/public_p/07/12/pp12-betukai-r7.pdf,pdf,hokubu_kaikei,北部方面会計隊,陸上自衛隊,2025,2025,3
https://www.mod.go.jp/gsdf/nae/fin/nafin/pdf/public_p/07/12/pp12-bibai-r7.pdf,pdf,hokubu_kaikei,北部方面会計隊,陸上自衛隊,2025,2025,2
https://www.mod.go.jp/gsdf/nae/fin/nafin/pdf/public_p/07/12/pp12-kitaeniwa-r7.pdf,pdf,hokubu_kaikei,北部方面会計隊,陸上自衛隊,2025,2025,5
https://www.mod.go.jp/gsdf/nae/fin/nafin/pdf/public_p/07/12/pp12-shikaoi-r7.pdf,pdf,hokubu_kaikei,北部方面会計隊,陸上自衛隊,2025,2025,1
https://www.mod.go.jp/gsdf/nae/fin/nafin/pdf/public_p/08/01/pp01-110-r8.pdf,pdf,hokubu_kaikei,北部方面会計隊,陸上自衛隊,2025,2025,2
https://www.mod.go.jp/gsdf/nae/fin/nafin/pdf/public_p/08/01/pp01-324-r8.pdf,pdf,hokubu_kaikei,北部方面会計隊,陸上自衛隊,2025,2025,15
https://www.mod.go.jp/gsdf/nae/fin/nafin/pdf/public_p/08/01/pp01-325-r8.pdf,pdf,hokubu_kaikei,北部方面会計隊,陸上自衛隊,2025,2025,6
https://www.mod.go.jp/gsdf/nae/fin/nafin/pdf/public_p/08/01/pp01-345-r8.pdf,pdf,hokubu_kaikei,北部方面会計隊,陸上自衛隊,2025,2025,2
https://www.mod.go.jp/gsdf/nae/fin/nafin/pdf/public_p/08/01/pp01-346-r8.pdf,pdf,hokubu_kaikei,北部方面会計隊,陸上自衛隊,2025,2025,3
https://www.mod.go.jp/gsdf/nae/fin/nafin/pdf/public_p/08/01/pp01-376-r8.pdf,pdf,hokubu_kaikei,北部方面会計隊,陸上自衛隊,2025,2025,2
https://www.mod.go.jp/gsdf/nae/fin/nafin/pdf/public_p/08/01/pp01-betukai-r8.pdf,pdf,hokubu_kaikei,北部方面会計隊,陸上自衛隊,2025,2025,4
https://www.mod.go.jp/gsdf/nae/fin/nafin/pdf/public_p/08/01/pp01-horobetu-r8.pdf,pdf,hokubu_kaikei,北部方面会計隊,陸上自衛隊,2025,2025,1
https://www.mod.go.jp/gsdf/nae/fin/nafin/pdf/public_p/08/01/pp01-kitaeniwa-r8.pdf,pdf,hokubu_kaikei,北部方面会計隊,陸上自衛隊,2025,2025,3
https://www.mod.go.jp/gsdf/nae/fin/nafin/pdf/public_p/08/01/pp01-sikaoi-r8.pdf,pdf,hokubu_kaikei,北部方面会計隊,陸上自衛隊,2025,2025,1
https://www.mod.go.jp/gsdf/nae/fin/nafin/pdf/public_p/08/01/pp01-sizunai-r8.pdf,pdf,hokubu_kaikei,北部方面会計隊,陸上自衛隊,2025,2025,1
https://www.mod.go.jp/gsdf/nae/fin/nafin/pdf/public_p/08/01/pp11-374-r7.pdf,pdf,hokubu_kaikei,北部方面会計隊,陸上自衛隊,2025,2025,2
https://www.mod.go.jp/gsdf/nae/fin/nafin/pdf/public_p/08/01/pp11-minamieniwa-r7.pdf,pdf,hokubu_kaikei,北部方面会計隊,陸上自衛隊,2025,2025,4
https://www.mod.go.jp/gsdf/nae/fin/nafin/pdf/public_p/08/01/pp12-323-r7.pdf,pdf,hokubu_kaikei,北部方面会計隊,陸上自衛隊,2024,2025,10
https://www.mod.go.jp/gsdf/nae/fin/nafin/pdf/public_p/08/01/pp12-346-r7.pdf,pdf,hokubu_kaikei,北部方面会計隊,陸上自衛隊,2025,2025,1
https://www.mod.go.jp/gsdf/nae/fin/nafin/pdf/public_p/08/01/pp12-374-r7.pdf,pdf,hokubu_kaikei,北部方面会計隊,陸上自衛隊,2025,2025,4
https://www.mod.go.jp/gsdf/nae/fin/nafin/pdf/public_p/08/01/pp12-376-r7.pdf,pdf,hokubu_kaikei,北部方面会計隊,陸上自衛隊,2025,2025,2
https://www.mod.go.jp/gsdf/nae/fin/nafin/pdf/public_p/08/01/pp12-horobetu-r7.pdf,pdf,hokubu_kaikei,北部方面会計隊,陸上自衛隊,2025,2025,3
https://www.mod.go.jp/gsdf/nae/fin/nafin/pdf/public_p/08/01/pp12-minamieniwa-r7.pdf,pdf,hokubu_kaikei,北部方面会計隊,陸上自衛隊,2025,2025,1
https://www.mod.go.jp/gsdf/nae/fin/nafin/pdf/public_p/08/01/pp12-shizunai-r7.pdf,pdf,hokubu_kaikei,北部方面会計隊,陸上自衛隊,2025,2025,3
https://www.mod.go.jp/gsdf/nae/fin/nafin/pdf/public_p/08/02/pp02-325-r8.pdf,pdf,hokubu_kaikei,北部方面会計隊,陸上自衛隊,2025,2025,18
https://www.mod.go.jp/gsdf/nae/fin/nafin/pdf/public_p/08/02/pp02-345-r8.pdf,pdf,hokubu_kaikei,北部方面会計隊,陸上自衛隊,2025,2025,5
https://www.mod.go.jp/gsdf/nae/fin/nafin/pdf/public_p/08/02/pp02-346-r8.pdf,pdf,hokubu_kaikei,北部方面会計隊,陸上自衛隊,2025,2025,5
https://www.mod.go.jp/gsdf/nae/fin/nafin/pdf/public_p/08/02/pp02-horobetu-r8.pdf,pdf,hokubu_kaikei,北部方面会計隊,陸上自衛隊,2025,2025,2
https://www.mod.go.jp/gsdf/nae/fin/nafin/pdf/public_p/08/02/pp02-iwamizawa-r8.pdf,pdf,hokubu_kaikei,北部方面会計隊,陸上自衛隊,2025,2025,1
https://www.mod.go.jp/gsdf/nae/fin/nafin/pdf/public_p/08/02/pp02-sikaoi-r8.pdf,pdf,hokubu_kaikei,北部方面会計隊,陸上自衛隊,2025,2025,2
https://www.mod.go.jp/gsdf/nae/fin/nafin/pdf/public_p/08/03/pp01-323-r7.pdf,pdf,hokubu_kaikei,北部方面会計隊,陸上自衛隊,2025,2025,2
https://www.mod.go.jp/gsdf/nae/fin/nafin/pdf/public_p/08/03/pp01-332-r7.pdf,pdf,hokubu_kaikei,北部方面会計隊,陸上自衛隊,2025,2025,1
https://www.mod.go.jp/gsdf/nae/fin/nafin/pdf/public_p/08/03/pp01-342-r7.pdf,pdf,hokubu_kaikei,北部方面会計隊,陸上自衛隊,2025,2025,1
https://www.mod.go.jp/gsdf/nae/fin/nafin/pdf/public_p/08/03/pp01-344-r7.pdf,pdf,hokubu_kaikei,北部方面会計隊,陸上自衛隊,2025,2025,6
https://www.mod.go.jp/gsdf/nae/fin/nafin/pdf/public_p/08/03/pp01-374-r7.pdf,pdf,hokubu_kaikei,北部方面会計隊,陸上自衛隊,2025,2025,2
https://www.mod.go.jp/gsdf/nae/fin/nafin/pdf/public_p/08/03/pp01-377-r7.pdf,pdf,hokubu_kaikei,北部方面会計隊,陸上自衛隊,2025,2025,2
https://www.mod.go.jp/gsdf/nae/fin/nafin/pdf/public_p/08/03/pp01-bibai-r7.pdf,pdf,hokubu_kaikei,北部方面会計隊,陸上自衛隊,2025,2025,2
https://www.mod.go.jp/gsdf/nae/fin/nafin/pdf/public_p/08/03/pp01-minamieniwa-r7.pdf,pdf,hokubu_kaikei,北部方面会計隊,陸上自衛隊,2025,2025,8
https://www.mod.go.jp/gsdf/nae/fin/nafin/pdf/public_p/08/03/pp02-110-r7.pdf,pdf,hokubu_kaikei,北部方面会計隊,陸上自衛隊,2025,2025,16
https://www.mod.go.jp/gsdf/nae/fin/nafin/pdf/public_p/08/03/pp02-323-r7.pdf,pdf,hokubu_kaikei,北部方面会計隊,陸上自衛隊,2025,2025,4
https://www.mod.go.jp/gsdf/nae/fin/nafin/pdf/public_p/08/03/pp02-324-r7.pdf,pdf,hokubu_kaikei,北部方面会計隊,陸上自衛隊,2025,2025,31
https://www.mod.go.jp/gsdf/nae/fin/nafin/pdf/public_p/08/03/pp02-332-r7.pdf,pdf,hokubu_kaikei,北部方面会計隊,陸上自衛隊,2025,2025,2
https://www.mod.go.jp/gsdf/nae/fin/nafin/pdf/public_p/08/03/pp02-342-r7.pdf,pdf,hokubu_kaikei,北部方面会計隊,陸上自衛隊,2025,2025,10
https://www.mod.go.jp/gsdf/nae/fin/nafin/pdf/public_p/08/03/pp02-376-r7.pdf,pdf,hokubu_kaikei,北部方面会計隊,陸上自衛隊,2025,2025,9
https://www.mod.go.jp/gsdf/nae/fin/nafin/pdf/public_p/08/03/pp02-377-r7.pdf,pdf,hokubu_kaikei,北部方面会計隊,陸上自衛隊,2025,2025,1
https://www.mod.go.jp/gsdf/nae/fin/nafin/pdf/public_p/08/03/pp02-bibai-r7.pdf,pdf,hokubu_kaikei,北部方面会計隊,陸上自衛隊,2025,2025,1
https://www.mod.go.jp/gsdf/nae/fin/nafin/pdf/public_p/08/03/pp02-kitaeniwa-r7.pdf,pdf,hokubu_kaikei,北部方面会計隊,陸上自衛隊,2025,2025,2
https://www.mod.go.jp/gsdf/nae/fin/nafin/pdf/public_p/08/03/pp02-minamieniwa-r7.pdf,pdf,hokubu_kaikei,北部方面会計隊,陸上自衛隊,2025,2025,4
https://www.mod.go.jp/gsdf/nae/fin/nafin/pdf/public_p/08/03/pp02-shizunai-r7.pdf,pdf,hokubu_kaikei,北部方面会計隊,陸上自衛隊,2025,2025,9
https://www.mod.go.jp/gsdf/nae/fin/nafin/pdf/public_p/08/03/pp03-110-r7.pdf,pdf,hokubu_kaikei,北部方面会計隊,陸上自衛隊,2025,2025,3
https://www.mod.go.jp/gsdf/nae/fin/nafin/pdf/public_p/08/03/pp03-325-r7.pdf,pdf,hokubu_kaikei,北部方面会計隊,陸上自衛隊,2025,2025,6
https://www.mod.go.jp/gsdf/nae/fin/nafin/pdf/public_p/08/03/pp03-kitaeniwa-r7.pdf,pdf,hokubu_kaikei,北部方面会計隊,陸上自衛隊,2025,2025,2
https://www.mod.go.jp/gsdf/nae/fin/nafin/pdf/public_p/08/03/pp03-minamieniwa-r7.pdf,pdf,hokubu_kaikei,北部方面会計隊,陸上自衛隊,2025,2025,1
https://www.mod.go.jp/gsdf/nae/fin/nafin/pdf/public_p/08/03/pp03-shikaoi-r7.pdf,pdf,hokubu_kaikei,北部方面会計隊,陸上自衛隊,2025,2025,1
https://www.mod.go.jp/gsdf/nae/fin/nafin/pdf/public_p/08/03/pp1-343-r7.pdf,pdf,hokubu_kaikei,北部方面会計隊,陸上自衛隊,2025,2025,6
https://www.mod.go.jp/gsdf/nae/fin/nafin/pdf/public_p/08/04/pp02-343-r7.pdf,pdf,hokubu_kaikei,北部方面会計隊,陸上自衛隊,2025,2025,15
https://www.mod.go.jp/gsdf/nae/fin/nafin/pdf/public_p/08/04/pp02-344-r7.pdf,pdf,hokubu_kaikei,北部方面会計隊,陸上自衛隊,2025,2025,11
https://www.mod.go.jp/gsdf/nae/fin/nafin/pdf/public_p/08/04/pp02-374-r7.pdf,pdf,hokubu_kaikei,北部方面会計隊,陸上自衛隊,2025,2025,14
https://www.mod.go.jp/gsdf/nae/fin/nafin/pdf/public_p/08/04/pp02-betukai-r7.pdf,pdf,hokubu_kaikei,北部方面会計隊,陸上自衛隊,2025,2025,4
https://www.mod.go.jp/gsdf/nae/fin/nafin/pdf/public_p/08/04/pp03-323-r7.pdf,pdf,hokubu_kaikei,北部方面会計隊,陸上自衛隊,2025,2025,4
https://www.mod.go.jp/gsdf/nae/fin/nafin/pdf/public_p/08/04/pp03-324-r7.pdf,pdf,hokubu_kaikei,北部方面会計隊,陸上自衛隊,2025,2025,5
https://www.mod.go.jp/gsdf/nae/fin/nafin/pdf/public_p/08/04/pp03-332-r7.pdf,pdf,hokubu_kaikei,北部方面会計隊,陸上自衛隊,2025,2025,2
https://www.mod.go.jp/gsdf/nae/fin/nafin/pdf/public_p/08/04/pp03-342-r7.pdf,pdf,hokubu_kaikei,北部方面会計隊,陸上自衛隊,2025,2025,5
https://www.mod.go.jp/gsdf/nae/fin/nafin/pdf/public_p/08/04/pp03-343-r7.pdf,pdf,hokubu_kaikei,北部方面会計隊,陸上自衛隊,2025,2025,4
https://www.mod.go.jp/gsdf/nae/fin/nafin/pdf/public_p/08/04/pp03-344-r7.pdf,pdf,hokubu_kaikei,北部方面会計隊,陸上自衛隊,2025,2025,1
https://www.mod.go.jp/gsdf/nae/fin/nafin/pdf/public_p/08/04/pp03-374-r7.pdf,pdf,hokubu_kaikei,北部方面会計隊,陸上自衛隊,2025,2025,18
https://www.mod.go.jp/gsdf/nae/fin/nafin/pdf/public_p/08/04/pp03-377-r7.pdf,pdf,hokubu_kaikei,北部方面会計隊,陸上自衛隊,2025,2025,2
https://www.mod.go.jp/gsdf/nae/fin/nafin/pdf/public_p/08/04/pp03-betukai-r7.pdf,pdf,hokubu_kaikei,北部方面会計隊,陸上自衛隊,2025,2025,1
https://www.mod.go.jp/gsdf/nae/fin/nafin/pdf/public_p/08/04/pp03-iwamizawa-r7.pdf,pdf,hokubu_kaikei,北部方面会計隊,陸上自衛隊,2025,2025,2
https://www.mod.go.jp/gsdf/nae/fin/nafin/pdf/public_p/08/04/pp03-wakkanai-r7.pdf,pdf,hokubu_kaikei,北部方面会計隊,陸上自衛隊,2025,2025,1
https://www.mod.go.jp/igo/procurement/pdf/R4_k_buppinekimu.pdf,pdf,igo,防衛装備庁（旧）,防衛装備庁,2022,2022,2
https://www.mod.go.jp/igo/procurement/pdf/R5_k_buppin_ekimu.pdf,pdf,igo,防衛装備庁（旧）,防衛装備庁,2023,2023,2
https://www.mod.go.jp/igo/procurement/pdf/R6_k_buppin_ekimu.pdf,pdf,igo,防衛装備庁（旧）,防衛装備庁,2024,2024,2
https://www.mod.go.jp/igo/procurement/pdf/R6_k_sisutemu_ekimu.pdf,pdf,igo,防衛装備庁（旧）,防衛装備庁,2024,2024,1
https://www.mod.go.jp/igo/procurement/pdf/R6_k_zimuyou_saidannki.pdf,pdf,igo,防衛装備庁（旧）,防衛装備庁,2024,2024,2
https://www.mod.go.jp/igo/procurement/pdf/R7_k_kanpon.pdf.pdf,pdf,igo,防衛装備庁（旧）,防衛装備庁,2025,2025,1
https://www.mod.go.jp/igo/procurement/pdf/R7_k_kanponsisutemu.pdf,pdf,igo,防衛装備庁（旧）,防衛装備庁,2025,2025,1
https://www.mod.go.jp/igo/procurement/pdf/R7_k_takuhai_syaryou.pdf,pdf,igo,防衛装備庁（旧）,防衛装備庁,2025,2025,2
https://www.mod.go.jp/igo/procurement/pdf/R7_k_zimuyoudesuku.pdf,pdf,igo,防衛装備庁（旧）,防衛装備庁,2025,2025,1
https://www.mod.go.jp/igo/procurement/pdf/koukoku_20250226_buppinnyusou_kekka.pdf,,igo,防衛監察本部,防衛監察,2024,2024,1
https://www.mod.go.jp/igo/procurement/pdf/koukoku_20250226_syaryou_kekka.pdf,,igo,防衛監察本部,防衛監察,2024,2024,1
https://www.mod.go.jp/igo/procurement/pdf/koukoku_20250226_zimuyou_kekka.pdf,,igo,防衛監察本部,防衛監察,2024,2024,1
https://www.mod.go.jp/igo/procurement/pdf/koukoku_20250306_bunnsyosaidannki_kekka.pdf,,igo,防衛監察本部,防衛監察,2024,2024,1
https://www.mod.go.jp/igo/procurement/pdf/koukoku_20250819_dennshi_kekka.pdf,,igo,防衛監察本部,防衛監察,2025,2025,1
https://www.mod.go.jp/igo/procurement/pdf/koukoku_20251211_zimuyou_kekka.pdf,,igo,防衛監察本部,防衛監察,2025,2025,1
https://www.mod.go.jp/igo/procurement/pdf/koukoku_20251216_syaryou_kekka.pdf,,igo,防衛監察本部,防衛監察,2025,2025,1
https://www.mod.go.jp/igo/procurement/pdf/koukoku_20260122_buppinnyusou_kekka.pdf,,igo,防衛監察本部,防衛監察,2025,2025,1
https://www.mod.go.jp/igo/procurement/pdf/koukoku_20260202_kanponsisutemusai.kekka.pdf,,igo,防衛監察本部,防衛監察,2025,2025,1
https://www.mod.go.jp/igo/procurement/pdf/open_20250123_taika_kekka.pdf,,igo,防衛監察本部,防衛監察,2024,2024,1
https://www.mod.go.jp/igo/procurement/pdf/open_20250217_kouyoubunn_kekka.pdf,,igo,防衛監察本部,防衛監察,2024,2024,1
https://www.mod.go.jp/igo/procurement/pdf/open_20250306_mobairu_kekka.pdf,,igo,防衛監察本部,防衛監察,2024,2024,1
https://www.mod.go.jp/igo/procurement/pdf/open_20251225_daisannhann_kekka.pdf,,igo,防衛監察本部,防衛監察,2025,2025,1
https://www.mod.go.jp/igo/procurement/pdf/open_202600202_desukumatto.kekka.pdf,,igo,防衛監察本部,防衛監察,2025,2025,1
https://www.mod.go.jp/igo/procurement/pdf/open_202600202_purozyekuta.kekka.pdf,,igo,防衛監察本部,防衛監察,2025,2025,1
https://www.mod.go.jp/igo/procurement/pdf/open_20260203_6dannrakku.kekka.pdf,,igo,防衛監察本部,防衛監察,2025,2025,1
https://www.mod.go.jp/igo/procurement/pdf/opencounter_keizi_20250212_kekka.pdf,,igo,防衛監察本部,防衛監察,2024,2024,3
https://www.mod.go.jp/igo/procurement/pdf/opencounter_sangyou_20260127.kekka.pdf,,igo,防衛監察本部,防衛監察,2025,2025,1
https://www.mod.go.jp/js/pdf/supply/contract/kyou2404.pdf,pdf,js,統合幕僚監部,統合幕僚監部,2024,2024,24
https://www.mod.go.jp/js/pdf/supply/contract/kyou2405.pdf,pdf,js,統合幕僚監部,統合幕僚監部,2024,2024,14
https://www.mod.go.jp/js/pdf/supply/contract/kyou2406.pdf,pdf,js,統合幕僚監部,統合幕僚監部,2024,2024,17
https://www.mod.go.jp/js/pdf/supply/contract/kyou2407.pdf,pdf,js,統合幕僚監部,統合幕僚監部,2024,2024,16
https://www.mod.go.jp/js/pdf/supply/contract/kyou2408.pdf,pdf,js,統合幕僚監部,統合幕僚監部,2024,2024,19
https://www.mod.go.jp/js/pdf/supply/contract/kyou2409.pdf,pdf,js,統合幕僚監部,統合幕僚監部,2024,2024,23
https://www.mod.go.jp/js/pdf/supply/contract/kyou2410.pdf,pdf,js,統合幕僚監部,統合幕僚監部,2024,2024,20
https://www.mod.go.jp/js/pdf/supply/contract/kyou2411.pdf,pdf,js,統合幕僚監部,統合幕僚監部,2024,2024,19
https://www.mod.go.jp/js/pdf/supply/contract/kyou2412.pdf,pdf,js,統合幕僚監部,統合幕僚監部,2024,2024,28
https://www.mod.go.jp/js/pdf/supply/contract/kyou2501.pdf,pdf,js,統合幕僚監部,統合幕僚監部,2024,2024,41
https://www.mod.go.jp/js/pdf/supply/contract/kyou2502.pdf,pdf,js,統合幕僚監部,統合幕僚監部,2024,2024,20
https://www.mod.go.jp/js/pdf/supply/contract/kyou2503.pdf,pdf,js,統合幕僚監部,統合幕僚監部,2024,2024,2
https://www.mod.go.jp/js/pdf/supply/contract/zui2204.pdf,pdf,js,統合幕僚監部,統合幕僚監部,2022,2022,8
https://www.mod.go.jp/js/pdf/supply/contract/zui2207.pdf,pdf,js,統合幕僚監部,統合幕僚監部,2022,2022,4
https://www.mod.go.jp/js/pdf/supply/contract/zui2208.pdf,pdf,js,統合幕僚監部,統合幕僚監部,2022,2022,2
https://www.mod.go.jp/js/pdf/supply/contract/zui2209.pdf,pdf,js,統合幕僚監部,統合幕僚監部,2022,2022,5
https://www.mod.go.jp/js/pdf/supply/contract/zui2210.pdf,pdf,js,統合幕僚監部,統合幕僚監部,2022,2022,4
https://www.mod.go.jp/js/pdf/supply/contract/zui2211.pdf,pdf,js,統合幕僚監部,統合幕僚監部,2022,2022,2
https://www.mod.go.jp/js/pdf/supply/contract/zui2212.pdf,pdf,js,統合幕僚監部,統合幕僚監部,2022,2022,5
https://www.mod.go.jp/js/pdf/supply/contract/zui2301.pdf,pdf,js,統合幕僚監部,統合幕僚監部,2022,2022,4
https://www.mod.go.jp/js/pdf/supply/contract/zui2302.pdf,pdf,js,統合幕僚監部,統合幕僚監部,2022,2022,6
https://www.mod.go.jp/js/pdf/supply/contract/zui2303.pdf,pdf,js,統合幕僚監部,統合幕僚監部,2022,2022,3
https://www.mod.go.jp/js/pdf/supply/contract/zui2304.pdf,pdf,js,統合幕僚監部,統合幕僚監部,2023,2023,15
https://www.mod.go.jp/js/pdf/supply/contract/zui2306.pdf,pdf,js,統合幕僚監部,統合幕僚監部,2023,2023,4
https://www.mod.go.jp/js/pdf/supply/contract/zui2307.pdf,pdf,js,統合幕僚監部,統合幕僚監部,2023,2023,3
https://www.mod.go.jp/js/pdf/supply/contract/zui2308.pdf,pdf,js,統合幕僚監部,統合幕僚監部,2023,2023,4
https://www.mod.go.jp/js/pdf/supply/contract/zui2309.pdf,pdf,js,統合幕僚監部,統合幕僚監部,2023,2023,3
https://www.mod.go.jp/js/pdf/supply/contract/zui2310.pdf,pdf,js,統合幕僚監部,統合幕僚監部,2023,2023,5
https://www.mod.go.jp/js/pdf/supply/contract/zui2312.pdf,pdf,js,統合幕僚監部,統合幕僚監部,2023,2023,2
https://www.mod.go.jp/js/pdf/supply/contract/zui2401.pdf,pdf,js,統合幕僚監部,統合幕僚監部,2023,2023,4
https://www.mod.go.jp/js/pdf/supply/contract/zui2402.pdf,pdf,js,統合幕僚監部,統合幕僚監部,2023,2023,4
https://www.mod.go.jp/js/pdf/supply/contract/zui2403.pdf,pdf,js,統合幕僚監部,統合幕僚監部,2023,2023,3
https://www.mod.go.jp/js/pdf/supply/contract/zui2404.pdf,pdf,js,統合幕僚監部,統合幕僚監部,2024,2024,19
https://www.mod.go.jp/js/pdf/supply/contract/zui2405.pdf,pdf,js,統合幕僚監部,統合幕僚監部,2024,2024,1
https://www.mod.go.jp/js/pdf/supply/contract/zui2406.pdf,pdf,js,統合幕僚監部,統合幕僚監部,2024,2024,1
https://www.mod.go.jp/js/pdf/supply/contract/zui2407.pdf,pdf,js,統合幕僚監部,統合幕僚監部,2024,2024,1
https://www.mod.go.jp/js/pdf/supply/contract/zui2408.pdf,pdf,js,統合幕僚監部,統合幕僚監部,2024,2024,6
https://www.mod.go.jp/js/pdf/supply/contract/zui2409.pdf,pdf,js,統合幕僚監部,統合幕僚監部,2024,2024,2
https://www.mod.go.jp/js/pdf/supply/contract/zui2410.pdf,pdf,js,統合幕僚監部,統合幕僚監部,2024,2024,2
https://www.mod.go.jp/js/pdf/supply/contract/zui2411.pdf,pdf,js,統合幕僚監部,統合幕僚監部,2024,2024,6
https://www.mod.go.jp/js/pdf/supply/contract/zui2412.pdf,pdf,js,統合幕僚監部,統合幕僚監部,2024,2024,9
https://www.mod.go.jp/js/pdf/supply/contract/zui2501.pdf,pdf,js,統合幕僚監部,統合幕僚監部,2024,2024,10
https://www.mod.go.jp/js/pdf/supply/contract/zui2502.pdf,pdf,js,統合幕僚監部,統合幕僚監部,2024,2024,9
https://www.mod.go.jp/js/pdf/supply/contract/zui2503.pdf,pdf,js,統合幕僚監部,統合幕僚監部,2024,2024,3
https://www.mod.go.jp/js/pdf/supply/contract/zui2504.pdf,pdf,js,統合幕僚監部,統合幕僚監部,2025,2025,24
https://www.mod.go.jp/js/pdf/supply/contract/zui2505.pdf,pdf,js,統合幕僚監部,統合幕僚監部,2025,2025,1
https://www.mod.go.jp/js/pdf/supply/contract/zui2506.pdf,pdf,js,統合幕僚監部,統合幕僚監部,2025,2025,1
https://www.mod.go.jp/js/pdf/supply/contract/zui2507.pdf,pdf,js,統合幕僚監部,統合幕僚監部,2025,2025,4
https://www.mod.go.jp/js/pdf/supply/contract/zui2508.pdf,pdf,js,統合幕僚監部,統合幕僚監部,2025,2025,4
https://www.mod.go.jp/js/pdf/supply/contract/zui2509.pdf,pdf,js,統合幕僚監部,統合幕僚監部,2025,2025,3
https://www.mod.go.jp/js/pdf/supply/contract/zui2510.pdf,pdf,js,統合幕僚監部,統合幕僚監部,2025,2025,1
https://www.mod.go.jp/js/pdf/supply/contract/zui2511.pdf,pdf,js,統合幕僚監部,統合幕僚監部,2025,2025,1
https://www.mod.go.jp/js/pdf/supply/contract/zui2512.pdf,pdf,js,統合幕僚監部,統合幕僚監部,2025,2025,3
https://www.mod.go.jp/js/pdf/supply/contract/zui2601.pdf,pdf,js,統合幕僚監部,統合幕僚監部,2025,2025,1
https://www.mod.go.jp/js/pdf/supply/contract/zui2602.pdf,pdf,js,統合幕僚監部,統合幕僚監部,2025,2025,1
https://www.mod.go.jp/js/pdf/supply/contract/zui2603.pdf,pdf,js,統合幕僚監部,統合幕僚監部,2025,2025,2
https://www.mod.go.jp/msdf/bukei/zd/nyusatsu/RAKUSATSU_B.xlsx,"excel,warp_crawler",msdf_asd,航空補給処,海上自衛隊,2024,2025,161
https://www.mod.go.jp/msdf/bukei/zd/nyusatsu/RAKUSATSU_K.xlsx,excel,msdf_asd,航空補給処,海上自衛隊,2025,2025,1
https://www.mod.go.jp/msdf/bukei/zd/nyusatsu/ZUIKEI_B.xlsx,"excel,warp_crawler",msdf_asd,航空補給処,海上自衛隊,2024,2025,2415
https://www.mod.go.jp/msdf/bukei/d0/nyuusatu/RAKUSATSU_B.xlsx,"excel,warp_crawler",msdf_d0,大湊地方総監部,海上自衛隊,2025,2025,212
https://www.mod.go.jp/msdf/bukei/d0/nyuusatu/RAKUSATSU_K.xlsx,excel,msdf_d0,大湊地方総監部,海上自衛隊,2025,2025,15
https://www.mod.go.jp/msdf/bukei/d0/nyuusatu/ZUIKEI_B.xlsx,"excel,warp_crawler",msdf_d0,大湊地方総監部,海上自衛隊,2025,2025,190
https://www.mod.go.jp/msdf/bukei/d0/nyuusatu/ZUIKEI_K.xlsx,excel,msdf_d0,大湊地方総監部,海上自衛隊,2024,2024,1
https://www.mod.go.jp/msdf/bukei/d1/RAKUSATSU_B.xlsx,excel,msdf_d1,函館基地隊,海上自衛隊,2023,2024,59
https://www.mod.go.jp/msdf/bukei/d1/RAKUSATSU_K.xls,warp_crawler,msdf_d1,函館基地隊,海上自衛隊,2025,2025,3
https://www.mod.go.jp/msdf/bukei/dw/RAKUSATSU_B.xlsx,excel,msdf_dw,稚内基地分遣隊,海上自衛隊,2023,2024,4
https://www.mod.go.jp/msdf/bukei/dy/RAKUSATSU_B.xls,excel,msdf_dy,余市防衛隊本部,海上自衛隊,2025,2025,5
https://www.mod.go.jp/msdf/bukei/dy/ZUIKEI_B.xls,excel,msdf_dy,余市防衛隊本部,海上自衛隊,2025,2025,1
https://www.mod.go.jp/msdf/bukei/dy/nyuusatsu/RAKUSATSU_B.xls,excel,msdf_dy,余市防衛隊本部,海上自衛隊,2024,2024,5
https://www.mod.go.jp/msdf/bukei/k0/nyuusatsu/RAKUSATSU_B.xlsx,"excel,warp_crawler",msdf_k0,呉地方総監部,海上自衛隊,2025,2025,508
https://www.mod.go.jp/msdf/bukei/k0/nyuusatsu/RAKUSATSU_K.xlsx,excel,msdf_k0,呉地方総監部,海上自衛隊,2025,2025,3
https://www.mod.go.jp/msdf/bukei/k0/nyuusatsu/ZUIKEI_B.xlsx,"excel,warp_crawler",msdf_k0,呉地方総監部,海上自衛隊,2025,2025,589
https://www.mod.go.jp/msdf/bukei/k0/nyuusatsu/ZUIKEI_K.xlsx,excel,msdf_k0,呉地方総監部,海上自衛隊,2024,2024,1
https://www.mod.go.jp/msdf/bukei/k1/keiyakukeka/RAKUSATU_B.xlsx,"excel,excel_index,warp_crawler",msdf_k1,阪神基地隊,海上自衛隊,2022,2025,587
https://www.mod.go.jp/msdf/bukei/k1/keiyakukeka/ZUIKEI_B.xlsx,excel,msdf_k1,阪神基地隊,海上自衛隊,2024,2025,8
https://www.mod.go.jp/msdf/bukei/k2/nyuusatsu/RAKUSATSU_B.xls,excel,msdf_k2,徳島航空基地隊,海上自衛隊,2024,2025,44
https://www.mod.go.jp/msdf/bukei/k2/nyuusatsu/RAKUSATSU_K.xls,excel,msdf_k2,徳島航空基地隊,海上自衛隊,2024,2025,6
https://www.mod.go.jp/msdf/bukei/k2/nyuusatsu/ZUIKEI_B.xls,excel,msdf_k2,徳島航空基地隊,海上自衛隊,2024,2025,8
https://www.mod.go.jp/msdf/bukei/k4/nyuusatsu/RAKUSATSU_B.xlsx,excel,msdf_k4,第31整備補給隊,海上自衛隊,2023,2025,380
https://www.mod.go.jp/msdf/bukei/k4/nyuusatsu/ZUIKEI_B.xlsx,excel,msdf_k4,第31整備補給隊,海上自衛隊,2023,2025,96
https://www.mod.go.jp/msdf/bukei/k7/nyuusatsu/RAKUSATSU_B.xls,excel,msdf_k7,第24航空隊,海上自衛隊,2024,2025,50
https://www.mod.go.jp/msdf/bukei/k7/nyuusatsu/ZUIKEI_B.xls,excel,msdf_k7,第24航空隊,海上自衛隊,2024,2025,5
https://www.mod.go.jp/msdf/bukei/m0/keiyakukeka/RAKUSATSU_K.xlsx,excel_index,msdf_m0,舞鶴地方総監部,海上自衛隊,2025,2025,6
https://www.mod.go.jp/msdf/bukei/m0/keiyakukeka/sougouhyouka.pdf,pdf_index,msdf_m0,舞鶴地方総監部,海上自衛隊,2023,2023,1
https://www.mod.go.jp/msdf/bukei/m0/keiyakukeka/RAKUSATSU_B.xlsx,"excel,warp_crawler","msdf_maizuru,msdf_m0",舞鶴地方総監部,海上自衛隊,2023,2025,420
https://www.mod.go.jp/msdf/bukei/m0/keiyakukeka/ZUIKEI_B.xlsx,"excel,warp_crawler","msdf_maizuru,msdf_m0",舞鶴地方総監部,海上自衛隊,2024,2025,424
https://www.mod.go.jp/msdf/bukei/s0/RAKUSATSU_B.xls,"excel,warp_crawler",msdf_s0,佐世保地方総監部,海上自衛隊,2025,2025,421
https://www.mod.go.jp/msdf/bukei/s0/RAKUSATSU_K.xls,excel,msdf_s0,佐世保地方総監部,海上自衛隊,2025,2025,6
https://www.mod.go.jp/msdf/bukei/s0/ZUIKEI_B.xls,"excel,warp_crawler",msdf_s0,佐世保地方総監部,海上自衛隊,2025,2025,498
https://www.mod.go.jp/msdf/bukei/s1/nyuusatsu/RAKUSATSU_B.xls,excel,msdf_s1,下関基地隊,海上自衛隊,2024,2025,15
https://www.mod.go.jp/msdf/bukei/s1/nyuusatsu/RAKUSATSU_K.xls,excel,msdf_s1,下関基地隊,海上自衛隊,2025,2025,1
https://www.mod.go.jp/msdf/bukei/s1/nyuusatsu/ZUIKEI_B.xls,excel,msdf_s1,下関基地隊,海上自衛隊,2024,2025,3
https://www.mod.go.jp/msdf/bukei/s2/nyuusatsu/RAKUSATSU_B.xls,excel,msdf_s2,鹿屋航空基地隊,海上自衛隊,2025,2025,99
https://www.mod.go.jp/msdf/bukei/s2/nyuusatsu/RAKUSATSU_K.xls,excel,msdf_s2,鹿屋航空基地隊,海上自衛隊,2025,2025,3
https://www.mod.go.jp/msdf/bukei/s2/nyuusatsu/ZUIKEI_B.xls,excel,msdf_s2,鹿屋航空基地隊,海上自衛隊,2025,2025,37
https://www.mod.go.jp/msdf/bukei/s3/nyuusatsu/RAKUSATSU_B.xls,warp_crawler,msdf_s3,第201整備補給隊,海上自衛隊,2025,2025,23
https://www.mod.go.jp/msdf/bukei/s3/nyuusatsu/RAKUSATSU_B.xlsx,excel,msdf_s3,第201整備補給隊,海上自衛隊,2023,2024,40
https://www.mod.go.jp/msdf/bukei/s3/nyuusatsu/RAKUSATSU_K.xls,warp_crawler,msdf_s3,第201整備補給隊,海上自衛隊,2025,2025,9
https://www.mod.go.jp/msdf/bukei/s3/nyuusatsu/ZUIKEI_B.xls,warp_crawler,msdf_s3,第201整備補給隊,海上自衛隊,2025,2025,3
https://www.mod.go.jp/msdf/bukei/s4/nyuusatsu/RAKUSATSU_B.xlsx,excel,msdf_s4,第22整備補給隊,海上自衛隊,2025,2025,27
https://www.mod.go.jp/msdf/bukei/s4/nyuusatsu/RAKUSATSU_K.xlsx,excel,msdf_s4,第22整備補給隊,海上自衛隊,2025,2025,6
https://www.mod.go.jp/msdf/bukei/s4/nyuusatsu/ZUIKEI_B.xlsx,excel,msdf_s4,第22整備補給隊,海上自衛隊,2025,2025,11
https://www.mod.go.jp/msdf/bukei/sa/nyuusatsu/RAKUSATSU_B.xlsx,excel,msdf_sa,奄美基地分遣隊,海上自衛隊,2022,2025,33
https://www.mod.go.jp/msdf/bukei/sk/nyuusatsu/RAKUSATSU_B.xlsx,excel,msdf_sk,沖縄基地隊,海上自衛隊,2023,2024,223
https://www.mod.go.jp/msdf/bukei/sk/nyuusatsu/ZUIKEI_B.xlsx,excel,msdf_sk,沖縄基地隊,海上自衛隊,2023,2024,18
https://www.mod.go.jp/msdf/bukei/sn/keiyakukeka/RAKUSATSU_B.xls,excel,msdf_sn,那覇航空基地隊,海上自衛隊,2024,2025,114
https://www.mod.go.jp/msdf/bukei/sn/keiyakukeka/RAKUSATSU_K.xls,excel,msdf_sn,那覇航空基地隊,海上自衛隊,2025,2025,2
https://www.mod.go.jp/msdf/bukei/sn/keiyakukeka/ZUIKEI_B.xlsx,excel,msdf_sn,那覇航空基地隊,海上自衛隊,2025,2025,7
https://www.mod.go.jp/msdf/bukei/st/nyuusatsu/RAKUSATSU_B.xls,excel,msdf_st,対馬防備隊本部,海上自衛隊,2025,2025,6
https://www.mod.go.jp/msdf/bukei/st/nyuusatsu/RAKUSATSU_K.xls,excel,msdf_st,対馬防備隊本部,海上自衛隊,2023,2023,1
https://www.mod.go.jp/msdf/bukei/t2/nyuusatsu/RAKUSATSU_B.xls,excel,msdf_t2,補給本部,海上自衛隊,2025,2025,448
https://www.mod.go.jp/msdf/bukei/t2/nyuusatsu/RAKUSATSU_K.xls,excel,msdf_t2,補給本部,海上自衛隊,2025,2025,5
https://www.mod.go.jp/msdf/bukei/t2/nyuusatsu/ZUIKEI_B.xls,excel,msdf_t2,補給本部,海上自衛隊,2025,2025,603
https://www.mod.go.jp/msdf/bukei/y0/nyuusatsu/RAKUSATSU_B.xlsx,"excel,warp_crawler",msdf_y0,横須賀地方総監部,海上自衛隊,2024,2025,677
https://www.mod.go.jp/msdf/bukei/y0/nyuusatsu/RAKUSATSU_K.xlsx,excel,msdf_y0,横須賀地方総監部,海上自衛隊,2024,2025,18
https://www.mod.go.jp/msdf/bukei/y0/nyuusatsu/ZUIKEI_B.xlsx,"excel,warp_crawler",msdf_y0,横須賀地方総監部,海上自衛隊,2024,2025,783
https://www.mod.go.jp/msdf/bukei/y2/nyuusatsu/RAKUSATSU_B.xlsx,excel,msdf_y2,館山航空基地隊,海上自衛隊,2024,2025,39
https://www.mod.go.jp/msdf/bukei/y2/nyuusatsu/RAKUSATSU_K.xlsx,excel,msdf_y2,館山航空基地隊,海上自衛隊,2025,2025,4
https://www.mod.go.jp/msdf/bukei/y2/nyuusatsu/ZUIKEI_B.xlsx,excel,msdf_y2,館山航空基地隊,海上自衛隊,2025,2025,12
https://www.mod.go.jp/msdf/bukei/y3/nyuusatsu/RAKUSATSU_B.xlsx,excel,msdf_y3,第203整備補給隊,海上自衛隊,2025,2025,59
https://www.mod.go.jp/msdf/bukei/y3/nyuusatsu/RAKUSATSU_K.xlsx,excel,msdf_y3,第203整備補給隊,海上自衛隊,2025,2025,5
https://www.mod.go.jp/msdf/bukei/y3/nyuusatsu/ZUIKEI_B.xlsx,excel,msdf_y3,第203整備補給隊,海上自衛隊,2025,2025,17
https://www.mod.go.jp/msdf/bukei/y6/nyuusatsu/RAKUSATSU_B.xls,excel_index,msdf_y6,厚木航空基地隊,海上自衛隊,2025,2025,151
https://www.mod.go.jp/msdf/bukei/y6/nyuusatsu/RAKUSATSU_B.xlsx,excel,msdf_y6,厚木航空基地隊,海上自衛隊,2023,2023,283
https://www.mod.go.jp/msdf/bukei/y6/nyuusatsu/RAKUSATSU_K.xls,excel_index,msdf_y6,厚木航空基地隊,海上自衛隊,2025,2025,12
https://www.mod.go.jp/msdf/bukei/y6/nyuusatsu/ZUIKEI_B.xls,excel_index,msdf_y6,厚木航空基地隊,海上自衛隊,2025,2025,29
https://www.mod.go.jp/msdf/bukei/y6/nyuusatsu/ZUIKEI_B.xlsx,excel,msdf_y6,厚木航空基地隊,海上自衛隊,2023,2023,42
https://www.mod.go.jp/msdf/bukei/yd/nyuusatsu/RAKUSATSU_B.xls,excel,msdf_yd,艦船補給処,海上自衛隊,2024,2025,106
https://www.mod.go.jp/msdf/bukei/yd/nyuusatsu/ZUIKEI_B.xls,"excel,warp_crawler",msdf_yd,艦船補給処,海上自衛隊,2024,2025,1285
https://www.mod.go.jp/j/budget/chotatsu/naikyoku/keiyaku/fy2022/01/01_buppin_k.xlsx,excel,naikyoku_kaikei,大臣官房会計課,防衛省内局,2022,2022,20
https://www.mod.go.jp/j/budget/chotatsu/naikyoku/keiyaku/fy2022/01/01_buppin_z.xlsx,excel,naikyoku_kaikei,大臣官房会計課,防衛省内局,2022,2022,5
https://www.mod.go.jp/j/budget/chotatsu/naikyoku/keiyaku/fy2022/02/02_buppin_k.xlsx,excel,naikyoku_kaikei,大臣官房会計課,防衛省内局,2022,2022,19
https://www.mod.go.jp/j/budget/chotatsu/naikyoku/keiyaku/fy2022/02/02_buppin_z.xlsx,excel,naikyoku_kaikei,大臣官房会計課,防衛省内局,2022,2022,1
https://www.mod.go.jp/j/budget/chotatsu/naikyoku/keiyaku/fy2022/03/03_buppin_k.xlsx,excel,naikyoku_kaikei,大臣官房会計課,防衛省内局,2022,2022,5
https://www.mod.go.jp/j/budget/chotatsu/naikyoku/keiyaku/fy2022/03/03_buppin_z.xlsx,excel,naikyoku_kaikei,大臣官房会計課,防衛省内局,2022,2022,3
https://www.mod.go.jp/j/budget/chotatsu/naikyoku/keiyaku/fy2022/03/03_kouji_z.xlsx,excel,naikyoku_kaikei,大臣官房会計課,防衛省内局,2022,2022,2
https://www.mod.go.jp/j/budget/chotatsu/naikyoku/keiyaku/fy2022/05/05_buppin_k.xlsx,excel,naikyoku_kaikei,大臣官房会計課,防衛省内局,2022,2022,5
https://www.mod.go.jp/j/budget/chotatsu/naikyoku/keiyaku/fy2022/05/05_buppin_z.xlsx,excel,naikyoku_kaikei,大臣官房会計課,防衛省内局,2022,2022,2
https://www.mod.go.jp/j/budget/chotatsu/naikyoku/keiyaku/fy2022/06/06_buppin_k.xlsx,excel,naikyoku_kaikei,大臣官房会計課,防衛省内局,2022,2022,20
https://www.mod.go.jp/j/budget/chotatsu/naikyoku/keiyaku/fy2022/06/06_buppin_z.xlsx,excel,naikyoku_kaikei,大臣官房会計課,防衛省内局,2022,2022,3
https://www.mod.go.jp/j/budget/chotatsu/naikyoku/keiyaku/fy2022/07/07_buppin_k.xlsx,excel,naikyoku_kaikei,大臣官房会計課,防衛省内局,2022,2022,18
https://www.mod.go.jp/j/budget/chotatsu/naikyoku/keiyaku/fy2022/08/08_buppin_k.xlsx,excel,naikyoku_kaikei,大臣官房会計課,防衛省内局,2022,2022,13
https://www.mod.go.jp/j/budget/chotatsu/naikyoku/keiyaku/fy2022/09/09_buppin_k.xlsx,excel,naikyoku_kaikei,大臣官房会計課,防衛省内局,2022,2022,10
https://www.mod.go.jp/j/budget/chotatsu/naikyoku/keiyaku/fy2022/10/10_buppin_k.xlsx,excel,naikyoku_kaikei,大臣官房会計課,防衛省内局,2022,2022,16
https://www.mod.go.jp/j/budget/chotatsu/naikyoku/keiyaku/fy2022/10/10_buppin_z.xlsx,excel,naikyoku_kaikei,大臣官房会計課,防衛省内局,2022,2022,1
https://www.mod.go.jp/j/budget/chotatsu/naikyoku/keiyaku/fy2022/11/11_buppin_k.xlsx,excel,naikyoku_kaikei,大臣官房会計課,防衛省内局,2022,2022,18
https://www.mod.go.jp/j/budget/chotatsu/naikyoku/keiyaku/fy2022/11/11_buppin_z.xlsx,excel,naikyoku_kaikei,大臣官房会計課,防衛省内局,2022,2022,2
https://www.mod.go.jp/j/budget/chotatsu/naikyoku/keiyaku/fy2022/11/11_kouji_z.xlsx,excel,naikyoku_kaikei,大臣官房会計課,防衛省内局,2022,2022,2
https://www.mod.go.jp/j/budget/chotatsu/naikyoku/keiyaku/fy2022/12/12_buppin_k.xlsx,excel,naikyoku_kaikei,大臣官房会計課,防衛省内局,2022,2022,23
https://www.mod.go.jp/j/budget/chotatsu/naikyoku/keiyaku/fy2023/02/02_buppin_k_20240408.xlsx,warp_crawler,naikyoku_kaikei,大臣官房会計課,防衛省内局,2025,2025,1
https://www.mod.go.jp/j/budget/chotatsu/naikyoku/keiyaku/fy2023/07/07_buppin_k.xlsx,"excel,warp_crawler",naikyoku_kaikei,大臣官房会計課,防衛省内局,2023,2025,21
https://www.mod.go.jp/j/budget/chotatsu/naikyoku/keiyaku/fy2023/07/07_kouji_z.xlsx,excel,naikyoku_kaikei,大臣官房会計課,防衛省内局,2023,2023,11
https://www.mod.go.jp/j/budget/chotatsu/naikyoku/keiyaku/fy2023/10/10_buppin_k_20231206.xlsx,warp_crawler,naikyoku_kaikei,大臣官房会計課,防衛省内局,2025,2025,1
https://www.mod.go.jp/j/budget/chotatsu/naikyoku/keiyaku/fy2023/10/10_buppin_z_20231206.xlsx,warp_crawler,naikyoku_kaikei,大臣官房会計課,防衛省内局,2025,2025,1
https://www.mod.go.jp/j/budget/chotatsu/naikyoku/keiyaku/fy2023/12/12_kouji_z_20250128.xlsx,warp_crawler,naikyoku_kaikei,大臣官房会計課,防衛省内局,2025,2025,2
https://www.mod.go.jp/j/budget/chotatsu/naikyoku/keiyaku/fy2024/01/01_buppin_k.xlsx,excel,naikyoku_kaikei,大臣官房会計課,防衛省内局,2024,2024,29
https://www.mod.go.jp/j/budget/chotatsu/naikyoku/keiyaku/fy2024/01/01_buppin_z.xlsx,excel,naikyoku_kaikei,大臣官房会計課,防衛省内局,2024,2024,16
https://www.mod.go.jp/j/budget/chotatsu/naikyoku/keiyaku/fy2024/02/02_buppin_k.xlsx,excel,naikyoku_kaikei,大臣官房会計課,防衛省内局,2024,2024,23
https://www.mod.go.jp/j/budget/chotatsu/naikyoku/keiyaku/fy2024/02/02_buppin_z.xlsx,excel,naikyoku_kaikei,大臣官房会計課,防衛省内局,2024,2024,2
https://www.mod.go.jp/j/budget/chotatsu/naikyoku/keiyaku/fy2024/03/03_buppin_k.xlsx,excel,naikyoku_kaikei,大臣官房会計課,防衛省内局,2024,2024,15
https://www.mod.go.jp/j/budget/chotatsu/naikyoku/keiyaku/fy2024/03/03_kouji_k.xlsx,"excel,warp_crawler",naikyoku_kaikei,大臣官房会計課,防衛省内局,2024,2025,8
https://www.mod.go.jp/j/budget/chotatsu/naikyoku/keiyaku/fy2024/03/03_kouji_z.xlsx,excel,naikyoku_kaikei,大臣官房会計課,防衛省内局,2024,2024,1
https://www.mod.go.jp/j/budget/chotatsu/naikyoku/keiyaku/fy2024/04/04_buppin_k_20240628.xlsx,excel,naikyoku_kaikei,大臣官房会計課,防衛省内局,2024,2024,83
https://www.mod.go.jp/j/budget/chotatsu/naikyoku/keiyaku/fy2024/04/04_buppin_z_20240628.xlsx,"excel,warp_crawler",naikyoku_kaikei,大臣官房会計課,防衛省内局,2024,2025,44
https://www.mod.go.jp/j/budget/chotatsu/naikyoku/keiyaku/fy2024/05/05_buppin_k_20240709.xlsx,excel,naikyoku_kaikei,大臣官房会計課,防衛省内局,2024,2024,15
https://www.mod.go.jp/j/budget/chotatsu/naikyoku/keiyaku/fy2024/05/05_buppin_z_20240709.xlsx,excel,naikyoku_kaikei,大臣官房会計課,防衛省内局,2024,2024,4
https://www.mod.go.jp/j/budget/chotatsu/naikyoku/keiyaku/fy2024/06/06_buppin_k_20240809.xlsx,excel,naikyoku_kaikei,大臣官房会計課,防衛省内局,2024,2024,23
https://www.mod.go.jp/j/budget/chotatsu/naikyoku/keiyaku/fy2024/06/06_buppin_z_20240809.xlsx,excel,naikyoku_kaikei,大臣官房会計課,防衛省内局,2024,2024,2
https://www.mod.go.jp/j/budget/chotatsu/naikyoku/keiyaku/fy2024/06/06_kouji_k_20240809.xlsx,warp_crawler,naikyoku_kaikei,大臣官房会計課,防衛省内局,2025,2025,1
https://www.mod.go.jp/j/budget/chotatsu/naikyoku/keiyaku/fy2024/07/07_buppin_k.xlsx,excel,naikyoku_kaikei,大臣官房会計課,防衛省内局,2024,2024,22
https://www.mod.go.jp/j/budget/chotatsu/naikyoku/keiyaku/fy2024/07/07_buppin_z.xlsx,excel,naikyoku_kaikei,大臣官房会計課,防衛省内局,2024,2024,4
https://www.mod.go.jp/j/budget/chotatsu/naikyoku/keiyaku/fy2024/07/07_kouji_z.xlsx,excel,naikyoku_kaikei,大臣官房会計課,防衛省内局,2024,2024,1
https://www.mod.go.jp/j/budget/chotatsu/naikyoku/keiyaku/fy2024/08/08_buppin_k.xlsx,excel,naikyoku_kaikei,大臣官房会計課,防衛省内局,2024,2024,14
https://www.mod.go.jp/j/budget/chotatsu/naikyoku/keiyaku/fy2024/08/08_buppin_z.xlsx,excel,naikyoku_kaikei,大臣官房会計課,防衛省内局,2024,2024,2
https://www.mod.go.jp/j/budget/chotatsu/naikyoku/keiyaku/fy2024/08/08_kouji_z.xlsx,excel,naikyoku_kaikei,大臣官房会計課,防衛省内局,2024,2024,1
https://www.mod.go.jp/j/budget/chotatsu/naikyoku/keiyaku/fy2024/09/09_buppin_k.xlsx,excel,naikyoku_kaikei,大臣官房会計課,防衛省内局,2024,2024,15
https://www.mod.go.jp/j/budget/chotatsu/naikyoku/keiyaku/fy2024/09/09_buppin_z.xlsx,excel,naikyoku_kaikei,大臣官房会計課,防衛省内局,2024,2024,4
https://www.mod.go.jp/j/budget/chotatsu/naikyoku/keiyaku/fy2024/09/09_kouji_z.xlsx,excel,naikyoku_kaikei,大臣官房会計課,防衛省内局,2024,2024,1
https://www.mod.go.jp/j/budget/chotatsu/naikyoku/keiyaku/fy2024/10/10_buppin_k.xlsx,excel,naikyoku_kaikei,大臣官房会計課,防衛省内局,2024,2024,25
https://www.mod.go.jp/j/budget/chotatsu/naikyoku/keiyaku/fy2024/10/10_buppin_z.xlsx,excel,naikyoku_kaikei,大臣官房会計課,防衛省内局,2024,2024,7
https://www.mod.go.jp/j/budget/chotatsu/naikyoku/keiyaku/fy2024/11/11_buppin_k.xlsx,excel,naikyoku_kaikei,大臣官房会計課,防衛省内局,2024,2024,19
https://www.mod.go.jp/j/budget/chotatsu/naikyoku/keiyaku/fy2024/11/11_buppin_z.xlsx,excel,naikyoku_kaikei,大臣官房会計課,防衛省内局,2024,2024,5
https://www.mod.go.jp/j/budget/chotatsu/naikyoku/keiyaku/fy2024/11/11_kouji_k.xlsx,"excel,warp_crawler",naikyoku_kaikei,大臣官房会計課,防衛省内局,2024,2025,16
https://www.mod.go.jp/j/budget/chotatsu/naikyoku/keiyaku/fy2024/11/11_kouji_z.xlsx,excel,naikyoku_kaikei,大臣官房会計課,防衛省内局,2024,2024,1
https://www.mod.go.jp/j/budget/chotatsu/naikyoku/keiyaku/fy2024/12/12_buppin_k.xlsx,excel,naikyoku_kaikei,大臣官房会計課,防衛省内局,2024,2024,30
https://www.mod.go.jp/j/budget/chotatsu/naikyoku/keiyaku/fy2024/12/12_buppin_z.xlsx,excel,naikyoku_kaikei,大臣官房会計課,防衛省内局,2024,2024,5
https://www.mod.go.jp/j/budget/chotatsu/naikyoku/keiyaku/fy2024/12/12_kouji_k.xlsx,"excel,warp_crawler",naikyoku_kaikei,大臣官房会計課,防衛省内局,2024,2025,6
https://www.mod.go.jp/j/budget/chotatsu/naikyoku/keiyaku/fy2024/12/12_kouji_z.xlsx,warp_crawler,naikyoku_kaikei,大臣官房会計課,防衛省内局,2025,2025,1
https://www.mod.go.jp/j/budget/chotatsu/naikyoku/keiyaku/fy2025/01_buppin_k.xlsx,warp_crawler,naikyoku_kaikei,大臣官房会計課,防衛省内局,2025,2025,14
https://www.mod.go.jp/j/budget/chotatsu/naikyoku/keiyaku/fy2025/02_buppin_k.xlsx,warp_crawler,naikyoku_kaikei,大臣官房会計課,防衛省内局,2025,2025,29
https://www.mod.go.jp/j/budget/chotatsu/naikyoku/keiyaku/fy2025/02_buppin_z.xlsx,warp_crawler,naikyoku_kaikei,大臣官房会計課,防衛省内局,2025,2025,4
https://www.mod.go.jp/j/budget/chotatsu/naikyoku/keiyaku/fy2025/02_kouji_k.xlsx,warp_crawler,naikyoku_kaikei,大臣官房会計課,防衛省内局,2025,2025,1
https://www.mod.go.jp/j/budget/chotatsu/naikyoku/keiyaku/fy2025/03_buppin_k.xlsx,warp_crawler,naikyoku_kaikei,大臣官房会計課,防衛省内局,2025,2025,12
https://www.mod.go.jp/j/budget/chotatsu/naikyoku/keiyaku/fy2025/03_kouji_k.xlsx,warp_crawler,naikyoku_kaikei,大臣官房会計課,防衛省内局,2025,2025,1
https://www.mod.go.jp/j/budget/chotatsu/naikyoku/keiyaku/fy2025/04_kouji_k.xlsx,warp_crawler,naikyoku_kaikei,大臣官房会計課,防衛省内局,2025,2025,3
https://www.mod.go.jp/j/budget/chotatsu/naikyoku/keiyaku/fy2025/05_kouji_k.xlsx,warp_crawler,naikyoku_kaikei,大臣官房会計課,防衛省内局,2025,2025,1
https://www.mod.go.jp/j/budget/chotatsu/naikyoku/keiyaku/fy2025/06_buppin_k.xlsx,warp_crawler,naikyoku_kaikei,大臣官房会計課,防衛省内局,2025,2025,20
https://www.mod.go.jp/j/budget/chotatsu/naikyoku/keiyaku/fy2025/06_buppin_z.xlsx,warp_crawler,naikyoku_kaikei,大臣官房会計課,防衛省内局,2025,2025,4
https://www.mod.go.jp/j/budget/chotatsu/naikyoku/keiyaku/fy2025/07_kouji_k.xlsx,warp_crawler,naikyoku_kaikei,大臣官房会計課,防衛省内局,2025,2025,3
https://www.mod.go.jp/j/budget/chotatsu/naikyoku/keiyaku/fy2025/08_buppin_k.xlsx,warp_crawler,naikyoku_kaikei,大臣官房会計課,防衛省内局,2025,2025,16
https://www.mod.go.jp/j/budget/chotatsu/naikyoku/keiyaku/fy2025/08_kouji_k.xlsx,warp_crawler,naikyoku_kaikei,大臣官房会計課,防衛省内局,2025,2025,1
https://www.mod.go.jp/j/budget/chotatsu/naikyoku/keiyaku/fy2025/09_buppin_k.xlsx,warp_crawler,naikyoku_kaikei,大臣官房会計課,防衛省内局,2025,2025,15
https://www.mod.go.jp/j/budget/chotatsu/naikyoku/keiyaku/fy2025/09_kouji_k.xlsx,warp_crawler,naikyoku_kaikei,大臣官房会計課,防衛省内局,2025,2025,1
https://www.mod.go.jp/j/budget/chotatsu/naikyoku/keiyaku/fy2025/09_kouji_z.xlsx,warp_crawler,naikyoku_kaikei,大臣官房会計課,防衛省内局,2025,2025,1
https://www.mod.go.jp/j/budget/chotatsu/naikyoku/keiyaku/fy2025/10_buppin_k.xlsx,warp_crawler,naikyoku_kaikei,大臣官房会計課,防衛省内局,2025,2025,27
https://www.mod.go.jp/j/budget/chotatsu/naikyoku/keiyaku/fy2025/10_buppin_z.xlsx,warp_crawler,naikyoku_kaikei,大臣官房会計課,防衛省内局,2025,2025,3
https://www.mod.go.jp/j/budget/chotatsu/naikyoku/keiyaku/fy2025/10_kouji_k.xlsx,warp_crawler,naikyoku_kaikei,大臣官房会計課,防衛省内局,2025,2025,1
https://www.mod.go.jp/j/budget/chotatsu/naikyoku/keiyaku/fy2025/10_kouji_z.xlsx,warp_crawler,naikyoku_kaikei,大臣官房会計課,防衛省内局,2025,2025,1
https://www.mod.go.jp/j/budget/chotatsu/naikyoku/keiyaku/fy2025/11_buppin_k.xlsx,warp_crawler,naikyoku_kaikei,大臣官房会計課,防衛省内局,2025,2025,21
https://www.mod.go.jp/j/budget/chotatsu/naikyoku/keiyaku/fy2025/11_buppin_z.xlsx,warp_crawler,naikyoku_kaikei,大臣官房会計課,防衛省内局,2025,2025,10
https://www.mod.go.jp/j/budget/chotatsu/naikyoku/keiyaku/fy2025/11_kouji_k.xlsx,warp_crawler,naikyoku_kaikei,大臣官房会計課,防衛省内局,2025,2025,1
https://www.mod.go.jp/j/budget/chotatsu/naikyoku/keiyaku/fy2025/11_kouji_z.xlsx,warp_crawler,naikyoku_kaikei,大臣官房会計課,防衛省内局,2025,2025,3
https://www.mod.go.jp/j/budget/chotatsu/naikyoku/keiyaku/fy2025/12_buppin_k.xlsx,warp_crawler,naikyoku_kaikei,大臣官房会計課,防衛省内局,2025,2025,24
https://www.mod.go.jp/j/budget/chotatsu/naikyoku/keiyaku/fy2025/12_buppin_z.xlsx,warp_crawler,naikyoku_kaikei,大臣官房会計課,防衛省内局,2025,2025,2
https://www.mod.go.jp/j/budget/chotatsu/naikyoku/keiyaku/fy2025/12_kouji_k.xlsx,warp_crawler,naikyoku_kaikei,大臣官房会計課,防衛省内局,2025,2025,4
https://www.mod.go.jp/nda/procurement/bidding_result/,html,nda,防衛大学校,防衛大学校,2022,2025,48
https://www.mod.go.jp/nda/procurement/files/koukai/06.04bn.pdf,pdf,nda,防衛大学校,NDA,2024,2024,132
https://www.mod.go.jp/nda/procurement/files/koukai/06.05bn.pdf,pdf,nda,防衛大学校,NDA,2024,2024,17
https://www.mod.go.jp/nda/procurement/files/koukai/06.05kn.pdf,pdf,nda,防衛大学校,NDA,2024,2024,1
https://www.mod.go.jp/nda/procurement/files/koukai/06.06bn.pdf,pdf,nda,防衛大学校,NDA,2024,2024,35
https://www.mod.go.jp/nda/procurement/files/koukai/06.06kn.pdf,pdf,nda,防衛大学校,NDA,2024,2024,1
https://www.mod.go.jp/nda/procurement/files/koukai/06.07bn.pdf,pdf,nda,防衛大学校,NDA,2024,2024,19
https://www.mod.go.jp/nda/procurement/files/koukai/06.07kn.pdf,pdf,nda,防衛大学校,NDA,2024,2024,1
https://www.mod.go.jp/nda/procurement/files/koukai/06.08bn.pdf,pdf,nda,防衛大学校,NDA,2024,2024,25
https://www.mod.go.jp/nda/procurement/files/koukai/06.08kn.pdf,pdf,nda,防衛大学校,NDA,2024,2024,1
https://www.mod.go.jp/nda/procurement/files/koukai/06.09bn.pdf,pdf,nda,防衛大学校,NDA,2024,2024,32
https://www.mod.go.jp/nda/procurement/files/koukai/06.09kn.pdf,pdf,nda,防衛大学校,NDA,2024,2024,4
https://www.mod.go.jp/nda/procurement/files/koukai/06.10bn.pdf,pdf,nda,防衛大学校,NDA,2024,2024,28
https://www.mod.go.jp/nda/procurement/files/koukai/06.10bz.pdf,pdf,nda,防衛大学校,防衛大学校,2024,2024,1
https://www.mod.go.jp/nda/procurement/files/koukai/06.10kn.pdf,pdf,nda,防衛大学校,NDA,2024,2024,1
https://www.mod.go.jp/nda/procurement/files/koukai/06.11bn.pdf,pdf,nda,防衛大学校,NDA,2024,2024,20
https://www.mod.go.jp/nda/procurement/files/koukai/06.11kn.pdf,pdf,nda,防衛大学校,NDA,2024,2024,2
https://www.mod.go.jp/nda/procurement/files/koukai/06.12bn.pdf,pdf,nda,防衛大学校,NDA,2024,2024,34
https://www.mod.go.jp/nda/procurement/files/koukai/07.01bn.pdf,pdf,nda,防衛大学校,NDA,2024,2024,31
https://www.mod.go.jp/nda/procurement/files/koukai/07.01kn.pdf,pdf,nda,防衛大学校,NDA,2024,2024,2
https://www.mod.go.jp/nda/procurement/files/koukai/07.02bn.pdf,pdf,nda,防衛大学校,NDA,2024,2024,15
https://www.mod.go.jp/nda/procurement/files/koukai/07.02bz.pdf,pdf,nda,防衛大学校,防衛大学校,2024,2024,1
https://www.mod.go.jp/nda/procurement/files/koukai/07.03bn.pdf,pdf,nda,防衛大学校,NDA,2024,2024,4
https://www.mod.go.jp/nda/procurement/files/koukai/07.04bn.pdf,pdf,nda,防衛大学校,NDA,2025,2025,133
https://www.mod.go.jp/nda/procurement/files/koukai/07.04bz.pdf,warp_crawler,nda,防衛大学校,防衛大学校,2025,2025,2
https://www.mod.go.jp/nda/procurement/files/koukai/07.05bn.pdf,pdf,nda,防衛大学校,NDA,2025,2025,20
https://www.mod.go.jp/nda/procurement/files/koukai/07.06bn.pdf,pdf,nda,防衛大学校,NDA,2025,2025,19
https://www.mod.go.jp/nda/procurement/files/koukai/07.06bz.pdf,warp_crawler,nda,防衛大学校,防衛大学校,2025,2025,1
https://www.mod.go.jp/nda/procurement/files/koukai/07.06kn.pdf,pdf,nda,防衛大学校,NDA,2025,2025,2
https://www.mod.go.jp/nda/procurement/files/koukai/07.07bn.pdf,pdf,nda,防衛大学校,NDA,2025,2025,20
https://www.mod.go.jp/nda/procurement/files/koukai/07.08bn.pdf,pdf,nda,防衛大学校,NDA,2025,2025,10
https://www.mod.go.jp/nda/procurement/files/koukai/07.08kn.pdf,pdf,nda,防衛大学校,NDA,2025,2025,1
https://www.mod.go.jp/nda/procurement/files/koukai/07.09bn.pdf,pdf,nda,防衛大学校,NDA,2025,2025,16
https://www.mod.go.jp/nda/procurement/files/koukai/07.09kn.pdf,pdf,nda,防衛大学校,NDA,2025,2025,2
https://www.mod.go.jp/nda/procurement/files/koukai/07.10bn.pdf,pdf,nda,防衛大学校,NDA,2025,2025,11
https://www.mod.go.jp/nda/procurement/files/koukai/07.11bn.pdf,pdf,nda,防衛大学校,NDA,2025,2025,11
https://www.mod.go.jp/nda/procurement/files/koukai/07.11bz.pdf,warp_crawler,nda,防衛大学校,防衛大学校,2025,2025,1
https://www.mod.go.jp/nda/procurement/files/koukai/07.11kn.pdf,pdf,nda,防衛大学校,NDA,2025,2025,2
https://www.mod.go.jp/nda/procurement/files/koukai/07.12bn.pdf,pdf,nda,防衛大学校,NDA,2025,2025,22
https://www.mod.go.jp/nda/procurement/files/koukai/07.12kn.pdf,pdf,nda,防衛大学校,NDA,2025,2025,1
https://www.mod.go.jp/nda/procurement/files/koukai/08.01bn.pdf,pdf,nda,防衛大学校,NDA,2025,2025,12
https://www.mod.go.jp/nda/procurement/files/koukai/08.02bn.pdf,pdf,nda,防衛大学校,NDA,2025,2025,4
https://www.mod.go.jp/nda/procurement/files/koukai/08.03bn.pdf,pdf,nda,防衛大学校,NDA,2025,2025,1
https://www.ndmc.ac.jp/wp-content/uploads/2022/04/koukyou0404-3.pdf,pdf,ndmc,防衛医科大学校,防衛医科大学校,2022,2022,412
https://www.ndmc.ac.jp/wp-content/uploads/2022/04/koukyou0404-4.pdf,pdf,ndmc,防衛医科大学校,防衛医科大学校,2022,2022,47
https://www.ndmc.ac.jp/wp-content/uploads/2022/05/koukyou0405-3.pdf,pdf,ndmc,防衛医科大学校,防衛医科大学校,2022,2022,18
https://www.ndmc.ac.jp/wp-content/uploads/2022/05/koukyou0405-4.pdf,pdf,ndmc,防衛医科大学校,防衛医科大学校,2022,2022,2
https://www.ndmc.ac.jp/wp-content/uploads/2022/06/koukyou0406-3.pdf,pdf,ndmc,防衛医科大学校,防衛医科大学校,2022,2022,36
https://www.ndmc.ac.jp/wp-content/uploads/2022/07/koukyou0407-3.pdf,pdf,ndmc,防衛医科大学校,防衛医科大学校,2022,2022,45
https://www.ndmc.ac.jp/wp-content/uploads/2022/07/koukyou0407-4.pdf,pdf,ndmc,防衛医科大学校,防衛医科大学校,2022,2022,1
https://www.ndmc.ac.jp/wp-content/uploads/2022/08/koukyou0408-3.pdf,pdf,ndmc,防衛医科大学校,防衛医科大学校,2022,2022,19
https://www.ndmc.ac.jp/wp-content/uploads/2022/08/koukyou0408-4.pdf,pdf,ndmc,防衛医科大学校,防衛医科大学校,2022,2022,5
https://www.ndmc.ac.jp/wp-content/uploads/2022/09/koukyou0409-3.pdf,pdf,ndmc,防衛医科大学校,防衛医科大学校,2022,2022,25
https://www.ndmc.ac.jp/wp-content/uploads/2022/09/koukyou0409-4.pdf,pdf,ndmc,防衛医科大学校,防衛医科大学校,2022,2022,2
https://www.ndmc.ac.jp/wp-content/uploads/2022/10/koukyou0410-3.pdf,pdf,ndmc,防衛医科大学校,防衛医科大学校,2022,2022,23
https://www.ndmc.ac.jp/wp-content/uploads/2022/10/koukyou0410-4.pdf,pdf,ndmc,防衛医科大学校,防衛医科大学校,2022,2022,2
https://www.ndmc.ac.jp/wp-content/uploads/2022/11/koukyou0411-3.pdf,pdf,ndmc,防衛医科大学校,防衛医科大学校,2022,2022,16
https://www.ndmc.ac.jp/wp-content/uploads/2022/11/koukyou0411-4.pdf,pdf,ndmc,防衛医科大学校,防衛医科大学校,2022,2022,1
https://www.ndmc.ac.jp/wp-content/uploads/2022/12/koukyou0412-3.pdf,pdf,ndmc,防衛医科大学校,防衛医科大学校,2022,2022,52
https://www.ndmc.ac.jp/wp-content/uploads/2022/12/koukyou0412-4.pdf,pdf,ndmc,防衛医科大学校,防衛医科大学校,2022,2022,1
https://www.ndmc.ac.jp/wp-content/uploads/2023/04/koukyou0504-3.pdf,pdf,ndmc,防衛医科大学校,防衛医科大学校,2023,2023,376
https://www.ndmc.ac.jp/wp-content/uploads/2023/04/koukyou0504-4.pdf,pdf,ndmc,防衛医科大学校,防衛医科大学校,2023,2023,41
https://www.ndmc.ac.jp/wp-content/uploads/2023/05/koukyou0505-3.pdf,pdf,ndmc,防衛医科大学校,防衛医科大学校,2023,2023,18
https://www.ndmc.ac.jp/wp-content/uploads/2023/06/koukyou0506-3.pdf,pdf,ndmc,防衛医科大学校,防衛医科大学校,2023,2023,30
https://www.ndmc.ac.jp/wp-content/uploads/2023/07/koukyou0507-3.pdf,pdf,ndmc,防衛医科大学校,防衛医科大学校,2023,2023,29
https://www.ndmc.ac.jp/wp-content/uploads/2023/08/koukyou0508-3.pdf,pdf,ndmc,防衛医科大学校,防衛医科大学校,2023,2023,26
https://www.ndmc.ac.jp/wp-content/uploads/2023/08/koukyou0508-4.pdf,pdf,ndmc,防衛医科大学校,防衛医科大学校,2023,2023,1
https://www.ndmc.ac.jp/wp-content/uploads/2023/09/koukyou0509-3.pdf,pdf,ndmc,防衛医科大学校,防衛医科大学校,2023,2023,25
https://www.ndmc.ac.jp/wp-content/uploads/2023/10/koukyou0510-3.pdf,pdf,ndmc,防衛医科大学校,防衛医科大学校,2023,2023,29
https://www.ndmc.ac.jp/wp-content/uploads/2023/10/koukyou0510-4.pdf,pdf,ndmc,防衛医科大学校,防衛医科大学校,2023,2023,2
https://www.ndmc.ac.jp/wp-content/uploads/2023/11/koukyou0511-3.pdf,pdf,ndmc,防衛医科大学校,防衛医科大学校,2023,2023,20
https://www.ndmc.ac.jp/wp-content/uploads/2023/11/koukyou0511-4.pdf,pdf,ndmc,防衛医科大学校,防衛医科大学校,2023,2023,1
https://www.ndmc.ac.jp/wp-content/uploads/2023/12/koukyou0512-3.pdf,pdf,ndmc,防衛医科大学校,防衛医科大学校,2023,2023,46
https://www.ndmc.ac.jp/wp-content/uploads/2023/12/koukyou0512-4.pdf,pdf,ndmc,防衛医科大学校,防衛医科大学校,2023,2023,3
https://www.ndmc.ac.jp/wp-content/uploads/2024/04/koukyou0604-3.pdf,pdf,ndmc,防衛医科大学校,防衛医科大学校,2024,2024,399
https://www.ndmc.ac.jp/wp-content/uploads/2024/04/koukyou0604-4.pdf,pdf,ndmc,防衛医科大学校,防衛医科大学校,2024,2024,31
https://www.ndmc.ac.jp/wp-content/uploads/2024/05/koukyou0605-3.pdf,pdf,ndmc,防衛医科大学校,防衛医科大学校,2024,2024,18
https://www.ndmc.ac.jp/wp-content/uploads/2024/06/koukyou0606-3.pdf,pdf,ndmc,防衛医科大学校,防衛医科大学校,2024,2024,34
https://www.ndmc.ac.jp/wp-content/uploads/2024/06/koukyou0606-4.pdf,pdf,ndmc,防衛医科大学校,防衛医科大学校,2024,2024,1
https://www.ndmc.ac.jp/wp-content/uploads/2024/07/koukyou0607-3.pdf,pdf,ndmc,防衛医科大学校,防衛医科大学校,2024,2024,32
https://www.ndmc.ac.jp/wp-content/uploads/2024/07/koukyou0607-4.pdf,pdf,ndmc,防衛医科大学校,防衛医科大学校,2024,2024,4
https://www.ndmc.ac.jp/wp-content/uploads/2024/08/koukyou0608-3.pdf,pdf,ndmc,防衛医科大学校,防衛医科大学校,2024,2024,48
https://www.ndmc.ac.jp/wp-content/uploads/2024/08/koukyou0608-4.pdf,pdf,ndmc,防衛医科大学校,防衛医科大学校,2024,2024,1
https://www.ndmc.ac.jp/wp-content/uploads/2024/09/koukyou0609-3.pdf,pdf,ndmc,防衛医科大学校,防衛医科大学校,2024,2024,35
https://www.ndmc.ac.jp/wp-content/uploads/2024/09/koukyou0609-4.pdf,pdf,ndmc,防衛医科大学校,防衛医科大学校,2024,2024,1
https://www.ndmc.ac.jp/wp-content/uploads/2024/10/koukyou0610-3.pdf,pdf,ndmc,防衛医科大学校,防衛医科大学校,2024,2024,21
https://www.ndmc.ac.jp/wp-content/uploads/2024/11/koukyou0611-3.pdf,pdf,ndmc,防衛医科大学校,防衛医科大学校,2024,2024,42
https://www.ndmc.ac.jp/wp-content/uploads/2024/11/koukyou0611-4.pdf,pdf,ndmc,防衛医科大学校,防衛医科大学校,2024,2024,2
https://www.ndmc.ac.jp/wp-content/uploads/2024/12/koukyou0612-3.pdf,pdf,ndmc,防衛医科大学校,防衛医科大学校,2024,2024,46
https://www.ndmc.ac.jp/wp-content/uploads/2024/12/koukyou0612-4.pdf,pdf,ndmc,防衛医科大学校,防衛医科大学校,2024,2024,4
https://www.ndmc.ac.jp/wp-content/uploads/2025/01/koukyou0701-3.pdf,pdf,ndmc,防衛医科大学校,防衛医科大学校,2024,2024,23
https://www.ndmc.ac.jp/wp-content/uploads/2025/02/koukyou0702-3.pdf,pdf,ndmc,防衛医科大学校,防衛医科大学校,2024,2024,17
https://www.ndmc.ac.jp/wp-content/uploads/2025/03/koukyou0703-3.pdf,pdf,ndmc,防衛医科大学校,防衛医科大学校,2024,2024,1
https://www.ndmc.ac.jp/wp-content/uploads/2025/04/koukyou0704-3.pdf,pdf,ndmc,防衛医科大学校,防衛医科大学校,2025,2025,360
https://www.ndmc.ac.jp/wp-content/uploads/2025/04/koukyou0704-4.pdf,pdf,ndmc,防衛医科大学校,防衛医科大学校,2025,2025,33
https://www.ndmc.ac.jp/wp-content/uploads/2025/05/koukyou0705-3.pdf,pdf,ndmc,防衛医科大学校,防衛医科大学校,2025,2025,8
https://www.ndmc.ac.jp/wp-content/uploads/2025/05/koukyou0705-4.pdf,pdf,ndmc,防衛医科大学校,防衛医科大学校,2025,2025,1
https://www.ndmc.ac.jp/wp-content/uploads/2025/06/koukyou0706-3.pdf,pdf,ndmc,防衛医科大学校,防衛医科大学校,2025,2025,15
https://www.ndmc.ac.jp/wp-content/uploads/2025/07/koukyou0707-3.pdf,pdf,ndmc,防衛医科大学校,防衛医科大学校,2025,2025,18
https://www.ndmc.ac.jp/wp-content/uploads/2025/08/koukyou0708-3.pdf,pdf,ndmc,防衛医科大学校,防衛医科大学校,2025,2025,15
https://www.ndmc.ac.jp/wp-content/uploads/2025/09/koukyou0709-3.pdf,pdf,ndmc,防衛医科大学校,防衛医科大学校,2025,2025,20
https://www.ndmc.ac.jp/wp-content/uploads/2025/10/koukyou0710-3.pdf,pdf,ndmc,防衛医科大学校,防衛医科大学校,2025,2025,14
https://www.ndmc.ac.jp/wp-content/uploads/2025/10/koukyou0710-4.pdf,pdf,ndmc,防衛医科大学校,防衛医科大学校,2025,2025,1
https://www.ndmc.ac.jp/wp-content/uploads/2025/11/koukyou0711-3.pdf,pdf,ndmc,防衛医科大学校,防衛医科大学校,2025,2025,18
https://www.ndmc.ac.jp/wp-content/uploads/2025/12/koukyou0712-3.pdf,pdf,ndmc,防衛医科大学校,防衛医科大学校,2025,2025,28
https://www.ndmc.ac.jp/wp-content/uploads/2025/12/koukyou0712-4.pdf,pdf,ndmc,防衛医科大学校,防衛医科大学校,2025,2025,1
https://www.nids.mod.go.jp/procurement/keiyaku/pdf/k202204.pdf,pdf,nids,防衛研究所,防衛研究所,2022,2022,16
https://www.nids.mod.go.jp/procurement/keiyaku/pdf/k202205.pdf,pdf,nids,防衛研究所,防衛研究所,2022,2022,1
https://www.nids.mod.go.jp/procurement/keiyaku/pdf/k202206.pdf,pdf,nids,防衛研究所,防衛研究所,2022,2022,1
https://www.nids.mod.go.jp/procurement/keiyaku/pdf/k202207.pdf,pdf,nids,防衛研究所,防衛研究所,2022,2022,1
https://www.nids.mod.go.jp/procurement/keiyaku/pdf/k202208.pdf,pdf,nids,防衛研究所,防衛研究所,2022,2022,1
https://www.nids.mod.go.jp/procurement/keiyaku/pdf/k202209.pdf,pdf,nids,防衛研究所,防衛研究所,2022,2022,4
https://www.nids.mod.go.jp/procurement/keiyaku/pdf/k202210.pdf,pdf,nids,防衛研究所,防衛研究所,2022,2022,5
https://www.nids.mod.go.jp/procurement/keiyaku/pdf/k202211.pdf,pdf,nids,防衛研究所,防衛研究所,2022,2022,2
https://www.nids.mod.go.jp/procurement/keiyaku/pdf/k202212.pdf,pdf,nids,防衛研究所,防衛研究所,2022,2022,2
https://www.nids.mod.go.jp/procurement/keiyaku/pdf/k202301.pdf,pdf,nids,防衛研究所,防衛研究所,2022,2022,1
https://www.nids.mod.go.jp/procurement/keiyaku/pdf/k202302.pdf,pdf,nids,防衛研究所,防衛研究所,2022,2022,1
https://www.nids.mod.go.jp/procurement/keiyaku/pdf/k202304.pdf,pdf,nids,防衛研究所,防衛研究所,2023,2023,17
https://www.nids.mod.go.jp/procurement/keiyaku/pdf/k202305.pdf,pdf,nids,防衛研究所,防衛研究所,2023,2023,1
https://www.nids.mod.go.jp/procurement/keiyaku/pdf/k202306.pdf,pdf,nids,防衛研究所,防衛研究所,2023,2023,1
https://www.nids.mod.go.jp/procurement/keiyaku/pdf/k202307.pdf,pdf,nids,防衛研究所,防衛研究所,2023,2023,2
https://www.nids.mod.go.jp/procurement/keiyaku/pdf/k202308.pdf,pdf,nids,防衛研究所,防衛研究所,2023,2023,1
https://www.nids.mod.go.jp/procurement/keiyaku/pdf/k202309.pdf,pdf,nids,防衛研究所,防衛研究所,2023,2023,2
https://www.nids.mod.go.jp/procurement/keiyaku/pdf/k202310.pdf,pdf,nids,防衛研究所,防衛研究所,2023,2023,2
https://www.nids.mod.go.jp/procurement/keiyaku/pdf/k202311.pdf,pdf,nids,防衛研究所,防衛研究所,2023,2023,3
https://www.nids.mod.go.jp/procurement/keiyaku/pdf/k202312.pdf,pdf,nids,防衛研究所,防衛研究所,2023,2023,1
https://www.nids.mod.go.jp/procurement/keiyaku/pdf/k202401.pdf,pdf,nids,防衛研究所,防衛研究所,2023,2023,8
https://www.nids.mod.go.jp/procurement/keiyaku/pdf/k202402.pdf,pdf,nids,防衛研究所,防衛研究所,2023,2023,2
https://www.nids.mod.go.jp/procurement/keiyaku/pdf/k202404.pdf,pdf,nids,防衛研究所,防衛研究所,2024,2024,16
https://www.nids.mod.go.jp/procurement/keiyaku/pdf/k202406.pdf,pdf,nids,防衛研究所,防衛研究所,2024,2024,1
https://www.nids.mod.go.jp/procurement/keiyaku/pdf/k202407.pdf,pdf,nids,防衛研究所,防衛研究所,2024,2024,1
https://www.nids.mod.go.jp/procurement/keiyaku/pdf/k202409.pdf,pdf,nids,防衛研究所,防衛研究所,2024,2024,5
https://www.nids.mod.go.jp/procurement/keiyaku/pdf/k202410.pdf,pdf,nids,防衛研究所,防衛研究所,2024,2024,6
https://www.nids.mod.go.jp/procurement/keiyaku/pdf/k202411.pdf,pdf,nids,防衛研究所,防衛研究所,2024,2024,4
https://www.nids.mod.go.jp/procurement/keiyaku/pdf/k202412.pdf,pdf,nids,防衛研究所,防衛研究所,2024,2024,8
https://www.nids.mod.go.jp/procurement/keiyaku/pdf/k202501.pdf,pdf,nids,防衛研究所,防衛研究所,2024,2024,10
https://www.nids.mod.go.jp/procurement/keiyaku/pdf/k202502.pdf,pdf,nids,防衛研究所,防衛研究所,2024,2024,2
https://www.nids.mod.go.jp/procurement/keiyaku/pdf/k202504.pdf,pdf,nids,防衛研究所,防衛研究所,2025,2025,14
https://www.nids.mod.go.jp/procurement/keiyaku/pdf/k202506.pdf,pdf,nids,防衛研究所,防衛研究所,2025,2025,2
https://www.nids.mod.go.jp/procurement/keiyaku/pdf/k202507.pdf,pdf,nids,防衛研究所,防衛研究所,2025,2025,2
https://www.nids.mod.go.jp/procurement/keiyaku/pdf/k202509.pdf,pdf,nids,防衛研究所,防衛研究所,2025,2025,7
https://www.nids.mod.go.jp/procurement/keiyaku/pdf/k202510.pdf,pdf,nids,防衛研究所,防衛研究所,2025,2025,1
https://www.nids.mod.go.jp/procurement/keiyaku/pdf/k202511.pdf,pdf,nids,防衛研究所,防衛研究所,2025,2025,3
https://www.nids.mod.go.jp/procurement/keiyaku/pdf/k202512.pdf,pdf,nids,防衛研究所,防衛研究所,2025,2025,3
https://www.nids.mod.go.jp/procurement/keiyaku/pdf/k202601.pdf,pdf,nids,防衛研究所,防衛研究所,2025,2025,4
https://www.nids.mod.go.jp/procurement/keiyaku/pdf/k202602.pdf,pdf,nids,防衛研究所,防衛研究所,2025,2025,4
https://www.nids.mod.go.jp/procurement/keiyaku/pdf/k202603.pdf,pdf,nids,防衛研究所,防衛研究所,2025,2025,1
https://www.nids.mod.go.jp/procurement/keiyaku/pdf/z202204.pdf,pdf,nids,防衛研究所,防衛研究所,2022,2022,9
https://www.nids.mod.go.jp/procurement/keiyaku/pdf/z202206.pdf,pdf,nids,防衛研究所,防衛研究所,2022,2022,1
https://www.nids.mod.go.jp/procurement/keiyaku/pdf/z202212.pdf,pdf,nids,防衛研究所,防衛研究所,2022,2022,3
https://www.nids.mod.go.jp/procurement/keiyaku/pdf/z202304.pdf,pdf,nids,防衛研究所,防衛研究所,2023,2023,11
https://www.nids.mod.go.jp/procurement/keiyaku/pdf/z202306.pdf,pdf,nids,防衛研究所,防衛研究所,2023,2023,1
https://www.nids.mod.go.jp/procurement/keiyaku/pdf/z202312.pdf,pdf,nids,防衛研究所,防衛研究所,2023,2023,3
https://www.nids.mod.go.jp/procurement/keiyaku/pdf/z202401.pdf,pdf,nids,防衛研究所,防衛研究所,2023,2023,1
https://www.nids.mod.go.jp/procurement/keiyaku/pdf/z202404.pdf,pdf,nids,防衛研究所,防衛研究所,2024,2024,14
https://www.nids.mod.go.jp/procurement/keiyaku/pdf/z202410.pdf,pdf,nids,防衛研究所,防衛研究所,2024,2024,2
https://www.nids.mod.go.jp/procurement/keiyaku/pdf/z202411.pdf,pdf,nids,防衛研究所,防衛研究所,2024,2024,4
https://www.nids.mod.go.jp/procurement/keiyaku/pdf/z202501.pdf,pdf,nids,防衛研究所,防衛研究所,2024,2024,1
https://www.nids.mod.go.jp/procurement/keiyaku/pdf/z202504.pdf,pdf,nids,防衛研究所,防衛研究所,2025,2025,14
https://www.nids.mod.go.jp/procurement/keiyaku/pdf/z202512.pdf,pdf,nids,防衛研究所,防衛研究所,2025,2025,1
https://www.nids.mod.go.jp/procurement/keiyaku/pdf/z202601.pdf,pdf,nids,防衛研究所,防衛研究所,2025,2025,1
https://www.mod.go.jp/rdb/chushi/contract/result/pdf/keiyaku-bk2403.pdf,pdf,rdb_chushi,中国四国防衛局,地方防衛局,2023,2023,1
https://www.mod.go.jp/rdb/chushi/contract/result/pdf/keiyaku-bk2404.pdf,pdf,rdb_chushi,中国四国防衛局,地方防衛局,2024,2024,10
https://www.mod.go.jp/rdb/chushi/contract/result/pdf/keiyaku-bk2406.pdf,pdf,rdb_chushi,中国四国防衛局,地方防衛局,2024,2024,8
https://www.mod.go.jp/rdb/chushi/contract/result/pdf/keiyaku-bk2407.pdf,pdf,rdb_chushi,中国四国防衛局,地方防衛局,2024,2024,4
https://www.mod.go.jp/rdb/chushi/contract/result/pdf/keiyaku-bk2408.pdf,pdf,rdb_chushi,中国四国防衛局,地方防衛局,2024,2024,2
https://www.mod.go.jp/rdb/chushi/contract/result/pdf/keiyaku-bk2409.pdf,pdf,rdb_chushi,中国四国防衛局,地方防衛局,2024,2024,3
https://www.mod.go.jp/rdb/chushi/contract/result/pdf/keiyaku-bk2410.pdf,pdf,rdb_chushi,中国四国防衛局,地方防衛局,2024,2024,2
https://www.mod.go.jp/rdb/chushi/contract/result/pdf/keiyaku-bk2411.pdf,pdf,rdb_chushi,中国四国防衛局,地方防衛局,2024,2024,1
https://www.mod.go.jp/rdb/chushi/contract/result/pdf/keiyaku-bk2412.pdf,pdf,rdb_chushi,中国四国防衛局,地方防衛局,2024,2024,1
https://www.mod.go.jp/rdb/chushi/contract/result/pdf/keiyaku-bk2503.pdf,pdf,rdb_chushi,中国四国防衛局,地方防衛局,2024,2024,2
https://www.mod.go.jp/rdb/chushi/contract/result/pdf/keiyaku-bk2504.pdf,pdf,rdb_chushi,中国四国防衛局,地方防衛局,2025,2025,12
https://www.mod.go.jp/rdb/chushi/contract/result/pdf/keiyaku-bk2505.pdf,pdf,rdb_chushi,中国四国防衛局,地方防衛局,2025,2025,7
https://www.mod.go.jp/rdb/chushi/contract/result/pdf/keiyaku-bk2506.pdf,pdf,rdb_chushi,中国四国防衛局,地方防衛局,2025,2025,2
https://www.mod.go.jp/rdb/chushi/contract/result/pdf/keiyaku-bk2507.pdf,pdf,rdb_chushi,中国四国防衛局,地方防衛局,2025,2025,3
https://www.mod.go.jp/rdb/chushi/contract/result/pdf/keiyaku-bk2508.pdf,pdf,rdb_chushi,中国四国防衛局,地方防衛局,2025,2025,1
https://www.mod.go.jp/rdb/chushi/contract/result/pdf/keiyaku-bk2509.pdf,pdf,rdb_chushi,中国四国防衛局,地方防衛局,2025,2025,4
https://www.mod.go.jp/rdb/chushi/contract/result/pdf/keiyaku-bk2510.pdf,pdf,rdb_chushi,中国四国防衛局,地方防衛局,2025,2025,2
https://www.mod.go.jp/rdb/chushi/contract/result/pdf/keiyaku-bk2512.pdf,pdf,rdb_chushi,中国四国防衛局,地方防衛局,2025,2025,2
https://www.mod.go.jp/rdb/chushi/contract/result/pdf/keiyaku-bk2601.pdf,pdf,rdb_chushi,中国四国防衛局,地方防衛局,2025,2025,2
https://www.mod.go.jp/rdb/chushi/contract/result/pdf/keiyaku-bz2404.pdf,pdf,rdb_chushi,中国四国防衛局,地方防衛局,2024,2024,58
https://www.mod.go.jp/rdb/chushi/contract/result/pdf/keiyaku-bz2406.pdf,pdf,rdb_chushi,中国四国防衛局,地方防衛局,2024,2024,3
https://www.mod.go.jp/rdb/chushi/contract/result/pdf/keiyaku-bz2407.pdf,pdf,rdb_chushi,中国四国防衛局,地方防衛局,2024,2024,1
https://www.mod.go.jp/rdb/chushi/contract/result/pdf/keiyaku-bz2504.pdf,pdf,rdb_chushi,中国四国防衛局,地方防衛局,2025,2025,58
https://www.mod.go.jp/rdb/chushi/contract/result/pdf/keiyaku-bz2507.pdf,pdf,rdb_chushi,中国四国防衛局,地方防衛局,2025,2025,1
https://www.mod.go.jp/rdb/chushi/contract/result/pdf/keiyaku-bz2508.pdf,pdf,rdb_chushi,中国四国防衛局,地方防衛局,2025,2025,5
https://www.mod.go.jp/rdb/chushi/contract/result/pdf/keiyaku-bz2510.pdf,pdf,rdb_chushi,中国四国防衛局,地方防衛局,2025,2025,1
https://www.mod.go.jp/rdb/chushi/contract/result/pdf/keiyaku-bz2512.pdf,pdf,rdb_chushi,中国四国防衛局,地方防衛局,2025,2025,3
https://www.mod.go.jp/rdb/chushi/contract/result/pdf/keiyaku-bz2603.pdf,pdf,rdb_chushi,中国四国防衛局,地方防衛局,2025,2025,2
https://www.mod.go.jp/rdb/chushi/contract/result/pdf/keiyaku-kk2402.pdf,pdf,rdb_chushi,中国四国防衛局,地方防衛局,2023,2023,18
https://www.mod.go.jp/rdb/chushi/contract/result/pdf/keiyaku-kk2403.pdf,pdf,rdb_chushi,中国四国防衛局,地方防衛局,2023,2023,26
https://www.mod.go.jp/rdb/chushi/contract/result/pdf/keiyaku-kk2406.pdf,pdf,rdb_chushi,中国四国防衛局,地方防衛局,2024,2024,2
https://www.mod.go.jp/rdb/chushi/contract/result/pdf/keiyaku-kk2407.pdf,pdf,rdb_chushi,中国四国防衛局,地方防衛局,2024,2024,3
https://www.mod.go.jp/rdb/chushi/contract/result/pdf/keiyaku-kk2408.pdf,pdf,rdb_chushi,中国四国防衛局,地方防衛局,2024,2024,21
https://www.mod.go.jp/rdb/chushi/contract/result/pdf/keiyaku-kk2409.pdf,pdf,rdb_chushi,中国四国防衛局,地方防衛局,2024,2024,10
https://www.mod.go.jp/rdb/chushi/contract/result/pdf/keiyaku-kk2410.pdf,pdf,rdb_chushi,中国四国防衛局,地方防衛局,2024,2024,29
https://www.mod.go.jp/rdb/chushi/contract/result/pdf/keiyaku-kk2411.pdf,pdf,rdb_chushi,中国四国防衛局,地方防衛局,2024,2024,19
https://www.mod.go.jp/rdb/chushi/contract/result/pdf/keiyaku-kk2412.pdf,pdf,rdb_chushi,中国四国防衛局,地方防衛局,2024,2024,16
https://www.mod.go.jp/rdb/chushi/contract/result/pdf/keiyaku-kk2501.pdf,pdf,rdb_chushi,中国四国防衛局,地方防衛局,2024,2024,14
https://www.mod.go.jp/rdb/chushi/contract/result/pdf/keiyaku-kk2502.pdf,pdf,rdb_chushi,中国四国防衛局,地方防衛局,2024,2024,23
https://www.mod.go.jp/rdb/chushi/contract/result/pdf/keiyaku-kk2503.pdf,pdf,rdb_chushi,中国四国防衛局,地方防衛局,2024,2024,31
https://www.mod.go.jp/rdb/chushi/contract/result/pdf/keiyaku-kk2504.pdf,pdf,rdb_chushi,中国四国防衛局,地方防衛局,2025,2025,1
https://www.mod.go.jp/rdb/chushi/contract/result/pdf/keiyaku-kk2505.pdf,pdf,rdb_chushi,中国四国防衛局,地方防衛局,2025,2025,2
https://www.mod.go.jp/rdb/chushi/contract/result/pdf/keiyaku-kk2506.pdf,pdf,rdb_chushi,中国四国防衛局,地方防衛局,2025,2025,3
https://www.mod.go.jp/rdb/chushi/contract/result/pdf/keiyaku-kk2507.pdf,pdf,rdb_chushi,中国四国防衛局,地方防衛局,2025,2025,11
https://www.mod.go.jp/rdb/chushi/contract/result/pdf/keiyaku-kk2508.pdf,pdf,rdb_chushi,中国四国防衛局,地方防衛局,2025,2025,12
https://www.mod.go.jp/rdb/chushi/contract/result/pdf/keiyaku-kk2509.pdf,pdf,rdb_chushi,中国四国防衛局,地方防衛局,2025,2025,30
https://www.mod.go.jp/rdb/chushi/contract/result/pdf/keiyaku-kk2510.pdf,pdf,rdb_chushi,中国四国防衛局,地方防衛局,2025,2025,14
https://www.mod.go.jp/rdb/chushi/contract/result/pdf/keiyaku-kk2511.pdf,pdf,rdb_chushi,中国四国防衛局,地方防衛局,2025,2025,17
https://www.mod.go.jp/rdb/chushi/contract/result/pdf/keiyaku-kk2512.pdf,pdf,rdb_chushi,中国四国防衛局,地方防衛局,2025,2025,14
https://www.mod.go.jp/rdb/chushi/contract/result/pdf/keiyaku-kk2601.pdf,pdf,rdb_chushi,中国四国防衛局,地方防衛局,2025,2025,19
https://www.mod.go.jp/rdb/chushi/contract/result/pdf/keiyaku-kk2602.pdf,pdf,rdb_chushi,中国四国防衛局,地方防衛局,2025,2025,20
https://www.mod.go.jp/rdb/chushi/contract/result/pdf/keiyaku-kk2603.pdf,pdf,rdb_chushi,中国四国防衛局,地方防衛局,2025,2025,44
https://www.mod.go.jp/rdb/chushi/contract/result/pdf/keiyaku-kz2402.pdf,pdf,rdb_chushi,中国四国防衛局,地方防衛局,2023,2023,1
https://www.mod.go.jp/rdb/chushi/contract/result/pdf/keiyaku-kz2406.pdf,pdf,rdb_chushi,中国四国防衛局,地方防衛局,2024,2024,1
https://www.mod.go.jp/rdb/chushi/contract/result/pdf/keiyaku-kz2407.pdf,pdf,rdb_chushi,中国四国防衛局,地方防衛局,2024,2024,1
https://www.mod.go.jp/rdb/chushi/contract/result/pdf/keiyaku-kz2408.pdf,pdf,rdb_chushi,中国四国防衛局,地方防衛局,2024,2024,3
https://www.mod.go.jp/rdb/chushi/contract/result/pdf/keiyaku-kz2510.pdf,pdf,rdb_chushi,中国四国防衛局,地方防衛局,2025,2025,1
https://www.mod.go.jp/rdb/chushi/contract/result/pdf/keiyaku-kz2603.pdf,pdf,rdb_chushi,中国四国防衛局,地方防衛局,2025,2025,4
https://www.mod.go.jp/rdb/hokkaido/keiyaku/keiyakujyoho_kouhyou/pdf/r06/06_04bek.xlsx,excel,rdb_hokkaido,北海道防衛局,地方防衛局,2024,2024,13
https://www.mod.go.jp/rdb/hokkaido/keiyaku/keiyakujyoho_kouhyou/pdf/r06/06_04bez.xlsx,excel,rdb_hokkaido,北海道防衛局,地方防衛局,2024,2024,18
https://www.mod.go.jp/rdb/hokkaido/keiyaku/keiyakujyoho_kouhyou/pdf/r06/06_04kk.xlsx,excel,rdb_hokkaido,北海道防衛局,地方防衛局,2024,2024,1
https://www.mod.go.jp/rdb/hokkaido/keiyaku/keiyakujyoho_kouhyou/pdf/r06/06_06bek.xlsx,excel,rdb_hokkaido,北海道防衛局,地方防衛局,2024,2024,1
https://www.mod.go.jp/rdb/hokkaido/keiyaku/keiyakujyoho_kouhyou/pdf/r06/06_06kk.xlsx,excel,rdb_hokkaido,北海道防衛局,地方防衛局,2024,2024,32
https://www.mod.go.jp/rdb/hokkaido/keiyaku/keiyakujyoho_kouhyou/pdf/r06/06_06kz.xlsx,excel,rdb_hokkaido,北海道防衛局,地方防衛局,2024,2024,1
https://www.mod.go.jp/rdb/hokkaido/keiyaku/keiyakujyoho_kouhyou/pdf/r06/06_07bek.xlsx,excel,rdb_hokkaido,北海道防衛局,地方防衛局,2024,2024,4
https://www.mod.go.jp/rdb/hokkaido/keiyaku/keiyakujyoho_kouhyou/pdf/r06/06_07kk.xlsx,excel,rdb_hokkaido,北海道防衛局,地方防衛局,2024,2024,21
https://www.mod.go.jp/rdb/hokkaido/keiyaku/keiyakujyoho_kouhyou/pdf/r06/06_08bek.xlsx,excel,rdb_hokkaido,北海道防衛局,地方防衛局,2024,2024,3
https://www.mod.go.jp/rdb/hokkaido/keiyaku/keiyakujyoho_kouhyou/pdf/r06/06_08kk.xlsx,excel,rdb_hokkaido,北海道防衛局,地方防衛局,2024,2024,9
https://www.mod.go.jp/rdb/hokkaido/keiyaku/keiyakujyoho_kouhyou/pdf/r06/06_08kz.xlsx,excel,rdb_hokkaido,北海道防衛局,地方防衛局,2024,2024,3
https://www.mod.go.jp/rdb/hokkaido/keiyaku/keiyakujyoho_kouhyou/pdf/r06/06_09bek.xlsx,excel,rdb_hokkaido,北海道防衛局,地方防衛局,2024,2024,3
https://www.mod.go.jp/rdb/hokkaido/keiyaku/keiyakujyoho_kouhyou/pdf/r06/06_09kk.xlsx,excel,rdb_hokkaido,北海道防衛局,地方防衛局,2024,2024,22
https://www.mod.go.jp/rdb/hokkaido/keiyaku/keiyakujyoho_kouhyou/pdf/r06/06_10bek.xlsx,excel,rdb_hokkaido,北海道防衛局,地方防衛局,2024,2024,2
https://www.mod.go.jp/rdb/hokkaido/keiyaku/keiyakujyoho_kouhyou/pdf/r06/06_10kk.xlsx,excel,rdb_hokkaido,北海道防衛局,地方防衛局,2024,2024,23
https://www.mod.go.jp/rdb/hokkaido/keiyaku/keiyakujyoho_kouhyou/pdf/r06/06_10kz.xlsx,excel,rdb_hokkaido,北海道防衛局,地方防衛局,2024,2024,3
https://www.mod.go.jp/rdb/hokkaido/keiyaku/keiyakujyoho_kouhyou/pdf/r06/06_11kk.xlsx,excel,rdb_hokkaido,北海道防衛局,地方防衛局,2024,2024,11
https://www.mod.go.jp/rdb/hokkaido/keiyaku/keiyakujyoho_kouhyou/pdf/r06/06_12bek.xlsx,excel,rdb_hokkaido,北海道防衛局,地方防衛局,2024,2024,2
https://www.mod.go.jp/rdb/hokkaido/keiyaku/keiyakujyoho_kouhyou/pdf/r06/06_12bez.xlsx,excel,rdb_hokkaido,北海道防衛局,地方防衛局,2024,2024,1
https://www.mod.go.jp/rdb/hokkaido/keiyaku/keiyakujyoho_kouhyou/pdf/r06/06_12kk.xlsx,excel,rdb_hokkaido,北海道防衛局,地方防衛局,2024,2024,27
https://www.mod.go.jp/rdb/hokkaido/keiyaku/keiyakujyoho_kouhyou/pdf/r06/07_01bek.xlsx,excel,rdb_hokkaido,北海道防衛局,地方防衛局,2024,2024,2
https://www.mod.go.jp/rdb/hokkaido/keiyaku/keiyakujyoho_kouhyou/pdf/r06/07_01kk.xlsx,excel,rdb_hokkaido,北海道防衛局,地方防衛局,2024,2024,19
https://www.mod.go.jp/rdb/hokkaido/keiyaku/keiyakujyoho_kouhyou/pdf/r06/07_02bek.xlsx,excel,rdb_hokkaido,北海道防衛局,地方防衛局,2024,2024,1
https://www.mod.go.jp/rdb/hokkaido/keiyaku/keiyakujyoho_kouhyou/pdf/r06/07_02kk.xlsx,excel,rdb_hokkaido,北海道防衛局,地方防衛局,2024,2024,11
https://www.mod.go.jp/rdb/hokkaido/keiyaku/keiyakujyoho_kouhyou/pdf/r06/07_02kz.xlsx,excel,rdb_hokkaido,北海道防衛局,地方防衛局,2024,2024,1
https://www.mod.go.jp/rdb/hokkaido/keiyaku/keiyakujyoho_kouhyou/pdf/r06/07_03bek.xlsx,excel,rdb_hokkaido,北海道防衛局,地方防衛局,2024,2024,1
https://www.mod.go.jp/rdb/hokkaido/keiyaku/keiyakujyoho_kouhyou/pdf/r06/07_03kk.xlsx,excel,rdb_hokkaido,北海道防衛局,地方防衛局,2024,2024,45
https://www.mod.go.jp/rdb/hokkaido/keiyaku/keiyakujyoho_kouhyou/pdf/r06/07_03kz.xlsx,excel,rdb_hokkaido,北海道防衛局,地方防衛局,2024,2024,1
https://www.mod.go.jp/rdb/hokkaido/keiyaku/keiyakujyoho_kouhyou/pdf/r07/07_04bek.xlsx,excel,rdb_hokkaido,北海道防衛局,地方防衛局,2025,2025,16
https://www.mod.go.jp/rdb/hokkaido/keiyaku/keiyakujyoho_kouhyou/pdf/r07/07_04bez.xlsx,excel,rdb_hokkaido,北海道防衛局,地方防衛局,2025,2025,18
https://www.mod.go.jp/rdb/hokkaido/keiyaku/keiyakujyoho_kouhyou/pdf/r07/07_05bek.xlsx,excel,rdb_hokkaido,北海道防衛局,地方防衛局,2025,2025,3
https://www.mod.go.jp/rdb/hokkaido/keiyaku/keiyakujyoho_kouhyou/pdf/r07/07_06bek.xlsx,excel,rdb_hokkaido,北海道防衛局,地方防衛局,2025,2025,1
https://www.mod.go.jp/rdb/hokkaido/keiyaku/keiyakujyoho_kouhyou/pdf/r07/07_06kk.xlsx,excel,rdb_hokkaido,北海道防衛局,地方防衛局,2025,2025,10
https://www.mod.go.jp/rdb/hokkaido/keiyaku/keiyakujyoho_kouhyou/pdf/r07/07_07bek.xlsx,excel,rdb_hokkaido,北海道防衛局,地方防衛局,2025,2025,1
https://www.mod.go.jp/rdb/hokkaido/keiyaku/keiyakujyoho_kouhyou/pdf/r07/07_07kk.xlsx,excel,rdb_hokkaido,北海道防衛局,地方防衛局,2025,2025,11
https://www.mod.go.jp/rdb/hokkaido/keiyaku/keiyakujyoho_kouhyou/pdf/r07/07_07kz.xlsx,excel,rdb_hokkaido,北海道防衛局,地方防衛局,2025,2025,1
https://www.mod.go.jp/rdb/hokkaido/keiyaku/keiyakujyoho_kouhyou/pdf/r07/07_08kk_2.xlsx,excel,rdb_hokkaido,北海道防衛局,地方防衛局,2025,2025,7
https://www.mod.go.jp/rdb/hokkaido/keiyaku/keiyakujyoho_kouhyou/pdf/r07/07_08kz.xlsx,excel,rdb_hokkaido,北海道防衛局,地方防衛局,2025,2025,1
https://www.mod.go.jp/rdb/hokkaido/keiyaku/keiyakujyoho_kouhyou/pdf/r07/07_09bek.xlsx,excel,rdb_hokkaido,北海道防衛局,地方防衛局,2025,2025,1
https://www.mod.go.jp/rdb/hokkaido/keiyaku/keiyakujyoho_kouhyou/pdf/r07/07_09kk.xlsx,excel,rdb_hokkaido,北海道防衛局,地方防衛局,2025,2025,12
https://www.mod.go.jp/rdb/hokkaido/keiyaku/keiyakujyoho_kouhyou/pdf/r07/07_10bek.xlsx,excel,rdb_hokkaido,北海道防衛局,地方防衛局,2025,2025,2
https://www.mod.go.jp/rdb/hokkaido/keiyaku/keiyakujyoho_kouhyou/pdf/r07/07_10kk.xlsx,excel,rdb_hokkaido,北海道防衛局,地方防衛局,2025,2025,12
https://www.mod.go.jp/rdb/hokkaido/keiyaku/keiyakujyoho_kouhyou/pdf/r07/07_10kz.xlsx,excel,rdb_hokkaido,北海道防衛局,地方防衛局,2025,2025,1
https://www.mod.go.jp/rdb/hokkaido/keiyaku/keiyakujyoho_kouhyou/pdf/r07/07_11kk.xlsx,excel,rdb_hokkaido,北海道防衛局,地方防衛局,2025,2025,13
https://www.mod.go.jp/rdb/hokkaido/keiyaku/keiyakujyoho_kouhyou/pdf/r07/07_12bek.xlsx,excel,rdb_hokkaido,北海道防衛局,地方防衛局,2025,2025,2
https://www.mod.go.jp/rdb/hokkaido/keiyaku/keiyakujyoho_kouhyou/pdf/r07/07_12kk.xlsx,excel,rdb_hokkaido,北海道防衛局,地方防衛局,2025,2025,31
https://www.mod.go.jp/rdb/hokkaido/keiyaku/keiyakujyoho_kouhyou/pdf/r07/08_01bek.xlsx,excel,rdb_hokkaido,北海道防衛局,地方防衛局,2025,2025,1
https://www.mod.go.jp/rdb/hokkaido/keiyaku/keiyakujyoho_kouhyou/pdf/r07/08_01kk.xlsx,excel,rdb_hokkaido,北海道防衛局,地方防衛局,2025,2025,15
https://www.mod.go.jp/rdb/hokkaido/keiyaku/keiyakujyoho_kouhyou/pdf/r07/08_02bek.xlsx,excel,rdb_hokkaido,北海道防衛局,地方防衛局,2025,2025,4
https://www.mod.go.jp/rdb/hokkaido/keiyaku/keiyakujyoho_kouhyou/pdf/r07/08_02kk.xlsx,excel,rdb_hokkaido,北海道防衛局,地方防衛局,2025,2025,15
https://www.mod.go.jp/rdb/hokkaido/keiyaku/keiyakujyoho_kouhyou/pdf/r07/08_02kz.xlsx,excel,rdb_hokkaido,北海道防衛局,地方防衛局,2025,2025,3
https://www.mod.go.jp/rdb/kinchu/contract/information/files/construction_competitive_202204.xlsx,excel,rdb_kinchu,近畿中部防衛局,地方防衛局,2022,2022,5
https://www.mod.go.jp/rdb/kinchu/contract/information/files/construction_competitive_202205.xlsx,excel,rdb_kinchu,近畿中部防衛局,地方防衛局,2022,2022,1
https://www.mod.go.jp/rdb/kinchu/contract/information/files/construction_competitive_202206.xlsx,excel,rdb_kinchu,近畿中部防衛局,地方防衛局,2022,2022,11
https://www.mod.go.jp/rdb/kinchu/contract/information/files/construction_competitive_202207.xlsx,excel,rdb_kinchu,近畿中部防衛局,地方防衛局,2022,2022,9
https://www.mod.go.jp/rdb/kinchu/contract/information/files/construction_competitive_202208.xlsx,excel,rdb_kinchu,近畿中部防衛局,地方防衛局,2022,2022,11
https://www.mod.go.jp/rdb/kinchu/contract/information/files/construction_competitive_202209.xlsx,excel,rdb_kinchu,近畿中部防衛局,地方防衛局,2022,2022,16
https://www.mod.go.jp/rdb/kinchu/contract/information/files/construction_competitive_202210.xlsx,excel,rdb_kinchu,近畿中部防衛局,地方防衛局,2022,2022,10
https://www.mod.go.jp/rdb/kinchu/contract/information/files/construction_competitive_202211.xlsx,excel,rdb_kinchu,近畿中部防衛局,地方防衛局,2022,2022,5
https://www.mod.go.jp/rdb/kinchu/contract/information/files/construction_competitive_202212.xlsx,excel,rdb_kinchu,近畿中部防衛局,地方防衛局,2022,2022,10
https://www.mod.go.jp/rdb/kinchu/contract/information/files/construction_competitive_202301.xlsx,excel,rdb_kinchu,近畿中部防衛局,地方防衛局,2022,2022,5
https://www.mod.go.jp/rdb/kinchu/contract/information/files/construction_competitive_202302.xlsx,excel,rdb_kinchu,近畿中部防衛局,地方防衛局,2022,2022,15
https://www.mod.go.jp/rdb/kinchu/contract/information/files/construction_competitive_202303.xlsx,excel,rdb_kinchu,近畿中部防衛局,地方防衛局,2022,2022,30
https://www.mod.go.jp/rdb/kinchu/contract/information/files/construction_competitive_202305.xlsx,excel,rdb_kinchu,近畿中部防衛局,地方防衛局,2023,2023,8
https://www.mod.go.jp/rdb/kinchu/contract/information/files/construction_competitive_202306.xlsx,excel,rdb_kinchu,近畿中部防衛局,地方防衛局,2023,2023,6
https://www.mod.go.jp/rdb/kinchu/contract/information/files/construction_competitive_202307.xlsx,excel,rdb_kinchu,近畿中部防衛局,地方防衛局,2023,2023,32
https://www.mod.go.jp/rdb/kinchu/contract/information/files/construction_competitive_202308.xlsx,excel,rdb_kinchu,近畿中部防衛局,地方防衛局,2023,2023,22
https://www.mod.go.jp/rdb/kinchu/contract/information/files/construction_competitive_202309.xlsx,excel,rdb_kinchu,近畿中部防衛局,地方防衛局,2023,2023,9
https://www.mod.go.jp/rdb/kinchu/contract/information/files/construction_competitive_202310.xlsx,excel,rdb_kinchu,近畿中部防衛局,地方防衛局,2023,2023,14
https://www.mod.go.jp/rdb/kinchu/contract/information/files/construction_competitive_202311.xlsx,excel,rdb_kinchu,近畿中部防衛局,地方防衛局,2023,2023,10
https://www.mod.go.jp/rdb/kinchu/contract/information/files/construction_competitive_202312.xlsx,excel,rdb_kinchu,近畿中部防衛局,地方防衛局,2023,2023,7
https://www.mod.go.jp/rdb/kinchu/contract/information/files/construction_competitive_202401.xlsx,excel,rdb_kinchu,近畿中部防衛局,地方防衛局,2023,2023,7
https://www.mod.go.jp/rdb/kinchu/contract/information/files/construction_competitive_202402.xlsx,excel,rdb_kinchu,近畿中部防衛局,地方防衛局,2023,2023,52
https://www.mod.go.jp/rdb/kinchu/contract/information/files/construction_competitive_202403.xlsx,excel,rdb_kinchu,近畿中部防衛局,地方防衛局,2023,2023,32
https://www.mod.go.jp/rdb/kinchu/contract/information/files/construction_competitive_202404.xlsx,excel,rdb_kinchu,近畿中部防衛局,地方防衛局,2024,2024,6
https://www.mod.go.jp/rdb/kinchu/contract/information/files/construction_competitive_202407.xlsx,excel,rdb_kinchu,近畿中部防衛局,地方防衛局,2024,2024,46
https://www.mod.go.jp/rdb/kinchu/contract/information/files/construction_competitive_202408.xlsx,excel,rdb_kinchu,近畿中部防衛局,地方防衛局,2024,2024,28
https://www.mod.go.jp/rdb/kinchu/contract/information/files/construction_competitive_202409.xlsx,excel,rdb_kinchu,近畿中部防衛局,地方防衛局,2024,2024,58
https://www.mod.go.jp/rdb/kinchu/contract/information/files/construction_competitive_202410.xlsx,excel,rdb_kinchu,近畿中部防衛局,地方防衛局,2024,2024,40
https://www.mod.go.jp/rdb/kinchu/contract/information/files/construction_competitive_202411.xlsx,excel,rdb_kinchu,近畿中部防衛局,地方防衛局,2024,2024,18
https://www.mod.go.jp/rdb/kinchu/contract/information/files/construction_competitive_202412.xlsx,excel,rdb_kinchu,近畿中部防衛局,地方防衛局,2024,2024,45
https://www.mod.go.jp/rdb/kinchu/contract/information/files/construction_competitive_202501.xlsx,excel,rdb_kinchu,近畿中部防衛局,地方防衛局,2024,2024,21
https://www.mod.go.jp/rdb/kinchu/contract/information/files/construction_competitive_202502.xlsx,excel,rdb_kinchu,近畿中部防衛局,地方防衛局,2024,2024,51
https://www.mod.go.jp/rdb/kinchu/contract/information/files/construction_competitive_202503.xlsx,excel,rdb_kinchu,近畿中部防衛局,地方防衛局,2024,2024,52
https://www.mod.go.jp/rdb/kinchu/contract/information/files/construction_competitive_202504.xlsx,excel,rdb_kinchu,近畿中部防衛局,地方防衛局,2025,2025,6
https://www.mod.go.jp/rdb/kinchu/contract/information/files/construction_competitive_202506.xlsx,"excel,warp_crawler",rdb_kinchu,近畿中部防衛局,地方防衛局,2025,2025,5
https://www.mod.go.jp/rdb/kinchu/contract/information/files/construction_competitive_202507.xlsx,"excel,warp_crawler",rdb_kinchu,近畿中部防衛局,地方防衛局,2025,2025,22
https://www.mod.go.jp/rdb/kinchu/contract/information/files/construction_competitive_202508.xlsx,excel,rdb_kinchu,近畿中部防衛局,地方防衛局,2025,2025,16
https://www.mod.go.jp/rdb/kinchu/contract/information/files/construction_competitive_202509.xlsx,excel,rdb_kinchu,近畿中部防衛局,地方防衛局,2025,2025,19
https://www.mod.go.jp/rdb/kinchu/contract/information/files/construction_competitive_202510.xlsx,excel,rdb_kinchu,近畿中部防衛局,地方防衛局,2025,2025,8
https://www.mod.go.jp/rdb/kinchu/contract/information/files/construction_competitive_202511.xlsx,excel,rdb_kinchu,近畿中部防衛局,地方防衛局,2025,2025,11
https://www.mod.go.jp/rdb/kinchu/contract/information/files/construction_competitive_202512.xlsx,excel,rdb_kinchu,近畿中部防衛局,地方防衛局,2025,2025,22
https://www.mod.go.jp/rdb/kinchu/contract/information/files/construction_competitive_202601.xlsx,excel,rdb_kinchu,近畿中部防衛局,地方防衛局,2025,2025,31
https://www.mod.go.jp/rdb/kinchu/contract/information/files/construction_competitive_202602.xlsx,excel,rdb_kinchu,近畿中部防衛局,地方防衛局,2025,2025,22
https://www.mod.go.jp/rdb/kinchu/contract/information/files/construction_negotiated_202207.xlsx,excel,rdb_kinchu,近畿中部防衛局,地方防衛局,2022,2022,3
https://www.mod.go.jp/rdb/kinchu/contract/information/files/construction_negotiated_202210.xlsx,excel,rdb_kinchu,近畿中部防衛局,地方防衛局,2022,2022,2
https://www.mod.go.jp/rdb/kinchu/contract/information/files/construction_negotiated_202211.xlsx,excel,rdb_kinchu,近畿中部防衛局,地方防衛局,2022,2022,2
https://www.mod.go.jp/rdb/kinchu/contract/information/files/construction_negotiated_202301.xlsx,excel,rdb_kinchu,近畿中部防衛局,地方防衛局,2022,2022,1
https://www.mod.go.jp/rdb/kinchu/contract/information/files/construction_negotiated_202303.xlsx,excel,rdb_kinchu,近畿中部防衛局,地方防衛局,2022,2022,1
https://www.mod.go.jp/rdb/kinchu/contract/information/files/construction_negotiated_202307.xlsx,excel,rdb_kinchu,近畿中部防衛局,地方防衛局,2023,2023,1
https://www.mod.go.jp/rdb/kinchu/contract/information/files/construction_negotiated_202311.xlsx,excel,rdb_kinchu,近畿中部防衛局,地方防衛局,2023,2023,1
https://www.mod.go.jp/rdb/kinchu/contract/information/files/construction_negotiated_202401.xlsx,excel,rdb_kinchu,近畿中部防衛局,地方防衛局,2023,2023,1
https://www.mod.go.jp/rdb/kinchu/contract/information/files/construction_negotiated_202402.xlsx,excel,rdb_kinchu,近畿中部防衛局,地方防衛局,2023,2023,2
https://www.mod.go.jp/rdb/kinchu/contract/information/files/construction_negotiated_202403.xlsx,excel,rdb_kinchu,近畿中部防衛局,地方防衛局,2023,2023,3
https://www.mod.go.jp/rdb/kinchu/contract/information/files/construction_negotiated_202405.xlsx,excel,rdb_kinchu,近畿中部防衛局,地方防衛局,2024,2024,1
https://www.mod.go.jp/rdb/kinchu/contract/information/files/construction_negotiated_202406.xlsx,excel,rdb_kinchu,近畿中部防衛局,地方防衛局,2024,2024,1
https://www.mod.go.jp/rdb/kinchu/contract/information/files/construction_negotiated_202408.xlsx,excel,rdb_kinchu,近畿中部防衛局,地方防衛局,2024,2024,4
https://www.mod.go.jp/rdb/kinchu/contract/information/files/construction_negotiated_202409.xlsx,excel,rdb_kinchu,近畿中部防衛局,地方防衛局,2024,2024,1
https://www.mod.go.jp/rdb/kinchu/contract/information/files/construction_negotiated_202410.xlsx,excel,rdb_kinchu,近畿中部防衛局,地方防衛局,2024,2024,3
https://www.mod.go.jp/rdb/kinchu/contract/information/files/construction_negotiated_202411.xlsx,excel,rdb_kinchu,近畿中部防衛局,地方防衛局,2024,2024,1
https://www.mod.go.jp/rdb/kinchu/contract/information/files/construction_negotiated_202501.xlsx,excel,rdb_kinchu,近畿中部防衛局,地方防衛局,2024,2024,1
https://www.mod.go.jp/rdb/kinchu/contract/information/files/construction_negotiated_202503.xlsx,excel,rdb_kinchu,近畿中部防衛局,地方防衛局,2024,2025,2
https://www.mod.go.jp/rdb/kinchu/contract/information/files/construction_negotiated_202508.xlsx,excel,rdb_kinchu,近畿中部防衛局,地方防衛局,2025,2025,1
https://www.mod.go.jp/rdb/kinchu/contract/information/files/construction_negotiated_202511.xlsx,excel,rdb_kinchu,近畿中部防衛局,地方防衛局,2025,2025,2
https://www.mod.go.jp/rdb/kinchu/contract/information/files/construction_negotiated_202601.xlsx,excel,rdb_kinchu,近畿中部防衛局,地方防衛局,2025,2025,3
https://www.mod.go.jp/rdb/kinchu/contract/information/files/purchase-service_competitive_202204.xlsx,excel,rdb_kinchu,近畿中部防衛局,地方防衛局,2022,2022,9
https://www.mod.go.jp/rdb/kinchu/contract/information/files/purchase-service_competitive_202205.xlsx,excel,rdb_kinchu,近畿中部防衛局,地方防衛局,2022,2022,1
https://www.mod.go.jp/rdb/kinchu/contract/information/files/purchase-service_competitive_202206.xlsx,excel,rdb_kinchu,近畿中部防衛局,地方防衛局,2022,2022,4
https://www.mod.go.jp/rdb/kinchu/contract/information/files/purchase-service_competitive_202207.xlsx,excel,rdb_kinchu,近畿中部防衛局,地方防衛局,2022,2022,1
https://www.mod.go.jp/rdb/kinchu/contract/information/files/purchase-service_competitive_202208.xlsx,excel,rdb_kinchu,近畿中部防衛局,地方防衛局,2022,2022,3
https://www.mod.go.jp/rdb/kinchu/contract/information/files/purchase-service_competitive_202209.xlsx,excel,rdb_kinchu,近畿中部防衛局,地方防衛局,2022,2022,1
https://www.mod.go.jp/rdb/kinchu/contract/information/files/purchase-service_competitive_202211.xlsx,excel,rdb_kinchu,近畿中部防衛局,地方防衛局,2022,2022,2
https://www.mod.go.jp/rdb/kinchu/contract/information/files/purchase-service_competitive_202301.xlsx,excel,rdb_kinchu,近畿中部防衛局,地方防衛局,2022,2022,1
https://www.mod.go.jp/rdb/kinchu/contract/information/files/purchase-service_competitive_202302.xlsx,excel,rdb_kinchu,近畿中部防衛局,地方防衛局,2022,2022,1
https://www.mod.go.jp/rdb/kinchu/contract/information/files/purchase-service_competitive_202304.xlsx,excel,rdb_kinchu,近畿中部防衛局,地方防衛局,2023,2023,8
https://www.mod.go.jp/rdb/kinchu/contract/information/files/purchase-service_competitive_202305.xlsx,excel,rdb_kinchu,近畿中部防衛局,地方防衛局,2023,2023,2
https://www.mod.go.jp/rdb/kinchu/contract/information/files/purchase-service_competitive_202306.xlsx,excel,rdb_kinchu,近畿中部防衛局,地方防衛局,2023,2023,9
https://www.mod.go.jp/rdb/kinchu/contract/information/files/purchase-service_competitive_202308.xlsx,excel,rdb_kinchu,近畿中部防衛局,地方防衛局,2023,2023,2
https://www.mod.go.jp/rdb/kinchu/contract/information/files/purchase-service_competitive_202309.xlsx,excel,rdb_kinchu,近畿中部防衛局,地方防衛局,2023,2023,3
https://www.mod.go.jp/rdb/kinchu/contract/information/files/purchase-service_competitive_202310.xlsx,excel,rdb_kinchu,近畿中部防衛局,地方防衛局,2023,2023,1
https://www.mod.go.jp/rdb/kinchu/contract/information/files/purchase-service_competitive_202311.xlsx,excel,rdb_kinchu,近畿中部防衛局,地方防衛局,2023,2023,2
https://www.mod.go.jp/rdb/kinchu/contract/information/files/purchase-service_competitive_202312.xlsx,excel,rdb_kinchu,近畿中部防衛局,地方防衛局,2023,2023,1
https://www.mod.go.jp/rdb/kinchu/contract/information/files/purchase-service_competitive_202402.xlsx,excel,rdb_kinchu,近畿中部防衛局,地方防衛局,2023,2023,1
https://www.mod.go.jp/rdb/kinchu/contract/information/files/purchase-service_competitive_202404.xlsx,excel,rdb_kinchu,近畿中部防衛局,地方防衛局,2024,2024,16
https://www.mod.go.jp/rdb/kinchu/contract/information/files/purchase-service_competitive_202405.xlsx,excel,rdb_kinchu,近畿中部防衛局,地方防衛局,2024,2024,2
https://www.mod.go.jp/rdb/kinchu/contract/information/files/purchase-service_competitive_202406.xlsx,excel,rdb_kinchu,近畿中部防衛局,地方防衛局,2024,2024,3
https://www.mod.go.jp/rdb/kinchu/contract/information/files/purchase-service_competitive_202407.xlsx,excel,rdb_kinchu,近畿中部防衛局,地方防衛局,2024,2024,2
https://www.mod.go.jp/rdb/kinchu/contract/information/files/purchase-service_competitive_202409.xlsx,excel,rdb_kinchu,近畿中部防衛局,地方防衛局,2024,2024,1
https://www.mod.go.jp/rdb/kinchu/contract/information/files/purchase-service_competitive_202410.xlsx,excel,rdb_kinchu,近畿中部防衛局,地方防衛局,2024,2024,3
https://www.mod.go.jp/rdb/kinchu/contract/information/files/purchase-service_competitive_202411.xlsx,excel,rdb_kinchu,近畿中部防衛局,地方防衛局,2024,2024,2
https://www.mod.go.jp/rdb/kinchu/contract/information/files/purchase-service_competitive_202412.xlsx,excel,rdb_kinchu,近畿中部防衛局,地方防衛局,2024,2024,2
https://www.mod.go.jp/rdb/kinchu/contract/information/files/purchase-service_competitive_202502.xlsx,excel,rdb_kinchu,近畿中部防衛局,地方防衛局,2024,2024,1
https://www.mod.go.jp/rdb/kinchu/contract/information/files/purchase-service_competitive_202504.xlsx,excel,rdb_kinchu,近畿中部防衛局,地方防衛局,2025,2025,16
https://www.mod.go.jp/rdb/kinchu/contract/information/files/purchase-service_competitive_202505.xlsx,excel,rdb_kinchu,近畿中部防衛局,地方防衛局,2025,2025,2
https://www.mod.go.jp/rdb/kinchu/contract/information/files/purchase-service_competitive_202506.xlsx,excel,rdb_kinchu,近畿中部防衛局,地方防衛局,2025,2025,1
https://www.mod.go.jp/rdb/kinchu/contract/information/files/purchase-service_competitive_202512.xlsx,excel,rdb_kinchu,近畿中部防衛局,地方防衛局,2025,2025,1
https://www.mod.go.jp/rdb/kinchu/contract/information/files/purchase-service_competitive_202602.xlsx,excel,rdb_kinchu,近畿中部防衛局,地方防衛局,2025,2025,3
https://www.mod.go.jp/rdb/kinchu/contract/information/files/purchase-service_negotiated_202204.xlsx,excel,rdb_kinchu,近畿中部防衛局,地方防衛局,2022,2022,25
https://www.mod.go.jp/rdb/kinchu/contract/information/files/purchase-service_negotiated_202304.xlsx,excel,rdb_kinchu,近畿中部防衛局,地方防衛局,2023,2023,16
https://www.mod.go.jp/rdb/kinchu/contract/information/files/purchase-service_negotiated_202307.xlsx,excel,rdb_kinchu,近畿中部防衛局,地方防衛局,2023,2023,1
https://www.mod.go.jp/rdb/kinchu/contract/information/files/purchase-service_negotiated_202404.xlsx,excel,rdb_kinchu,近畿中部防衛局,地方防衛局,2024,2024,36
https://www.mod.go.jp/rdb/kinchu/contract/information/files/purchase-service_negotiated_202504.xlsx,excel,rdb_kinchu,近畿中部防衛局,地方防衛局,2025,2025,24
https://www.mod.go.jp/rdb/kinchu/contract/information/files/purchase-service_negotiated_202510.xlsx,excel,rdb_kinchu,近畿中部防衛局,地方防衛局,2025,2025,3
https://www.mod.go.jp/rdb/kinchu/contract/information/files/purchase-service_negotiated_202512.xlsx,excel,rdb_kinchu,近畿中部防衛局,地方防衛局,2025,2025,1
https://www.mod.go.jp/rdb/kinchu/contract/information/pdf/construction_competitive_202504.pdf,warp_crawler,rdb_kinchu,近畿中部防衛局,地方防衛局,2025,2025,6
https://www.mod.go.jp/rdb/kinchu/contract/information/pdf/construction_competitive_202506.pdf,warp_crawler,rdb_kinchu,近畿中部防衛局,地方防衛局,2025,2025,2
https://www.mod.go.jp/rdb/kinchu/contract/information/pdf/construction_competitive_202507.pdf,warp_crawler,rdb_kinchu,近畿中部防衛局,地方防衛局,2025,2025,19
https://www.mod.go.jp/rdb/kinchu/contract/information/pdf/construction_competitive_202508.pdf,warp_crawler,rdb_kinchu,近畿中部防衛局,地方防衛局,2025,2025,16
https://www.mod.go.jp/rdb/kinchu/contract/information/pdf/construction_competitive_202509.pdf,warp_crawler,rdb_kinchu,近畿中部防衛局,地方防衛局,2025,2025,19
https://www.mod.go.jp/rdb/kinchu/contract/information/pdf/construction_competitive_202510.pdf,warp_crawler,rdb_kinchu,近畿中部防衛局,地方防衛局,2025,2025,8
https://www.mod.go.jp/rdb/kinchu/contract/information/pdf/construction_competitive_202511.pdf,warp_crawler,rdb_kinchu,近畿中部防衛局,地方防衛局,2025,2025,11
https://www.mod.go.jp/rdb/kinchu/contract/information/pdf/construction_competitive_202512.pdf,warp_crawler,rdb_kinchu,近畿中部防衛局,地方防衛局,2025,2025,22
https://www.mod.go.jp/rdb/kinchu/contract/information/pdf/construction_competitive_202601.pdf,warp_crawler,rdb_kinchu,近畿中部防衛局,地方防衛局,2025,2025,31
https://www.mod.go.jp/rdb/kinchu/contract/information/pdf/construction_competitive_202602.pdf,warp_crawler,rdb_kinchu,近畿中部防衛局,地方防衛局,2025,2025,22
https://www.mod.go.jp/rdb/kinchu/contract/information/pdf/construction_negotiated_202508.pdf,warp_crawler,rdb_kinchu,近畿中部防衛局,地方防衛局,2025,2025,1
https://www.mod.go.jp/rdb/kinchu/contract/information/pdf/construction_negotiated_202511.pdf,warp_crawler,rdb_kinchu,近畿中部防衛局,地方防衛局,2025,2025,2
https://www.mod.go.jp/rdb/kinchu/contract/information/pdf/construction_negotiated_202601.pdf,warp_crawler,rdb_kinchu,近畿中部防衛局,地方防衛局,2025,2025,3
https://www.mod.go.jp/rdb/kinchu/contract/information/pdf/purchase-service_competitive_202504.pdf,warp_crawler,rdb_kinchu,近畿中部防衛局,地方防衛局,2025,2025,16
https://www.mod.go.jp/rdb/kinchu/contract/information/pdf/purchase-service_competitive_202505.pdf,warp_crawler,rdb_kinchu,近畿中部防衛局,地方防衛局,2025,2025,2
https://www.mod.go.jp/rdb/kinchu/contract/information/pdf/purchase-service_competitive_202506.pdf,warp_crawler,rdb_kinchu,近畿中部防衛局,地方防衛局,2025,2025,1
https://www.mod.go.jp/rdb/kinchu/contract/information/pdf/purchase-service_competitive_202512.pdf,warp_crawler,rdb_kinchu,近畿中部防衛局,地方防衛局,2025,2025,1
https://www.mod.go.jp/rdb/kinchu/contract/information/pdf/purchase-service_competitive_202602.pdf,warp_crawler,rdb_kinchu,近畿中部防衛局,地方防衛局,2025,2025,3
https://www.mod.go.jp/rdb/kinchu/contract/information/pdf/purchase-service_negotiated_202504.pdf,warp_crawler,rdb_kinchu,近畿中部防衛局,地方防衛局,2025,2025,10
https://www.mod.go.jp/rdb/kinchu/contract/information/pdf/purchase-service_negotiated_202512.pdf,warp_crawler,rdb_kinchu,近畿中部防衛局,地方防衛局,2025,2025,1
https://www.mod.go.jp/rdb/kyushu/contract/announcement/pdf/0604buppinnyuusatu.pdf,pdf,rdb_kyushu,九州防衛局,地方防衛局,2024,2024,11
https://www.mod.go.jp/rdb/kyushu/contract/announcement/pdf/0604buppinnzuikei.pdf,pdf,rdb_kyushu,九州防衛局,地方防衛局,2024,2024,12
https://www.mod.go.jp/rdb/kyushu/contract/announcement/pdf/0605buppinnyuusatu.pdf,pdf,rdb_kyushu,九州防衛局,地方防衛局,2024,2024,19
https://www.mod.go.jp/rdb/kyushu/contract/announcement/pdf/0605buppinnzuikei.pdf,pdf,rdb_kyushu,九州防衛局,地方防衛局,2024,2024,4
https://www.mod.go.jp/rdb/kyushu/contract/announcement/pdf/0605kouzinyuusatsu.pdf,pdf,rdb_kyushu,九州防衛局,地方防衛局,2024,2024,13
https://www.mod.go.jp/rdb/kyushu/contract/announcement/pdf/0606buppinnyuusatu.pdf,pdf,rdb_kyushu,九州防衛局,地方防衛局,2024,2024,2
https://www.mod.go.jp/rdb/kyushu/contract/announcement/pdf/0606buppinnzuikei.pdf,pdf,rdb_kyushu,九州防衛局,地方防衛局,2024,2024,2
https://www.mod.go.jp/rdb/kyushu/contract/announcement/pdf/0606kouzinyuusatsu.pdf,pdf,rdb_kyushu,九州防衛局,地方防衛局,2024,2024,15
https://www.mod.go.jp/rdb/kyushu/contract/announcement/pdf/0606kouzizuikei.pdf,pdf,rdb_kyushu,九州防衛局,地方防衛局,2024,2024,1
https://www.mod.go.jp/rdb/kyushu/contract/announcement/pdf/0607buppinnyuusatu.pdf,pdf,rdb_kyushu,九州防衛局,地方防衛局,2024,2024,2
https://www.mod.go.jp/rdb/kyushu/contract/announcement/pdf/0607kouzinyuusatsu.pdf,pdf,rdb_kyushu,九州防衛局,地方防衛局,2024,2024,19
https://www.mod.go.jp/rdb/kyushu/contract/announcement/pdf/0608buppinnyuusatu.pdf,pdf,rdb_kyushu,九州防衛局,地方防衛局,2024,2024,8
https://www.mod.go.jp/rdb/kyushu/contract/announcement/pdf/0608kouzinyuusatsu.pdf,pdf,rdb_kyushu,九州防衛局,地方防衛局,2024,2024,30
https://www.mod.go.jp/rdb/kyushu/contract/announcement/pdf/0608kouzizuikei.pdf,pdf,rdb_kyushu,九州防衛局,地方防衛局,2024,2024,1
https://www.mod.go.jp/rdb/kyushu/contract/announcement/pdf/0609buppinnyuusatu.pdf,pdf,rdb_kyushu,九州防衛局,地方防衛局,2024,2024,3
https://www.mod.go.jp/rdb/kyushu/contract/announcement/pdf/0609kouzinyuusatsu.pdf,pdf,rdb_kyushu,九州防衛局,地方防衛局,2024,2024,40
https://www.mod.go.jp/rdb/kyushu/contract/announcement/pdf/0610buppinnyuusatu.pdf,pdf,rdb_kyushu,九州防衛局,地方防衛局,2024,2024,1
https://www.mod.go.jp/rdb/kyushu/contract/announcement/pdf/0610kouzinyuusatsu.pdf,pdf,rdb_kyushu,九州防衛局,地方防衛局,2024,2024,20
https://www.mod.go.jp/rdb/kyushu/contract/announcement/pdf/0610kouzizuikei.pdf,pdf,rdb_kyushu,九州防衛局,地方防衛局,2024,2024,2
https://www.mod.go.jp/rdb/kyushu/contract/announcement/pdf/0611buppinnyuusatu.pdf,pdf,rdb_kyushu,九州防衛局,地方防衛局,2024,2024,4
https://www.mod.go.jp/rdb/kyushu/contract/announcement/pdf/0611kouzinyuusatsu.pdf,pdf,rdb_kyushu,九州防衛局,地方防衛局,2024,2024,10
https://www.mod.go.jp/rdb/kyushu/contract/announcement/pdf/0612buppinnyuusatu.pdf,pdf,rdb_kyushu,九州防衛局,地方防衛局,2024,2024,4
https://www.mod.go.jp/rdb/kyushu/contract/announcement/pdf/0612buppinnzuikei.pdf,pdf,rdb_kyushu,九州防衛局,地方防衛局,2024,2024,3
https://www.mod.go.jp/rdb/kyushu/contract/announcement/pdf/0612kouzinyuusatsu.pdf,pdf,rdb_kyushu,九州防衛局,地方防衛局,2024,2024,7
https://www.mod.go.jp/rdb/kyushu/contract/announcement/pdf/0701buppinnyuusatu.pdf,pdf,rdb_kyushu,九州防衛局,地方防衛局,2024,2024,4
https://www.mod.go.jp/rdb/kyushu/contract/announcement/pdf/0701buppinnzuikei.pdf,pdf,rdb_kyushu,九州防衛局,地方防衛局,2024,2024,3
https://www.mod.go.jp/rdb/kyushu/contract/announcement/pdf/0701kouzinyuusatsu.pdf,pdf,rdb_kyushu,九州防衛局,地方防衛局,2024,2024,20
https://www.mod.go.jp/rdb/kyushu/contract/announcement/pdf/0702buppinnyuusatu.pdf,pdf,rdb_kyushu,九州防衛局,地方防衛局,2024,2024,4
https://www.mod.go.jp/rdb/kyushu/contract/announcement/pdf/0702buppinnzuikei.pdf,pdf,rdb_kyushu,九州防衛局,地方防衛局,2024,2024,6
https://www.mod.go.jp/rdb/kyushu/contract/announcement/pdf/0702kouzinyuusatsu.pdf,pdf,rdb_kyushu,九州防衛局,地方防衛局,2024,2024,30
https://www.mod.go.jp/rdb/kyushu/contract/announcement/pdf/0703buppinnyuusatu.pdf,pdf,rdb_kyushu,九州防衛局,地方防衛局,2024,2024,1
https://www.mod.go.jp/rdb/kyushu/contract/announcement/pdf/0703buppinnzuikei.pdf,pdf,rdb_kyushu,九州防衛局,地方防衛局,2024,2024,1
https://www.mod.go.jp/rdb/kyushu/contract/announcement/pdf/0703kouzinyuusatsu.pdf,pdf,rdb_kyushu,九州防衛局,地方防衛局,2024,2024,46
https://www.mod.go.jp/rdb/kyushu/contract/announcement/pdf/0703kouzizuikei.pdf,pdf,rdb_kyushu,九州防衛局,地方防衛局,2024,2024,1
https://www.mod.go.jp/rdb/kyushu/contract/announcement/pdf/0704buppinnyuusatsu.pdf,pdf,rdb_kyushu,九州防衛局,地方防衛局,2025,2025,13
https://www.mod.go.jp/rdb/kyushu/contract/announcement/pdf/0704buppinzuikei.pdf,pdf,rdb_kyushu,九州防衛局,地方防衛局,2025,2025,13
https://www.mod.go.jp/rdb/kyushu/contract/announcement/pdf/0705buppinnyuusatsu.pdf,pdf,rdb_kyushu,九州防衛局,地方防衛局,2025,2025,16
https://www.mod.go.jp/rdb/kyushu/contract/announcement/pdf/0705buppinzuikei.pdf,pdf,rdb_kyushu,九州防衛局,地方防衛局,2025,2025,1
https://www.mod.go.jp/rdb/kyushu/contract/announcement/pdf/0705kouzinyuusatsu.pdf,pdf,rdb_kyushu,九州防衛局,地方防衛局,2025,2025,15
https://www.mod.go.jp/rdb/kyushu/contract/announcement/pdf/0706buppinnyuusatsu.pdf,pdf,rdb_kyushu,九州防衛局,地方防衛局,2025,2025,11
https://www.mod.go.jp/rdb/kyushu/contract/announcement/pdf/0706buppinzuikei.pdf,pdf,rdb_kyushu,九州防衛局,地方防衛局,2025,2025,1
https://www.mod.go.jp/rdb/kyushu/contract/announcement/pdf/0706kouzinyuusatsu.pdf,pdf,rdb_kyushu,九州防衛局,地方防衛局,2025,2025,5
https://www.mod.go.jp/rdb/kyushu/contract/announcement/pdf/0707buppinnyuusatsu.pdf,pdf,rdb_kyushu,九州防衛局,地方防衛局,2025,2025,6
https://www.mod.go.jp/rdb/kyushu/contract/announcement/pdf/0707kouzinyuusatsu.pdf,pdf,rdb_kyushu,九州防衛局,地方防衛局,2025,2025,18
https://www.mod.go.jp/rdb/kyushu/contract/announcement/pdf/0707kouzizuikei.pdf,pdf,rdb_kyushu,九州防衛局,地方防衛局,2025,2025,2
https://www.mod.go.jp/rdb/kyushu/contract/announcement/pdf/0708buppinnyuusatsu.pdf,pdf,rdb_kyushu,九州防衛局,地方防衛局,2025,2025,6
https://www.mod.go.jp/rdb/kyushu/contract/announcement/pdf/0708kouzinyuusatsu.pdf,pdf,rdb_kyushu,九州防衛局,地方防衛局,2025,2025,33
https://www.mod.go.jp/rdb/kyushu/contract/announcement/pdf/0709buppinnyuusatsu.pdf,pdf,rdb_kyushu,九州防衛局,地方防衛局,2025,2025,1
https://www.mod.go.jp/rdb/kyushu/contract/announcement/pdf/0709kouzinyuusatsu.pdf,pdf,rdb_kyushu,九州防衛局,地方防衛局,2025,2025,33
https://www.mod.go.jp/rdb/kyushu/contract/announcement/pdf/0709kouzizuikei.pdf,pdf,rdb_kyushu,九州防衛局,地方防衛局,2025,2025,2
https://www.mod.go.jp/rdb/kyushu/contract/announcement/pdf/0710buppinnyuusatsu.pdf,pdf,rdb_kyushu,九州防衛局,地方防衛局,2025,2025,3
https://www.mod.go.jp/rdb/kyushu/contract/announcement/pdf/0710kouzinyuusatsu.pdf,pdf,rdb_kyushu,九州防衛局,地方防衛局,2025,2025,24
https://www.mod.go.jp/rdb/kyushu/contract/announcement/pdf/0710kouzizuikei.pdf,pdf,rdb_kyushu,九州防衛局,地方防衛局,2025,2025,1
https://www.mod.go.jp/rdb/kyushu/contract/announcement/pdf/0711buppinnyuusatsu.pdf,pdf,rdb_kyushu,九州防衛局,地方防衛局,2025,2025,2
https://www.mod.go.jp/rdb/kyushu/contract/announcement/pdf/0711kouzinyuusatsu.pdf,pdf,rdb_kyushu,九州防衛局,地方防衛局,2025,2025,14
https://www.mod.go.jp/rdb/kyushu/contract/announcement/pdf/0711kouzizuikei.pdf,pdf,rdb_kyushu,九州防衛局,地方防衛局,2025,2025,1
https://www.mod.go.jp/rdb/kyushu/contract/announcement/pdf/0712buppinnyuusatsu.pdf,pdf,rdb_kyushu,九州防衛局,地方防衛局,2025,2025,3
https://www.mod.go.jp/rdb/kyushu/contract/announcement/pdf/0712kouzinyuusatsu.pdf,pdf,rdb_kyushu,九州防衛局,地方防衛局,2025,2025,10
https://www.mod.go.jp/rdb/kyushu/contract/announcement/pdf/0712kouzizuikei.pdf,pdf,rdb_kyushu,九州防衛局,地方防衛局,2025,2025,3
https://www.mod.go.jp/rdb/kyushu/contract/announcement/pdf/0801buppinzuikei.pdf,pdf,rdb_kyushu,九州防衛局,地方防衛局,2025,2025,1
https://www.mod.go.jp/rdb/kyushu/contract/announcement/pdf/0801kouzinyuusatsu.pdf,pdf,rdb_kyushu,九州防衛局,地方防衛局,2025,2025,15
https://www.mod.go.jp/rdb/kyushu/contract/announcement/pdf/0802buppinnyuusatu.pdf,pdf,rdb_kyushu,九州防衛局,地方防衛局,2025,2025,1
https://www.mod.go.jp/rdb/kyushu/contract/announcement/pdf/0802buppinzuikei.pdf,pdf,rdb_kyushu,九州防衛局,地方防衛局,2025,2025,3
https://www.mod.go.jp/rdb/kyushu/contract/announcement/pdf/0802kouzinyuusatsu.pdf,pdf,rdb_kyushu,九州防衛局,地方防衛局,2025,2025,32
https://www.mod.go.jp/rdb/kyushu/contract/announcement/pdf/k0604buppinnyusatsu.pdf,pdf,rdb_kyushu,九州防衛局,地方防衛局,2024,2024,5
https://www.mod.go.jp/rdb/kyushu/contract/announcement/pdf/k0604buppinzuikei.pdf,pdf,rdb_kyushu,九州防衛局,地方防衛局,2024,2024,4
https://www.mod.go.jp/rdb/kyushu/contract/announcement/pdf/k0605kouzinyusatsu.pdf,pdf,rdb_kyushu,九州防衛局,地方防衛局,2024,2024,13
https://www.mod.go.jp/rdb/kyushu/contract/announcement/pdf/k0605kouzizuikei.pdf,pdf,rdb_kyushu,九州防衛局,地方防衛局,2024,2024,3
https://www.mod.go.jp/rdb/kyushu/contract/announcement/pdf/k0606buppinnyusatsu.pdf,pdf,rdb_kyushu,九州防衛局,地方防衛局,2024,2024,3
https://www.mod.go.jp/rdb/kyushu/contract/announcement/pdf/k0606kouzinyusatsu.pdf,pdf,rdb_kyushu,九州防衛局,地方防衛局,2024,2024,7
https://www.mod.go.jp/rdb/kyushu/contract/announcement/pdf/k0607kouzinyusatsu.pdf,pdf,rdb_kyushu,九州防衛局,地方防衛局,2024,2024,29
https://www.mod.go.jp/rdb/kyushu/contract/announcement/pdf/k0608buppinnyusatsu.pdf,pdf,rdb_kyushu,九州防衛局,地方防衛局,2024,2024,1
https://www.mod.go.jp/rdb/kyushu/contract/announcement/pdf/k0608kouzinyusatsu.pdf,pdf,rdb_kyushu,九州防衛局,地方防衛局,2024,2024,18
https://www.mod.go.jp/rdb/kyushu/contract/announcement/pdf/k0608kouzizuikei.pdf,pdf,rdb_kyushu,九州防衛局,地方防衛局,2024,2024,7
https://www.mod.go.jp/rdb/kyushu/contract/announcement/pdf/k0609buppinnyusatsu.pdf,pdf,rdb_kyushu,九州防衛局,地方防衛局,2024,2024,1
https://www.mod.go.jp/rdb/kyushu/contract/announcement/pdf/k0609kouzinyusatsu.pdf,pdf,rdb_kyushu,九州防衛局,地方防衛局,2024,2024,7
https://www.mod.go.jp/rdb/kyushu/contract/announcement/pdf/k0610buppinnyusatsu.pdf,pdf,rdb_kyushu,九州防衛局,地方防衛局,2024,2024,1
https://www.mod.go.jp/rdb/kyushu/contract/announcement/pdf/k0610kouzinyusatsu.pdf,pdf,rdb_kyushu,九州防衛局,地方防衛局,2024,2024,13
https://www.mod.go.jp/rdb/kyushu/contract/announcement/pdf/k0610kouzizuikei.pdf,pdf,rdb_kyushu,九州防衛局,地方防衛局,2024,2024,3
https://www.mod.go.jp/rdb/kyushu/contract/announcement/pdf/k0611buppinnyusatsu.pdf,pdf,rdb_kyushu,九州防衛局,地方防衛局,2024,2024,2
https://www.mod.go.jp/rdb/kyushu/contract/announcement/pdf/k0611kouzinyusatsu.pdf,pdf,rdb_kyushu,九州防衛局,地方防衛局,2024,2024,3
https://www.mod.go.jp/rdb/kyushu/contract/announcement/pdf/k0611kouzizuikei.pdf,pdf,rdb_kyushu,九州防衛局,地方防衛局,2024,2024,1
https://www.mod.go.jp/rdb/kyushu/contract/announcement/pdf/k0612buppinzuikei.pdf,pdf,rdb_kyushu,九州防衛局,地方防衛局,2024,2024,2
https://www.mod.go.jp/rdb/kyushu/contract/announcement/pdf/k0612kouzinyusatsu.pdf,pdf,rdb_kyushu,九州防衛局,地方防衛局,2024,2024,12
https://www.mod.go.jp/rdb/kyushu/contract/announcement/pdf/k0701kouzinyusatsu.pdf,pdf,rdb_kyushu,九州防衛局,地方防衛局,2024,2024,6
https://www.mod.go.jp/rdb/kyushu/contract/announcement/pdf/k0701kouzizuikei.pdf,pdf,rdb_kyushu,九州防衛局,地方防衛局,2024,2024,1
https://www.mod.go.jp/rdb/kyushu/contract/announcement/pdf/k0702buppinzuikei.pdf,pdf,rdb_kyushu,九州防衛局,地方防衛局,2024,2024,1
https://www.mod.go.jp/rdb/kyushu/contract/announcement/pdf/k0702kouzinyusatsu.pdf,pdf,rdb_kyushu,九州防衛局,地方防衛局,2024,2024,15
https://www.mod.go.jp/rdb/kyushu/contract/announcement/pdf/k0703kouzinyusatsu.pdf,pdf,rdb_kyushu,九州防衛局,地方防衛局,2024,2024,40
https://www.mod.go.jp/rdb/kyushu/contract/announcement/pdf/k0703kouzizuikei.pdf,pdf,rdb_kyushu,九州防衛局,地方防衛局,2024,2024,2
https://www.mod.go.jp/rdb/kyushu/contract/announcement/pdf/k0704buppinnyuusatsu.pdf,pdf,rdb_kyushu,九州防衛局,地方防衛局,2025,2025,5
https://www.mod.go.jp/rdb/kyushu/contract/announcement/pdf/k0704buppinzuikei.pdf,pdf,rdb_kyushu,九州防衛局,地方防衛局,2025,2025,4
https://www.mod.go.jp/rdb/kyushu/contract/announcement/pdf/k0704kouzinyusatsu.pdf,pdf,rdb_kyushu,九州防衛局,地方防衛局,2025,2025,1
https://www.mod.go.jp/rdb/kyushu/contract/announcement/pdf/k0705buppinnyuusatsu.pdf,pdf,rdb_kyushu,九州防衛局,地方防衛局,2025,2025,2
https://www.mod.go.jp/rdb/kyushu/contract/announcement/pdf/k0705kouzinyusatsu.pdf,pdf,rdb_kyushu,九州防衛局,地方防衛局,2025,2025,12
https://www.mod.go.jp/rdb/kyushu/contract/announcement/pdf/k0706kouzinyusatsu.pdf,pdf,rdb_kyushu,九州防衛局,地方防衛局,2025,2025,4
https://www.mod.go.jp/rdb/kyushu/contract/announcement/pdf/k0707kouzinyusatsu.pdf,pdf,rdb_kyushu,九州防衛局,地方防衛局,2025,2025,12
https://www.mod.go.jp/rdb/kyushu/contract/announcement/pdf/k0707kouzizuikei.pdf,pdf,rdb_kyushu,九州防衛局,地方防衛局,2025,2025,1
https://www.mod.go.jp/rdb/kyushu/contract/announcement/pdf/k0708kouzinyuusatsu.pdf,pdf,rdb_kyushu,九州防衛局,地方防衛局,2025,2025,19
https://www.mod.go.jp/rdb/kyushu/contract/announcement/pdf/k0708kouzizuikei.pdf,pdf,rdb_kyushu,九州防衛局,地方防衛局,2025,2025,2
https://www.mod.go.jp/rdb/kyushu/contract/announcement/pdf/k0709kouzinyuusatsu.pdf,pdf,rdb_kyushu,九州防衛局,地方防衛局,2025,2025,20
https://www.mod.go.jp/rdb/kyushu/contract/announcement/pdf/k0709kouzizuikei.pdf,pdf,rdb_kyushu,九州防衛局,地方防衛局,2025,2025,2
https://www.mod.go.jp/rdb/kyushu/contract/announcement/pdf/k0710kouzinyuusatsu.pdf,pdf,rdb_kyushu,九州防衛局,地方防衛局,2025,2025,4
https://www.mod.go.jp/rdb/kyushu/contract/announcement/pdf/k0710kouzizuikei.pdf,pdf,rdb_kyushu,九州防衛局,地方防衛局,2025,2025,3
https://www.mod.go.jp/rdb/kyushu/contract/announcement/pdf/k0711buppinnyusatsu.pdf,pdf,rdb_kyushu,九州防衛局,地方防衛局,2025,2025,1
https://www.mod.go.jp/rdb/kyushu/contract/announcement/pdf/k0711kouzinyuusatsu.pdf,pdf,rdb_kyushu,九州防衛局,地方防衛局,2025,2025,7
https://www.mod.go.jp/rdb/kyushu/contract/announcement/pdf/k0712buppinnyusatsu.pdf,pdf,rdb_kyushu,九州防衛局,地方防衛局,2025,2025,1
https://www.mod.go.jp/rdb/kyushu/contract/announcement/pdf/k0712kouzinyuusatsu.pdf,pdf,rdb_kyushu,九州防衛局,地方防衛局,2025,2025,9
https://www.mod.go.jp/rdb/kyushu/contract/announcement/pdf/k0801kouzinyuusatsu.pdf,pdf,rdb_kyushu,九州防衛局,地方防衛局,2025,2025,10
https://www.mod.go.jp/rdb/kyushu/contract/announcement/pdf/k0802buppinzuikei.pdf,pdf,rdb_kyushu,九州防衛局,地方防衛局,2025,2025,1
https://www.mod.go.jp/rdb/kyushu/contract/announcement/pdf/k0802kouzinyuusatsu.pdf,pdf,rdb_kyushu,九州防衛局,地方防衛局,2025,2025,9
https://www.mod.go.jp/rdb/n-kanto/nyusatsu-keiyaku/tyoutatu/kekka/n-b-0404.pdf,pdf,rdb_n_kanto,北関東防衛局,地方防衛局,2022,2022,15
https://www.mod.go.jp/rdb/n-kanto/nyusatsu-keiyaku/tyoutatu/kekka/n-b-0405.pdf,pdf,rdb_n_kanto,北関東防衛局,地方防衛局,2022,2022,1
https://www.mod.go.jp/rdb/n-kanto/nyusatsu-keiyaku/tyoutatu/kekka/n-b-0406.pdf,pdf,rdb_n_kanto,北関東防衛局,地方防衛局,2022,2022,6
https://www.mod.go.jp/rdb/n-kanto/nyusatsu-keiyaku/tyoutatu/kekka/n-b-0407.pdf,pdf,rdb_n_kanto,北関東防衛局,地方防衛局,2022,2022,8
https://www.mod.go.jp/rdb/n-kanto/nyusatsu-keiyaku/tyoutatu/kekka/n-b-0408.pdf,pdf,rdb_n_kanto,北関東防衛局,地方防衛局,2022,2022,10
https://www.mod.go.jp/rdb/n-kanto/nyusatsu-keiyaku/tyoutatu/kekka/n-b-0409.pdf,pdf,rdb_n_kanto,北関東防衛局,地方防衛局,2022,2022,2
https://www.mod.go.jp/rdb/n-kanto/nyusatsu-keiyaku/tyoutatu/kekka/n-b-0410.pdf,pdf,rdb_n_kanto,北関東防衛局,地方防衛局,2022,2022,2
https://www.mod.go.jp/rdb/n-kanto/nyusatsu-keiyaku/tyoutatu/kekka/n-b-0411.pdf,pdf,rdb_n_kanto,北関東防衛局,地方防衛局,2022,2022,2
https://www.mod.go.jp/rdb/n-kanto/nyusatsu-keiyaku/tyoutatu/kekka/n-b-0412.pdf,pdf,rdb_n_kanto,北関東防衛局,地方防衛局,2022,2022,5
https://www.mod.go.jp/rdb/n-kanto/nyusatsu-keiyaku/tyoutatu/kekka/n-b-0501.pdf,pdf,rdb_n_kanto,北関東防衛局,地方防衛局,2022,2022,3
https://www.mod.go.jp/rdb/n-kanto/nyusatsu-keiyaku/tyoutatu/kekka/n-b-0502.pdf,pdf,rdb_n_kanto,北関東防衛局,地方防衛局,2022,2022,1
https://www.mod.go.jp/rdb/n-kanto/nyusatsu-keiyaku/tyoutatu/kekka/n-b-0503.pdf,pdf,rdb_n_kanto,北関東防衛局,地方防衛局,2022,2022,10
https://www.mod.go.jp/rdb/n-kanto/nyusatsu-keiyaku/tyoutatu/kekka/n-b-0504.pdf,pdf,rdb_n_kanto,北関東防衛局,地方防衛局,2023,2023,14
https://www.mod.go.jp/rdb/n-kanto/nyusatsu-keiyaku/tyoutatu/kekka/n-b-0505.pdf,pdf,rdb_n_kanto,北関東防衛局,地方防衛局,2023,2023,5
https://www.mod.go.jp/rdb/n-kanto/nyusatsu-keiyaku/tyoutatu/kekka/n-b-0506.pdf,pdf,rdb_n_kanto,北関東防衛局,地方防衛局,2023,2023,4
https://www.mod.go.jp/rdb/n-kanto/nyusatsu-keiyaku/tyoutatu/kekka/n-b-0507.pdf,pdf,rdb_n_kanto,北関東防衛局,地方防衛局,2023,2023,7
https://www.mod.go.jp/rdb/n-kanto/nyusatsu-keiyaku/tyoutatu/kekka/n-b-0508.pdf,pdf,rdb_n_kanto,北関東防衛局,地方防衛局,2023,2023,2
https://www.mod.go.jp/rdb/n-kanto/nyusatsu-keiyaku/tyoutatu/kekka/n-b-0509.pdf,pdf,rdb_n_kanto,北関東防衛局,地方防衛局,2023,2023,3
https://www.mod.go.jp/rdb/n-kanto/nyusatsu-keiyaku/tyoutatu/kekka/n-b-0510.pdf,pdf,rdb_n_kanto,北関東防衛局,地方防衛局,2023,2023,8
https://www.mod.go.jp/rdb/n-kanto/nyusatsu-keiyaku/tyoutatu/kekka/n-b-0512.pdf,pdf,rdb_n_kanto,北関東防衛局,地方防衛局,2023,2023,2
https://www.mod.go.jp/rdb/n-kanto/nyusatsu-keiyaku/tyoutatu/kekka/n-b-0601.pdf,pdf,rdb_n_kanto,北関東防衛局,地方防衛局,2023,2023,8
https://www.mod.go.jp/rdb/n-kanto/nyusatsu-keiyaku/tyoutatu/kekka/n-b-0602.pdf,pdf,rdb_n_kanto,北関東防衛局,地方防衛局,2023,2023,3
https://www.mod.go.jp/rdb/n-kanto/nyusatsu-keiyaku/tyoutatu/kekka/n-b-0603.pdf,pdf,rdb_n_kanto,北関東防衛局,地方防衛局,2023,2023,1
https://www.mod.go.jp/rdb/n-kanto/nyusatsu-keiyaku/tyoutatu/kekka/n-b-0604-2.pdf,pdf,rdb_n_kanto,北関東防衛局,地方防衛局,2024,2024,21
https://www.mod.go.jp/rdb/n-kanto/nyusatsu-keiyaku/tyoutatu/kekka/n-b-0605.pdf,pdf,rdb_n_kanto,北関東防衛局,地方防衛局,2024,2024,3
https://www.mod.go.jp/rdb/n-kanto/nyusatsu-keiyaku/tyoutatu/kekka/n-b-0606.pdf,pdf,rdb_n_kanto,北関東防衛局,地方防衛局,2024,2024,2
https://www.mod.go.jp/rdb/n-kanto/nyusatsu-keiyaku/tyoutatu/kekka/n-b-0607.pdf,pdf,rdb_n_kanto,北関東防衛局,地方防衛局,2024,2024,8
https://www.mod.go.jp/rdb/n-kanto/nyusatsu-keiyaku/tyoutatu/kekka/n-b-0608.pdf,pdf,rdb_n_kanto,北関東防衛局,地方防衛局,2024,2024,4
https://www.mod.go.jp/rdb/n-kanto/nyusatsu-keiyaku/tyoutatu/kekka/n-b-0609.pdf,pdf,rdb_n_kanto,北関東防衛局,地方防衛局,2024,2024,6
https://www.mod.go.jp/rdb/n-kanto/nyusatsu-keiyaku/tyoutatu/kekka/n-b-0610.pdf,pdf,rdb_n_kanto,北関東防衛局,地方防衛局,2024,2024,3
https://www.mod.go.jp/rdb/n-kanto/nyusatsu-keiyaku/tyoutatu/kekka/n-b-0611.pdf,pdf,rdb_n_kanto,北関東防衛局,地方防衛局,2024,2024,5
https://www.mod.go.jp/rdb/n-kanto/nyusatsu-keiyaku/tyoutatu/kekka/n-b-0612.pdf,pdf,rdb_n_kanto,北関東防衛局,地方防衛局,2024,2024,4
https://www.mod.go.jp/rdb/n-kanto/nyusatsu-keiyaku/tyoutatu/kekka/n-b-0701.pdf,pdf,rdb_n_kanto,北関東防衛局,地方防衛局,2024,2024,1
https://www.mod.go.jp/rdb/n-kanto/nyusatsu-keiyaku/tyoutatu/kekka/n-b-0704.pdf,pdf,rdb_n_kanto,北関東防衛局,地方防衛局,2025,2025,23
https://www.mod.go.jp/rdb/n-kanto/nyusatsu-keiyaku/tyoutatu/kekka/n-b-0705.pdf,pdf,rdb_n_kanto,北関東防衛局,地方防衛局,2025,2025,3
https://www.mod.go.jp/rdb/n-kanto/nyusatsu-keiyaku/tyoutatu/kekka/n-b-0706.pdf,pdf,rdb_n_kanto,北関東防衛局,地方防衛局,2025,2025,2
https://www.mod.go.jp/rdb/n-kanto/nyusatsu-keiyaku/tyoutatu/kekka/n-b-0707.pdf,pdf,rdb_n_kanto,北関東防衛局,地方防衛局,2025,2025,7
https://www.mod.go.jp/rdb/n-kanto/nyusatsu-keiyaku/tyoutatu/kekka/n-b-0710.pdf,pdf,rdb_n_kanto,北関東防衛局,地方防衛局,2025,2025,9
https://www.mod.go.jp/rdb/n-kanto/nyusatsu-keiyaku/tyoutatu/kekka/n-b-0711.pdf,pdf,rdb_n_kanto,北関東防衛局,地方防衛局,2025,2025,1
https://www.mod.go.jp/rdb/n-kanto/nyusatsu-keiyaku/tyoutatu/kekka/n-b-0712.pdf,pdf,rdb_n_kanto,北関東防衛局,地方防衛局,2025,2025,4
https://www.mod.go.jp/rdb/n-kanto/nyusatsu-keiyaku/tyoutatu/kekka/n-b-0801.pdf,pdf,rdb_n_kanto,北関東防衛局,地方防衛局,2025,2025,1
https://www.mod.go.jp/rdb/n-kanto/nyusatsu-keiyaku/tyoutatu/kekka/n-b-0802.pdf,pdf,rdb_n_kanto,北関東防衛局,地方防衛局,2025,2025,1
https://www.mod.go.jp/rdb/n-kanto/nyusatsu-keiyaku/tyoutatu/kekka/n-k-0406.pdf,pdf,rdb_n_kanto,北関東防衛局,地方防衛局,2022,2022,10
https://www.mod.go.jp/rdb/n-kanto/nyusatsu-keiyaku/tyoutatu/kekka/n-k-0407.pdf,pdf,rdb_n_kanto,北関東防衛局,地方防衛局,2022,2022,12
https://www.mod.go.jp/rdb/n-kanto/nyusatsu-keiyaku/tyoutatu/kekka/n-k-0408.pdf,pdf,rdb_n_kanto,北関東防衛局,地方防衛局,2022,2022,15
https://www.mod.go.jp/rdb/n-kanto/nyusatsu-keiyaku/tyoutatu/kekka/n-k-0409.pdf,pdf,rdb_n_kanto,北関東防衛局,地方防衛局,2022,2022,24
https://www.mod.go.jp/rdb/n-kanto/nyusatsu-keiyaku/tyoutatu/kekka/n-k-0410.pdf,pdf,rdb_n_kanto,北関東防衛局,地方防衛局,2022,2022,13
https://www.mod.go.jp/rdb/n-kanto/nyusatsu-keiyaku/tyoutatu/kekka/n-k-0411.pdf,pdf,rdb_n_kanto,北関東防衛局,地方防衛局,2022,2022,16
https://www.mod.go.jp/rdb/n-kanto/nyusatsu-keiyaku/tyoutatu/kekka/n-k-0412.pdf,pdf,rdb_n_kanto,北関東防衛局,地方防衛局,2022,2022,16
https://www.mod.go.jp/rdb/n-kanto/nyusatsu-keiyaku/tyoutatu/kekka/n-k-0501.pdf,pdf,rdb_n_kanto,北関東防衛局,地方防衛局,2022,2022,18
https://www.mod.go.jp/rdb/n-kanto/nyusatsu-keiyaku/tyoutatu/kekka/n-k-0502.pdf,pdf,rdb_n_kanto,北関東防衛局,地方防衛局,2022,2022,20
https://www.mod.go.jp/rdb/n-kanto/nyusatsu-keiyaku/tyoutatu/kekka/n-k-0503.pdf,pdf,rdb_n_kanto,北関東防衛局,地方防衛局,2022,2022,46
https://www.mod.go.jp/rdb/n-kanto/nyusatsu-keiyaku/tyoutatu/kekka/n-k-0505.pdf,pdf,rdb_n_kanto,北関東防衛局,地方防衛局,2023,2023,3
https://www.mod.go.jp/rdb/n-kanto/nyusatsu-keiyaku/tyoutatu/kekka/n-k-0506.pdf,pdf,rdb_n_kanto,北関東防衛局,地方防衛局,2023,2023,6
https://www.mod.go.jp/rdb/n-kanto/nyusatsu-keiyaku/tyoutatu/kekka/n-k-0507.pdf,pdf,rdb_n_kanto,北関東防衛局,地方防衛局,2023,2023,10
https://www.mod.go.jp/rdb/n-kanto/nyusatsu-keiyaku/tyoutatu/kekka/n-k-0508.pdf,pdf,rdb_n_kanto,北関東防衛局,地方防衛局,2023,2023,19
https://www.mod.go.jp/rdb/n-kanto/nyusatsu-keiyaku/tyoutatu/kekka/n-k-0509.pdf,pdf,rdb_n_kanto,北関東防衛局,地方防衛局,2023,2023,18
https://www.mod.go.jp/rdb/n-kanto/nyusatsu-keiyaku/tyoutatu/kekka/n-k-0510.pdf,pdf,rdb_n_kanto,北関東防衛局,地方防衛局,2023,2023,13
https://www.mod.go.jp/rdb/n-kanto/nyusatsu-keiyaku/tyoutatu/kekka/n-k-0511.pdf,pdf,rdb_n_kanto,北関東防衛局,地方防衛局,2023,2023,12
https://www.mod.go.jp/rdb/n-kanto/nyusatsu-keiyaku/tyoutatu/kekka/n-k-0512.pdf,pdf,rdb_n_kanto,北関東防衛局,地方防衛局,2023,2023,17
https://www.mod.go.jp/rdb/n-kanto/nyusatsu-keiyaku/tyoutatu/kekka/n-k-0601.pdf,pdf,rdb_n_kanto,北関東防衛局,地方防衛局,2023,2023,23
https://www.mod.go.jp/rdb/n-kanto/nyusatsu-keiyaku/tyoutatu/kekka/n-k-0602.pdf,pdf,rdb_n_kanto,北関東防衛局,地方防衛局,2023,2023,19
https://www.mod.go.jp/rdb/n-kanto/nyusatsu-keiyaku/tyoutatu/kekka/n-k-0603.pdf,pdf,rdb_n_kanto,北関東防衛局,地方防衛局,2023,2023,58
https://www.mod.go.jp/rdb/n-kanto/nyusatsu-keiyaku/tyoutatu/kekka/n-k-0605.pdf,pdf,rdb_n_kanto,北関東防衛局,地方防衛局,2024,2024,1
https://www.mod.go.jp/rdb/n-kanto/nyusatsu-keiyaku/tyoutatu/kekka/n-k-0606.pdf,pdf,rdb_n_kanto,北関東防衛局,地方防衛局,2024,2024,9
https://www.mod.go.jp/rdb/n-kanto/nyusatsu-keiyaku/tyoutatu/kekka/n-k-0607.pdf,pdf,rdb_n_kanto,北関東防衛局,地方防衛局,2024,2024,4
https://www.mod.go.jp/rdb/n-kanto/nyusatsu-keiyaku/tyoutatu/kekka/n-k-0608.pdf,pdf,rdb_n_kanto,北関東防衛局,地方防衛局,2024,2024,16
https://www.mod.go.jp/rdb/n-kanto/nyusatsu-keiyaku/tyoutatu/kekka/n-k-0609.pdf,pdf,rdb_n_kanto,北関東防衛局,地方防衛局,2024,2024,18
https://www.mod.go.jp/rdb/n-kanto/nyusatsu-keiyaku/tyoutatu/kekka/n-k-0610.pdf,pdf,rdb_n_kanto,北関東防衛局,地方防衛局,2024,2024,23
https://www.mod.go.jp/rdb/n-kanto/nyusatsu-keiyaku/tyoutatu/kekka/n-k-0611.pdf,pdf,rdb_n_kanto,北関東防衛局,地方防衛局,2024,2024,28
https://www.mod.go.jp/rdb/n-kanto/nyusatsu-keiyaku/tyoutatu/kekka/n-k-0612.pdf,pdf,rdb_n_kanto,北関東防衛局,地方防衛局,2024,2024,23
https://www.mod.go.jp/rdb/n-kanto/nyusatsu-keiyaku/tyoutatu/kekka/n-k-0701.pdf,pdf,rdb_n_kanto,北関東防衛局,地方防衛局,2024,2024,12
https://www.mod.go.jp/rdb/n-kanto/nyusatsu-keiyaku/tyoutatu/kekka/n-k-0702.pdf,pdf,rdb_n_kanto,北関東防衛局,地方防衛局,2024,2024,26
https://www.mod.go.jp/rdb/n-kanto/nyusatsu-keiyaku/tyoutatu/kekka/n-k-0703.pdf,pdf,rdb_n_kanto,北関東防衛局,地方防衛局,2024,2024,41
https://www.mod.go.jp/rdb/n-kanto/nyusatsu-keiyaku/tyoutatu/kekka/n-k-0705.pdf,pdf,rdb_n_kanto,北関東防衛局,地方防衛局,2025,2025,5
https://www.mod.go.jp/rdb/n-kanto/nyusatsu-keiyaku/tyoutatu/kekka/n-k-0706.pdf,pdf,rdb_n_kanto,北関東防衛局,地方防衛局,2025,2025,20
https://www.mod.go.jp/rdb/n-kanto/nyusatsu-keiyaku/tyoutatu/kekka/n-k-0707.pdf,pdf,rdb_n_kanto,北関東防衛局,地方防衛局,2025,2025,18
https://www.mod.go.jp/rdb/n-kanto/nyusatsu-keiyaku/tyoutatu/kekka/n-k-0708.pdf,pdf,rdb_n_kanto,北関東防衛局,地方防衛局,2025,2025,21
https://www.mod.go.jp/rdb/n-kanto/nyusatsu-keiyaku/tyoutatu/kekka/n-k-0709.pdf,pdf,rdb_n_kanto,北関東防衛局,地方防衛局,2025,2025,33
https://www.mod.go.jp/rdb/n-kanto/nyusatsu-keiyaku/tyoutatu/kekka/n-k-0710.pdf,pdf,rdb_n_kanto,北関東防衛局,地方防衛局,2025,2025,22
https://www.mod.go.jp/rdb/n-kanto/nyusatsu-keiyaku/tyoutatu/kekka/n-k-0711.pdf,pdf,rdb_n_kanto,北関東防衛局,地方防衛局,2025,2025,25
https://www.mod.go.jp/rdb/n-kanto/nyusatsu-keiyaku/tyoutatu/kekka/n-k-0712.pdf,pdf,rdb_n_kanto,北関東防衛局,地方防衛局,2025,2025,19
https://www.mod.go.jp/rdb/n-kanto/nyusatsu-keiyaku/tyoutatu/kekka/n-k-0801.pdf,pdf,rdb_n_kanto,北関東防衛局,地方防衛局,2025,2025,24
https://www.mod.go.jp/rdb/n-kanto/nyusatsu-keiyaku/tyoutatu/kekka/n-k-0802.pdf,pdf,rdb_n_kanto,北関東防衛局,地方防衛局,2025,2025,32
https://www.mod.go.jp/rdb/n-kanto/nyusatsu-keiyaku/tyoutatu/kekka/z-b-0404.pdf,pdf,rdb_n_kanto,北関東防衛局,地方防衛局,2022,2022,70
https://www.mod.go.jp/rdb/n-kanto/nyusatsu-keiyaku/tyoutatu/kekka/z-b-0407.pdf,pdf,rdb_n_kanto,北関東防衛局,地方防衛局,2022,2022,1
https://www.mod.go.jp/rdb/n-kanto/nyusatsu-keiyaku/tyoutatu/kekka/z-b-0504.pdf,pdf,rdb_n_kanto,北関東防衛局,地方防衛局,2023,2023,69
https://www.mod.go.jp/rdb/n-kanto/nyusatsu-keiyaku/tyoutatu/kekka/z-b-0601.pdf,pdf,rdb_n_kanto,北関東防衛局,地方防衛局,2023,2023,1
https://www.mod.go.jp/rdb/n-kanto/nyusatsu-keiyaku/tyoutatu/kekka/z-b-0604.pdf,pdf,rdb_n_kanto,北関東防衛局,地方防衛局,2024,2024,70
https://www.mod.go.jp/rdb/n-kanto/nyusatsu-keiyaku/tyoutatu/kekka/z-b-0702.pdf,pdf,rdb_n_kanto,北関東防衛局,地方防衛局,2024,2024,2
https://www.mod.go.jp/rdb/n-kanto/nyusatsu-keiyaku/tyoutatu/kekka/z-b-0704.pdf,pdf,rdb_n_kanto,北関東防衛局,地方防衛局,2025,2025,72
https://www.mod.go.jp/rdb/n-kanto/nyusatsu-keiyaku/tyoutatu/kekka/z-b-0707.pdf,pdf,rdb_n_kanto,北関東防衛局,地方防衛局,2025,2025,2
https://www.mod.go.jp/rdb/n-kanto/nyusatsu-keiyaku/tyoutatu/kekka/z-b-0709.pdf,pdf,rdb_n_kanto,北関東防衛局,地方防衛局,2025,2025,12
https://www.mod.go.jp/rdb/n-kanto/nyusatsu-keiyaku/tyoutatu/kekka/z-b-0710.pdf,pdf,rdb_n_kanto,北関東防衛局,地方防衛局,2025,2025,1
https://www.mod.go.jp/rdb/n-kanto/nyusatsu-keiyaku/tyoutatu/kekka/z-b-0711.pdf,pdf,rdb_n_kanto,北関東防衛局,地方防衛局,2025,2025,1
https://www.mod.go.jp/rdb/n-kanto/nyusatsu-keiyaku/tyoutatu/kekka/z-k-0408.pdf,pdf,rdb_n_kanto,北関東防衛局,地方防衛局,2022,2022,3
https://www.mod.go.jp/rdb/n-kanto/nyusatsu-keiyaku/tyoutatu/kekka/z-k-0409.pdf,pdf,rdb_n_kanto,北関東防衛局,地方防衛局,2022,2022,1
https://www.mod.go.jp/rdb/n-kanto/nyusatsu-keiyaku/tyoutatu/kekka/z-k-0410.pdf,pdf,rdb_n_kanto,北関東防衛局,地方防衛局,2022,2022,1
https://www.mod.go.jp/rdb/n-kanto/nyusatsu-keiyaku/tyoutatu/kekka/z-k-0411.pdf,pdf,rdb_n_kanto,北関東防衛局,地方防衛局,2022,2022,3
https://www.mod.go.jp/rdb/n-kanto/nyusatsu-keiyaku/tyoutatu/kekka/z-k-0502.pdf,pdf,rdb_n_kanto,北関東防衛局,地方防衛局,2022,2022,1
https://www.mod.go.jp/rdb/n-kanto/nyusatsu-keiyaku/tyoutatu/kekka/z-k-0503.pdf,pdf,rdb_n_kanto,北関東防衛局,地方防衛局,2022,2022,1
https://www.mod.go.jp/rdb/n-kanto/nyusatsu-keiyaku/tyoutatu/kekka/z-k-0506.pdf,pdf,rdb_n_kanto,北関東防衛局,地方防衛局,2023,2023,2
https://www.mod.go.jp/rdb/n-kanto/nyusatsu-keiyaku/tyoutatu/kekka/z-k-0509.pdf,pdf,rdb_n_kanto,北関東防衛局,地方防衛局,2023,2023,1
https://www.mod.go.jp/rdb/n-kanto/nyusatsu-keiyaku/tyoutatu/kekka/z-k-0510.pdf,pdf,rdb_n_kanto,北関東防衛局,地方防衛局,2023,2023,1
https://www.mod.go.jp/rdb/n-kanto/nyusatsu-keiyaku/tyoutatu/kekka/z-k-0511.pdf,pdf,rdb_n_kanto,北関東防衛局,地方防衛局,2023,2023,1
https://www.mod.go.jp/rdb/n-kanto/nyusatsu-keiyaku/tyoutatu/kekka/z-k-0512.pdf,pdf,rdb_n_kanto,北関東防衛局,地方防衛局,2023,2023,1
https://www.mod.go.jp/rdb/n-kanto/nyusatsu-keiyaku/tyoutatu/kekka/z-k-0602.pdf,pdf,rdb_n_kanto,北関東防衛局,地方防衛局,2023,2023,1
https://www.mod.go.jp/rdb/n-kanto/nyusatsu-keiyaku/tyoutatu/kekka/z-k-0605.pdf,pdf,rdb_n_kanto,北関東防衛局,地方防衛局,2024,2024,1
https://www.mod.go.jp/rdb/n-kanto/nyusatsu-keiyaku/tyoutatu/kekka/z-k-0606.pdf,pdf,rdb_n_kanto,北関東防衛局,地方防衛局,2024,2024,3
https://www.mod.go.jp/rdb/n-kanto/nyusatsu-keiyaku/tyoutatu/kekka/z-k-0608.pdf,pdf,rdb_n_kanto,北関東防衛局,地方防衛局,2024,2024,3
https://www.mod.go.jp/rdb/n-kanto/nyusatsu-keiyaku/tyoutatu/kekka/z-k-0609.pdf,pdf,rdb_n_kanto,北関東防衛局,地方防衛局,2024,2024,1
https://www.mod.go.jp/rdb/n-kanto/nyusatsu-keiyaku/tyoutatu/kekka/z-k-0611.pdf,pdf,rdb_n_kanto,北関東防衛局,地方防衛局,2024,2024,1
https://www.mod.go.jp/rdb/n-kanto/nyusatsu-keiyaku/tyoutatu/kekka/z-k-0612.pdf,pdf,rdb_n_kanto,北関東防衛局,地方防衛局,2024,2024,1
https://www.mod.go.jp/rdb/n-kanto/nyusatsu-keiyaku/tyoutatu/kekka/z-k-0701.pdf,pdf,rdb_n_kanto,北関東防衛局,地方防衛局,2024,2024,1
https://www.mod.go.jp/rdb/n-kanto/nyusatsu-keiyaku/tyoutatu/kekka/z-k-0703.pdf,pdf,rdb_n_kanto,北関東防衛局,地方防衛局,2024,2024,2
https://www.mod.go.jp/rdb/n-kanto/nyusatsu-keiyaku/tyoutatu/kekka/z-k-0709.pdf,pdf,rdb_n_kanto,北関東防衛局,地方防衛局,2025,2025,1
https://www.mod.go.jp/rdb/n-kanto/nyusatsu-keiyaku/tyoutatu/kekka/z-k-0710.pdf,pdf,rdb_n_kanto,北関東防衛局,地方防衛局,2025,2025,1
https://www.mod.go.jp/rdb/n-kanto/nyusatsu-keiyaku/tyoutatu/kekka/z-k-0801.pdf,pdf,rdb_n_kanto,北関東防衛局,地方防衛局,2025,2025,5
https://www.mod.go.jp/rdb/n-kanto/nyusatsu-keiyaku/tyoutatu/kekka/z-k-0802.pdf,pdf,rdb_n_kanto,北関東防衛局,地方防衛局,2025,2025,5
https://www.mod.go.jp/rdb/okinawa/contract/information/pdf/2022/kb01.pdf,pdf,rdb_okinawa,沖縄防衛局,地方防衛局,2022,2022,2
https://www.mod.go.jp/rdb/okinawa/contract/information/pdf/2022/kb02.pdf,pdf,rdb_okinawa,沖縄防衛局,地方防衛局,2022,2022,5
https://www.mod.go.jp/rdb/okinawa/contract/information/pdf/2022/kb03.pdf,pdf,rdb_okinawa,沖縄防衛局,地方防衛局,2022,2022,3
https://www.mod.go.jp/rdb/okinawa/contract/information/pdf/2022/kb04.pdf,pdf,rdb_okinawa,沖縄防衛局,地方防衛局,2022,2022,35
https://www.mod.go.jp/rdb/okinawa/contract/information/pdf/2022/kb05.pdf,pdf,rdb_okinawa,沖縄防衛局,地方防衛局,2022,2022,4
https://www.mod.go.jp/rdb/okinawa/contract/information/pdf/2022/kb06.pdf,pdf,rdb_okinawa,沖縄防衛局,地方防衛局,2022,2022,5
https://www.mod.go.jp/rdb/okinawa/contract/information/pdf/2022/kb07.pdf,pdf,rdb_okinawa,沖縄防衛局,地方防衛局,2022,2022,1
https://www.mod.go.jp/rdb/okinawa/contract/information/pdf/2022/kb08.pdf,pdf,rdb_okinawa,沖縄防衛局,地方防衛局,2022,2022,2
https://www.mod.go.jp/rdb/okinawa/contract/information/pdf/2022/kb09.pdf,pdf,rdb_okinawa,沖縄防衛局,地方防衛局,2022,2022,3
https://www.mod.go.jp/rdb/okinawa/contract/information/pdf/2022/kb10.pdf,pdf,rdb_okinawa,沖縄防衛局,地方防衛局,2022,2022,4
https://www.mod.go.jp/rdb/okinawa/contract/information/pdf/2022/kb11.pdf,pdf,rdb_okinawa,沖縄防衛局,地方防衛局,2022,2022,1
https://www.mod.go.jp/rdb/okinawa/contract/information/pdf/2022/kb12.pdf,pdf,rdb_okinawa,沖縄防衛局,地方防衛局,2022,2022,3
https://www.mod.go.jp/rdb/okinawa/contract/information/pdf/2022/kk01.pdf,pdf,rdb_okinawa,沖縄防衛局,地方防衛局,2022,2022,29
https://www.mod.go.jp/rdb/okinawa/contract/information/pdf/2022/kk02.pdf,pdf,rdb_okinawa,沖縄防衛局,地方防衛局,2022,2022,42
https://www.mod.go.jp/rdb/okinawa/contract/information/pdf/2022/kk03.pdf,pdf,rdb_okinawa,沖縄防衛局,地方防衛局,2022,2022,35
https://www.mod.go.jp/rdb/okinawa/contract/information/pdf/2022/kk04.pdf,pdf,rdb_okinawa,沖縄防衛局,地方防衛局,2022,2022,4
https://www.mod.go.jp/rdb/okinawa/contract/information/pdf/2022/kk05.pdf,pdf,rdb_okinawa,沖縄防衛局,地方防衛局,2022,2022,1
https://www.mod.go.jp/rdb/okinawa/contract/information/pdf/2022/kk06.pdf,pdf,rdb_okinawa,沖縄防衛局,地方防衛局,2022,2022,14
https://www.mod.go.jp/rdb/okinawa/contract/information/pdf/2022/kk07.pdf,pdf,rdb_okinawa,沖縄防衛局,地方防衛局,2022,2022,22
https://www.mod.go.jp/rdb/okinawa/contract/information/pdf/2022/kk08.pdf,pdf,rdb_okinawa,沖縄防衛局,地方防衛局,2022,2022,39
https://www.mod.go.jp/rdb/okinawa/contract/information/pdf/2022/kk09.pdf,pdf,rdb_okinawa,沖縄防衛局,地方防衛局,2022,2022,26
https://www.mod.go.jp/rdb/okinawa/contract/information/pdf/2022/kk10.pdf,pdf,rdb_okinawa,沖縄防衛局,地方防衛局,2022,2022,30
https://www.mod.go.jp/rdb/okinawa/contract/information/pdf/2022/kk11.pdf,pdf,rdb_okinawa,沖縄防衛局,地方防衛局,2022,2022,9
https://www.mod.go.jp/rdb/okinawa/contract/information/pdf/2022/kk12.pdf,pdf,rdb_okinawa,沖縄防衛局,地方防衛局,2022,2022,18
https://www.mod.go.jp/rdb/okinawa/contract/information/pdf/2022/zb02.pdf,pdf,rdb_okinawa,沖縄防衛局,地方防衛局,2022,2022,3
https://www.mod.go.jp/rdb/okinawa/contract/information/pdf/2022/zb03.pdf,pdf,rdb_okinawa,沖縄防衛局,地方防衛局,2022,2022,4
https://www.mod.go.jp/rdb/okinawa/contract/information/pdf/2022/zb04.pdf,pdf,rdb_okinawa,沖縄防衛局,地方防衛局,2022,2022,126
https://www.mod.go.jp/rdb/okinawa/contract/information/pdf/2022/zb06.pdf,pdf,rdb_okinawa,沖縄防衛局,地方防衛局,2022,2022,1
https://www.mod.go.jp/rdb/okinawa/contract/information/pdf/2022/zb08.pdf,pdf,rdb_okinawa,沖縄防衛局,地方防衛局,2022,2022,1
https://www.mod.go.jp/rdb/okinawa/contract/information/pdf/2022/zb09.pdf,pdf,rdb_okinawa,沖縄防衛局,地方防衛局,2022,2022,2
https://www.mod.go.jp/rdb/okinawa/contract/information/pdf/2022/zb10.pdf,pdf,rdb_okinawa,沖縄防衛局,地方防衛局,2022,2022,1
https://www.mod.go.jp/rdb/okinawa/contract/information/pdf/2022/zk01.pdf,pdf,rdb_okinawa,沖縄防衛局,地方防衛局,2022,2022,6
https://www.mod.go.jp/rdb/okinawa/contract/information/pdf/2022/zk02.pdf,pdf,rdb_okinawa,沖縄防衛局,地方防衛局,2022,2022,4
https://www.mod.go.jp/rdb/okinawa/contract/information/pdf/2022/zk03.pdf,pdf,rdb_okinawa,沖縄防衛局,地方防衛局,2022,2022,10
https://www.mod.go.jp/rdb/okinawa/contract/information/pdf/2022/zk04.pdf,pdf,rdb_okinawa,沖縄防衛局,地方防衛局,2022,2022,1
https://www.mod.go.jp/rdb/okinawa/contract/information/pdf/2022/zk06.pdf,pdf,rdb_okinawa,沖縄防衛局,地方防衛局,2022,2022,1
https://www.mod.go.jp/rdb/okinawa/contract/information/pdf/2022/zk07.pdf,pdf,rdb_okinawa,沖縄防衛局,地方防衛局,2022,2022,1
https://www.mod.go.jp/rdb/okinawa/contract/information/pdf/2022/zk08.pdf,pdf,rdb_okinawa,沖縄防衛局,地方防衛局,2022,2022,5
https://www.mod.go.jp/rdb/okinawa/contract/information/pdf/2022/zk09.pdf,pdf,rdb_okinawa,沖縄防衛局,地方防衛局,2022,2022,3
https://www.mod.go.jp/rdb/okinawa/contract/information/pdf/2022/zk10.pdf,pdf,rdb_okinawa,沖縄防衛局,地方防衛局,2022,2022,1
https://www.mod.go.jp/rdb/okinawa/contract/information/pdf/2022/zk11.pdf,pdf,rdb_okinawa,沖縄防衛局,地方防衛局,2022,2022,1
https://www.mod.go.jp/rdb/okinawa/contract/information/pdf/2022/zk12.pdf,pdf,rdb_okinawa,沖縄防衛局,地方防衛局,2022,2022,1
https://www.mod.go.jp/rdb/okinawa/contract/information/pdf/2023/1kk/1kk1.pdf,pdf,rdb_okinawa,沖縄防衛局,地方防衛局,2023,2023,21
https://www.mod.go.jp/rdb/okinawa/contract/information/pdf/2023/1kk/1kk12.pdf,pdf,rdb_okinawa,沖縄防衛局,地方防衛局,2023,2023,39
https://www.mod.go.jp/rdb/okinawa/contract/information/pdf/2023/1kk/1kk2.pdf,pdf,rdb_okinawa,沖縄防衛局,地方防衛局,2023,2023,61
https://www.mod.go.jp/rdb/okinawa/contract/information/pdf/2023/1kk/1kk3.pdf,pdf,rdb_okinawa,沖縄防衛局,地方防衛局,2023,2023,52
https://www.mod.go.jp/rdb/okinawa/contract/information/pdf/2023/2zk/2zk1.pdf,pdf,rdb_okinawa,沖縄防衛局,地方防衛局,2023,2023,2
https://www.mod.go.jp/rdb/okinawa/contract/information/pdf/2023/2zk/2zk2.pdf,pdf,rdb_okinawa,沖縄防衛局,地方防衛局,2023,2023,3
https://www.mod.go.jp/rdb/okinawa/contract/information/pdf/2023/2zk/2zk3.pdf,pdf,rdb_okinawa,沖縄防衛局,地方防衛局,2023,2023,2
https://www.mod.go.jp/rdb/okinawa/contract/information/pdf/2023/2zk10.pdf,pdf,rdb_okinawa,沖縄防衛局,地方防衛局,2023,2023,3
https://www.mod.go.jp/rdb/okinawa/contract/information/pdf/2023/2zk11.pdf,pdf,rdb_okinawa,沖縄防衛局,地方防衛局,2023,2023,1
https://www.mod.go.jp/rdb/okinawa/contract/information/pdf/2023/3kb/3kb1.pdf,pdf,rdb_okinawa,沖縄防衛局,地方防衛局,2023,2023,1
https://www.mod.go.jp/rdb/okinawa/contract/information/pdf/2023/3kb/3kb12.pdf,pdf,rdb_okinawa,沖縄防衛局,地方防衛局,2023,2023,6
https://www.mod.go.jp/rdb/okinawa/contract/information/pdf/2023/3kb/3kb2.pdf,pdf,rdb_okinawa,沖縄防衛局,地方防衛局,2023,2023,4
https://www.mod.go.jp/rdb/okinawa/contract/information/pdf/2023/3kb/3kb3.pdf,pdf,rdb_okinawa,沖縄防衛局,地方防衛局,2023,2023,4
https://www.mod.go.jp/rdb/okinawa/contract/information/pdf/2023/3kb10.pdf,pdf,rdb_okinawa,沖縄防衛局,地方防衛局,2023,2023,4
https://www.mod.go.jp/rdb/okinawa/contract/information/pdf/2023/3kb11.pdf,pdf,rdb_okinawa,沖縄防衛局,地方防衛局,2023,2023,7
https://www.mod.go.jp/rdb/okinawa/contract/information/pdf/2023/4zb/4zb2.pdf,pdf,rdb_okinawa,沖縄防衛局,地方防衛局,2023,2023,2
https://www.mod.go.jp/rdb/okinawa/contract/information/pdf/2023/4zb/4zb3.pdf,pdf,rdb_okinawa,沖縄防衛局,地方防衛局,2023,2023,1
https://www.mod.go.jp/rdb/okinawa/contract/information/pdf/2023/kb04.pdf,pdf,rdb_okinawa,沖縄防衛局,地方防衛局,2023,2023,34
https://www.mod.go.jp/rdb/okinawa/contract/information/pdf/2023/kb05.pdf,pdf,rdb_okinawa,沖縄防衛局,地方防衛局,2023,2023,10
https://www.mod.go.jp/rdb/okinawa/contract/information/pdf/2023/kb06.pdf,pdf,rdb_okinawa,沖縄防衛局,地方防衛局,2023,2023,3
https://www.mod.go.jp/rdb/okinawa/contract/information/pdf/2023/kb07.pdf,pdf,rdb_okinawa,沖縄防衛局,地方防衛局,2023,2023,6
https://www.mod.go.jp/rdb/okinawa/contract/information/pdf/2023/kb08.pdf,pdf,rdb_okinawa,沖縄防衛局,地方防衛局,2023,2023,7
https://www.mod.go.jp/rdb/okinawa/contract/information/pdf/2023/kb09.pdf,pdf,rdb_okinawa,沖縄防衛局,地方防衛局,2023,2023,6
https://www.mod.go.jp/rdb/okinawa/contract/information/pdf/2023/kk05.pdf,pdf,rdb_okinawa,沖縄防衛局,地方防衛局,2023,2023,1
https://www.mod.go.jp/rdb/okinawa/contract/information/pdf/2023/kk06.pdf,pdf,rdb_okinawa,沖縄防衛局,地方防衛局,2023,2023,1
https://www.mod.go.jp/rdb/okinawa/contract/information/pdf/2023/kk07.pdf,pdf,rdb_okinawa,沖縄防衛局,地方防衛局,2023,2023,21
https://www.mod.go.jp/rdb/okinawa/contract/information/pdf/2023/kk08.pdf,pdf,rdb_okinawa,沖縄防衛局,地方防衛局,2023,2023,41
https://www.mod.go.jp/rdb/okinawa/contract/information/pdf/2023/kk09.pdf,pdf,rdb_okinawa,沖縄防衛局,地方防衛局,2023,2023,37
https://www.mod.go.jp/rdb/okinawa/contract/information/pdf/2023/kk10.pdf,pdf,rdb_okinawa,沖縄防衛局,地方防衛局,2023,2023,35
https://www.mod.go.jp/rdb/okinawa/contract/information/pdf/2023/kk11.pdf,pdf,rdb_okinawa,沖縄防衛局,地方防衛局,2023,2023,13
https://www.mod.go.jp/rdb/okinawa/contract/information/pdf/2023/zb04.pdf,pdf,rdb_okinawa,沖縄防衛局,地方防衛局,2023,2023,121
https://www.mod.go.jp/rdb/okinawa/contract/information/pdf/2023/zb05.pdf,pdf,rdb_okinawa,沖縄防衛局,地方防衛局,2023,2023,4
https://www.mod.go.jp/rdb/okinawa/contract/information/pdf/2023/zb06.pdf,pdf,rdb_okinawa,沖縄防衛局,地方防衛局,2023,2023,2
https://www.mod.go.jp/rdb/okinawa/contract/information/pdf/2023/zb07.pdf,pdf,rdb_okinawa,沖縄防衛局,地方防衛局,2023,2023,1
https://www.mod.go.jp/rdb/okinawa/contract/information/pdf/2023/zb09.pdf,pdf,rdb_okinawa,沖縄防衛局,地方防衛局,2023,2023,2
https://www.mod.go.jp/rdb/okinawa/contract/information/pdf/2023/zk06.pdf,pdf,rdb_okinawa,沖縄防衛局,地方防衛局,2023,2023,1
https://www.mod.go.jp/rdb/okinawa/contract/information/pdf/2023/zk08.pdf,pdf,rdb_okinawa,沖縄防衛局,地方防衛局,2023,2023,1
https://www.mod.go.jp/rdb/okinawa/contract/information/pdf/2023/zk09.pdf,pdf,rdb_okinawa,沖縄防衛局,地方防衛局,2023,2023,5
https://www.mod.go.jp/rdb/okinawa/contract/information/pdf/2024/1kk/1kk1.pdf,pdf,rdb_okinawa,沖縄防衛局,地方防衛局,2024,2024,35
https://www.mod.go.jp/rdb/okinawa/contract/information/pdf/2024/1kk/1kk10.pdf,pdf,rdb_okinawa,沖縄防衛局,地方防衛局,2024,2024,17
https://www.mod.go.jp/rdb/okinawa/contract/information/pdf/2024/1kk/1kk11.pdf,pdf,rdb_okinawa,沖縄防衛局,地方防衛局,2024,2024,13
https://www.mod.go.jp/rdb/okinawa/contract/information/pdf/2024/1kk/1kk12.pdf,pdf,rdb_okinawa,沖縄防衛局,地方防衛局,2024,2024,31
https://www.mod.go.jp/rdb/okinawa/contract/information/pdf/2024/1kk/1kk2.pdf,pdf,rdb_okinawa,沖縄防衛局,地方防衛局,2024,2024,48
https://www.mod.go.jp/rdb/okinawa/contract/information/pdf/2024/1kk/1kk3.pdf,pdf,rdb_okinawa,沖縄防衛局,地方防衛局,2024,2024,30
https://www.mod.go.jp/rdb/okinawa/contract/information/pdf/2024/1kk/1kk5.pdf,pdf,rdb_okinawa,沖縄防衛局,地方防衛局,2024,2024,2
https://www.mod.go.jp/rdb/okinawa/contract/information/pdf/2024/1kk/1kk6.pdf,pdf,rdb_okinawa,沖縄防衛局,地方防衛局,2024,2024,8
https://www.mod.go.jp/rdb/okinawa/contract/information/pdf/2024/1kk/1kk7.pdf,pdf,rdb_okinawa,沖縄防衛局,地方防衛局,2024,2024,37
https://www.mod.go.jp/rdb/okinawa/contract/information/pdf/2024/1kk/1kk8.pdf,pdf,rdb_okinawa,沖縄防衛局,地方防衛局,2024,2024,11
https://www.mod.go.jp/rdb/okinawa/contract/information/pdf/2024/1kk/1kk9.pdf,pdf,rdb_okinawa,沖縄防衛局,地方防衛局,2024,2024,29
https://www.mod.go.jp/rdb/okinawa/contract/information/pdf/2024/2zk/2zk1.pdf,pdf,rdb_okinawa,沖縄防衛局,地方防衛局,2024,2024,2
https://www.mod.go.jp/rdb/okinawa/contract/information/pdf/2024/2zk/2zk10.pdf,pdf,rdb_okinawa,沖縄防衛局,地方防衛局,2024,2024,5
https://www.mod.go.jp/rdb/okinawa/contract/information/pdf/2024/2zk/2zk11.pdf,pdf,rdb_okinawa,沖縄防衛局,地方防衛局,2024,2024,1
https://www.mod.go.jp/rdb/okinawa/contract/information/pdf/2024/2zk/2zk12.pdf,pdf,rdb_okinawa,沖縄防衛局,地方防衛局,2024,2024,5
https://www.mod.go.jp/rdb/okinawa/contract/information/pdf/2024/2zk/2zk2.pdf,pdf,rdb_okinawa,沖縄防衛局,地方防衛局,2024,2024,1
https://www.mod.go.jp/rdb/okinawa/contract/information/pdf/2024/2zk/2zk3.pdf,pdf,rdb_okinawa,沖縄防衛局,地方防衛局,2024,2024,10
https://www.mod.go.jp/rdb/okinawa/contract/information/pdf/2024/2zk/2zk4.pdf,pdf,rdb_okinawa,沖縄防衛局,地方防衛局,2024,2024,1
https://www.mod.go.jp/rdb/okinawa/contract/information/pdf/2024/2zk/2zk5.pdf,pdf,rdb_okinawa,沖縄防衛局,地方防衛局,2024,2024,1
https://www.mod.go.jp/rdb/okinawa/contract/information/pdf/2024/2zk/2zk7.pdf,pdf,rdb_okinawa,沖縄防衛局,地方防衛局,2024,2024,3
https://www.mod.go.jp/rdb/okinawa/contract/information/pdf/2024/2zk/2zk8.pdf,pdf,rdb_okinawa,沖縄防衛局,地方防衛局,2024,2024,2
https://www.mod.go.jp/rdb/okinawa/contract/information/pdf/2024/2zk/2zk9.pdf,pdf,rdb_okinawa,沖縄防衛局,地方防衛局,2024,2024,5
https://www.mod.go.jp/rdb/okinawa/contract/information/pdf/2024/3kb/3kb1.pdf,pdf,rdb_okinawa,沖縄防衛局,地方防衛局,2024,2024,3
https://www.mod.go.jp/rdb/okinawa/contract/information/pdf/2024/3kb/3kb10.pdf,pdf,rdb_okinawa,沖縄防衛局,地方防衛局,2024,2024,6
https://www.mod.go.jp/rdb/okinawa/contract/information/pdf/2024/3kb/3kb11.pdf,pdf,rdb_okinawa,沖縄防衛局,地方防衛局,2024,2024,5
https://www.mod.go.jp/rdb/okinawa/contract/information/pdf/2024/3kb/3kb2.pdf,pdf,rdb_okinawa,沖縄防衛局,地方防衛局,2024,2024,1
https://www.mod.go.jp/rdb/okinawa/contract/information/pdf/2024/3kb/3kb3.pdf,pdf,rdb_okinawa,沖縄防衛局,地方防衛局,2024,2024,1
https://www.mod.go.jp/rdb/okinawa/contract/information/pdf/2024/3kb/3kb4.pdf,pdf,rdb_okinawa,沖縄防衛局,地方防衛局,2024,2024,41
https://www.mod.go.jp/rdb/okinawa/contract/information/pdf/2024/3kb/3kb5.pdf,pdf,rdb_okinawa,沖縄防衛局,地方防衛局,2024,2024,13
https://www.mod.go.jp/rdb/okinawa/contract/information/pdf/2024/3kb/3kb6.pdf,pdf,rdb_okinawa,沖縄防衛局,地方防衛局,2024,2024,2
https://www.mod.go.jp/rdb/okinawa/contract/information/pdf/2024/3kb/3kb7.pdf,pdf,rdb_okinawa,沖縄防衛局,地方防衛局,2024,2024,6
https://www.mod.go.jp/rdb/okinawa/contract/information/pdf/2024/3kb/3kb8.pdf,pdf,rdb_okinawa,沖縄防衛局,地方防衛局,2024,2024,5
https://www.mod.go.jp/rdb/okinawa/contract/information/pdf/2024/3kb/3kb9.pdf,pdf,rdb_okinawa,沖縄防衛局,地方防衛局,2024,2024,6
https://www.mod.go.jp/rdb/okinawa/contract/information/pdf/2024/4zb/4zb1.pdf,pdf,rdb_okinawa,沖縄防衛局,地方防衛局,2024,2024,1
https://www.mod.go.jp/rdb/okinawa/contract/information/pdf/2024/4zb/4zb2.pdf,pdf,rdb_okinawa,沖縄防衛局,地方防衛局,2024,2024,1
https://www.mod.go.jp/rdb/okinawa/contract/information/pdf/2024/4zb/4zb3.pdf,pdf,rdb_okinawa,沖縄防衛局,地方防衛局,2024,2024,1
https://www.mod.go.jp/rdb/okinawa/contract/information/pdf/2024/4zb/4zb4.pdf,pdf,rdb_okinawa,沖縄防衛局,地方防衛局,2024,2024,136
https://www.mod.go.jp/rdb/okinawa/contract/information/pdf/2024/4zb/4zb5.pdf,pdf,rdb_okinawa,沖縄防衛局,地方防衛局,2024,2024,3
https://www.mod.go.jp/rdb/okinawa/contract/information/pdf/2024/4zb/4zb7.pdf,pdf,rdb_okinawa,沖縄防衛局,地方防衛局,2024,2024,2
https://www.mod.go.jp/rdb/okinawa/contract/information/pdf/2024/4zb/4zb8.pdf,pdf,rdb_okinawa,沖縄防衛局,地方防衛局,2024,2024,1
https://www.mod.go.jp/rdb/okinawa/contract/information/pdf/2025/1kk/1kk1.pdf,pdf,rdb_okinawa,沖縄防衛局,地方防衛局,2025,2025,16
https://www.mod.go.jp/rdb/okinawa/contract/information/pdf/2025/1kk/1kk10.pdf,pdf,rdb_okinawa,沖縄防衛局,地方防衛局,2025,2025,25
https://www.mod.go.jp/rdb/okinawa/contract/information/pdf/2025/1kk/1kk11.pdf,pdf,rdb_okinawa,沖縄防衛局,地方防衛局,2025,2025,13
https://www.mod.go.jp/rdb/okinawa/contract/information/pdf/2025/1kk/1kk12.pdf,pdf,rdb_okinawa,沖縄防衛局,地方防衛局,2025,2025,26
https://www.mod.go.jp/rdb/okinawa/contract/information/pdf/2025/1kk/1kk13.pdf,pdf,rdb_okinawa,沖縄防衛局,地方防衛局,2025,2025,48
https://www.mod.go.jp/rdb/okinawa/contract/information/pdf/2025/1kk/1kk4.pdf,pdf,rdb_okinawa,沖縄防衛局,地方防衛局,2025,2025,1
https://www.mod.go.jp/rdb/okinawa/contract/information/pdf/2025/1kk/1kk5.pdf,pdf,rdb_okinawa,沖縄防衛局,地方防衛局,2025,2025,2
https://www.mod.go.jp/rdb/okinawa/contract/information/pdf/2025/1kk/1kk6.pdf,pdf,rdb_okinawa,沖縄防衛局,地方防衛局,2025,2025,4
https://www.mod.go.jp/rdb/okinawa/contract/information/pdf/2025/1kk/1kk7.pdf,pdf,rdb_okinawa,沖縄防衛局,地方防衛局,2025,2025,25
https://www.mod.go.jp/rdb/okinawa/contract/information/pdf/2025/1kk/1kk8.pdf,pdf,rdb_okinawa,沖縄防衛局,地方防衛局,2025,2025,25
https://www.mod.go.jp/rdb/okinawa/contract/information/pdf/2025/1kk/1kk9.pdf,pdf,rdb_okinawa,沖縄防衛局,地方防衛局,2025,2025,27
https://www.mod.go.jp/rdb/okinawa/contract/information/pdf/2025/2zk/2zk1.pdf,pdf,rdb_okinawa,沖縄防衛局,地方防衛局,2025,2025,1
https://www.mod.go.jp/rdb/okinawa/contract/information/pdf/2025/2zk/2zk10.pdf,pdf,rdb_okinawa,沖縄防衛局,地方防衛局,2025,2025,6
https://www.mod.go.jp/rdb/okinawa/contract/information/pdf/2025/2zk/2zk11.pdf,pdf,rdb_okinawa,沖縄防衛局,地方防衛局,2025,2025,3
https://www.mod.go.jp/rdb/okinawa/contract/information/pdf/2025/2zk/2zk12.pdf,pdf,rdb_okinawa,沖縄防衛局,地方防衛局,2025,2025,1
https://www.mod.go.jp/rdb/okinawa/contract/information/pdf/2025/2zk/2zk13.pdf,pdf,rdb_okinawa,沖縄防衛局,地方防衛局,2025,2025,7
https://www.mod.go.jp/rdb/okinawa/contract/information/pdf/2025/2zk/2zk5.pdf,pdf,rdb_okinawa,沖縄防衛局,地方防衛局,2025,2025,1
https://www.mod.go.jp/rdb/okinawa/contract/information/pdf/2025/2zk/2zk6.pdf,pdf,rdb_okinawa,沖縄防衛局,地方防衛局,2025,2025,1
https://www.mod.go.jp/rdb/okinawa/contract/information/pdf/2025/2zk/2zk7.pdf,pdf,rdb_okinawa,沖縄防衛局,地方防衛局,2025,2025,2
https://www.mod.go.jp/rdb/okinawa/contract/information/pdf/2025/2zk/2zk8.pdf,pdf,rdb_okinawa,沖縄防衛局,地方防衛局,2025,2025,1
https://www.mod.go.jp/rdb/okinawa/contract/information/pdf/2025/2zk/2zk9.pdf,pdf,rdb_okinawa,沖縄防衛局,地方防衛局,2025,2025,6
https://www.mod.go.jp/rdb/okinawa/contract/information/pdf/2025/3kb/3kb1.pdf,pdf,rdb_okinawa,沖縄防衛局,地方防衛局,2025,2025,4
https://www.mod.go.jp/rdb/okinawa/contract/information/pdf/2025/3kb/3kb10.pdf,pdf,rdb_okinawa,沖縄防衛局,地方防衛局,2025,2025,3
https://www.mod.go.jp/rdb/okinawa/contract/information/pdf/2025/3kb/3kb11.pdf,pdf,rdb_okinawa,沖縄防衛局,地方防衛局,2025,2025,6
https://www.mod.go.jp/rdb/okinawa/contract/information/pdf/2025/3kb/3kb12.pdf,pdf,rdb_okinawa,沖縄防衛局,地方防衛局,2025,2025,2
https://www.mod.go.jp/rdb/okinawa/contract/information/pdf/2025/3kb/3kb13.pdf,pdf,rdb_okinawa,沖縄防衛局,地方防衛局,2025,2025,1
https://www.mod.go.jp/rdb/okinawa/contract/information/pdf/2025/3kb/3kb4.pdf,pdf,rdb_okinawa,沖縄防衛局,地方防衛局,2025,2025,45
https://www.mod.go.jp/rdb/okinawa/contract/information/pdf/2025/3kb/3kb5.pdf,pdf,rdb_okinawa,沖縄防衛局,地方防衛局,2025,2025,4
https://www.mod.go.jp/rdb/okinawa/contract/information/pdf/2025/3kb/3kb6.pdf,pdf,rdb_okinawa,沖縄防衛局,地方防衛局,2025,2025,5
https://www.mod.go.jp/rdb/okinawa/contract/information/pdf/2025/3kb/3kb7.pdf,pdf,rdb_okinawa,沖縄防衛局,地方防衛局,2025,2025,2
https://www.mod.go.jp/rdb/okinawa/contract/information/pdf/2025/3kb/3kb8.pdf,pdf,rdb_okinawa,沖縄防衛局,地方防衛局,2025,2025,5
https://www.mod.go.jp/rdb/okinawa/contract/information/pdf/2025/3kb/3kb9.pdf,pdf,rdb_okinawa,沖縄防衛局,地方防衛局,2025,2025,9
https://www.mod.go.jp/rdb/okinawa/contract/information/pdf/2025/4zb/4zb1.pdf,pdf,rdb_okinawa,沖縄防衛局,地方防衛局,2025,2025,1
https://www.mod.go.jp/rdb/okinawa/contract/information/pdf/2025/4zb/4zb10.pdf,pdf,rdb_okinawa,沖縄防衛局,地方防衛局,2025,2025,1
https://www.mod.go.jp/rdb/okinawa/contract/information/pdf/2025/4zb/4zb11.pdf,pdf,rdb_okinawa,沖縄防衛局,地方防衛局,2025,2025,1
https://www.mod.go.jp/rdb/okinawa/contract/information/pdf/2025/4zb/4zb12.pdf,pdf,rdb_okinawa,沖縄防衛局,地方防衛局,2025,2025,2
https://www.mod.go.jp/rdb/okinawa/contract/information/pdf/2025/4zb/4zb4.pdf,pdf,rdb_okinawa,沖縄防衛局,地方防衛局,2025,2025,137
https://www.mod.go.jp/rdb/okinawa/contract/information/pdf/2025/4zb/4zb5.pdf,pdf,rdb_okinawa,沖縄防衛局,地方防衛局,2025,2025,5
https://www.mod.go.jp/rdb/okinawa/contract/information/pdf/2025/4zb/4zb6.pdf,pdf,rdb_okinawa,沖縄防衛局,地方防衛局,2025,2025,1
https://www.mod.go.jp/rdb/s-kanto/contract/information/images/reiwa4nendo/R4.10/01_0410kyousou_kouji.pdf,pdf,rdb_s_kanto,南関東防衛局,地方防衛局,2022,2022,15
https://www.mod.go.jp/rdb/s-kanto/contract/information/images/reiwa4nendo/R4.10/03_0410kyousou_ekimu.pdf,pdf,rdb_s_kanto,南関東防衛局,地方防衛局,2022,2022,1
https://www.mod.go.jp/rdb/s-kanto/contract/information/images/reiwa4nendo/R4.11/01_0411kyousou_kouji.pdf,pdf,rdb_s_kanto,南関東防衛局,地方防衛局,2022,2022,9
https://www.mod.go.jp/rdb/s-kanto/contract/information/images/reiwa4nendo/R4.11/03_0411kyousou_ekimu.pdf,pdf,rdb_s_kanto,南関東防衛局,地方防衛局,2022,2022,7
https://www.mod.go.jp/rdb/s-kanto/contract/information/images/reiwa4nendo/R4.12/01_0412kyousou_kouji.pdf,pdf,rdb_s_kanto,南関東防衛局,地方防衛局,2022,2022,14
https://www.mod.go.jp/rdb/s-kanto/contract/information/images/reiwa4nendo/R4.12/02_0412zuikei_kouji.pdf,pdf,rdb_s_kanto,南関東防衛局,地方防衛局,2022,2022,2
https://www.mod.go.jp/rdb/s-kanto/contract/information/images/reiwa4nendo/R4.12/03_0412kyousou_ekimu.pdf,pdf,rdb_s_kanto,南関東防衛局,地方防衛局,2022,2022,5
https://www.mod.go.jp/rdb/s-kanto/contract/information/images/reiwa4nendo/R4.4/03_0404kyousou_ekimu.pdf,pdf,rdb_s_kanto,南関東防衛局,地方防衛局,2022,2022,19
https://www.mod.go.jp/rdb/s-kanto/contract/information/images/reiwa4nendo/R4.4/04_0404zuikei_ekimu.pdf,pdf,rdb_s_kanto,南関東防衛局,地方防衛局,2022,2022,4
https://www.mod.go.jp/rdb/s-kanto/contract/information/images/reiwa4nendo/R4.5/01_0405kyousou_kouji.pdf,pdf,rdb_s_kanto,南関東防衛局,地方防衛局,2022,2022,8
https://www.mod.go.jp/rdb/s-kanto/contract/information/images/reiwa4nendo/R4.5/03_0405kyousou_ekimu.pdf,pdf,rdb_s_kanto,南関東防衛局,地方防衛局,2022,2022,6
https://www.mod.go.jp/rdb/s-kanto/contract/information/images/reiwa4nendo/R4.6/01_0406kyousou_kouji.pdf,pdf,rdb_s_kanto,南関東防衛局,地方防衛局,2022,2022,14
https://www.mod.go.jp/rdb/s-kanto/contract/information/images/reiwa4nendo/R4.6/02_0406zuikei_kouji.pdf,pdf,rdb_s_kanto,南関東防衛局,地方防衛局,2022,2022,4
https://www.mod.go.jp/rdb/s-kanto/contract/information/images/reiwa4nendo/R4.6/03_0406kyousou_ekimu.pdf,pdf,rdb_s_kanto,南関東防衛局,地方防衛局,2022,2022,8
https://www.mod.go.jp/rdb/s-kanto/contract/information/images/reiwa4nendo/R4.7/01_0407kyousou_kouji.pdf,pdf,rdb_s_kanto,南関東防衛局,地方防衛局,2022,2022,14
https://www.mod.go.jp/rdb/s-kanto/contract/information/images/reiwa4nendo/R4.7/02_0407zuikei_kouji.pdf,pdf,rdb_s_kanto,南関東防衛局,地方防衛局,2022,2022,1
https://www.mod.go.jp/rdb/s-kanto/contract/information/images/reiwa4nendo/R4.7/03_0407kyousou_ekimu.pdf,pdf,rdb_s_kanto,南関東防衛局,地方防衛局,2022,2022,9
https://www.mod.go.jp/rdb/s-kanto/contract/information/images/reiwa4nendo/R4.7/04_0407zuikei_ekimu.pdf,pdf,rdb_s_kanto,南関東防衛局,地方防衛局,2022,2022,7
https://www.mod.go.jp/rdb/s-kanto/contract/information/images/reiwa4nendo/R4.8/01_0408kyousou_kouji.pdf,pdf,rdb_s_kanto,南関東防衛局,地方防衛局,2022,2022,12
https://www.mod.go.jp/rdb/s-kanto/contract/information/images/reiwa4nendo/R4.8/02_0408zuikei_kouji.pdf,pdf,rdb_s_kanto,南関東防衛局,地方防衛局,2022,2022,2
https://www.mod.go.jp/rdb/s-kanto/contract/information/images/reiwa4nendo/R4.8/03_0408kyousou_ekimu.pdf,pdf,rdb_s_kanto,南関東防衛局,地方防衛局,2022,2022,3
https://www.mod.go.jp/rdb/s-kanto/contract/information/images/reiwa4nendo/R4.9/01_0409kyousou_kouji.pdf,pdf,rdb_s_kanto,南関東防衛局,地方防衛局,2022,2022,13
https://www.mod.go.jp/rdb/s-kanto/contract/information/images/reiwa4nendo/R4.9/03_0409kyousou_ekimu.pdf,pdf,rdb_s_kanto,南関東防衛局,地方防衛局,2022,2022,4
https://www.mod.go.jp/rdb/s-kanto/contract/information/images/reiwa4nendo/R4.9/04_0409zuikei_ekimu.pdf,pdf,rdb_s_kanto,南関東防衛局,地方防衛局,2022,2022,6
https://www.mod.go.jp/rdb/s-kanto/contract/information/images/reiwa4nendo/R5.1/01_0501kyousou_kouji.pdf,pdf,rdb_s_kanto,南関東防衛局,地方防衛局,2022,2022,12
https://www.mod.go.jp/rdb/s-kanto/contract/information/images/reiwa4nendo/R5.1/03_0501kyousou_ekimu.pdf,pdf,rdb_s_kanto,南関東防衛局,地方防衛局,2022,2022,1
https://www.mod.go.jp/rdb/s-kanto/contract/information/images/reiwa4nendo/R5.2/01_0502kyousou_kouji.pdf,pdf,rdb_s_kanto,南関東防衛局,地方防衛局,2022,2022,27
https://www.mod.go.jp/rdb/s-kanto/contract/information/images/reiwa4nendo/R5.2/02_0502zuikei_kouji.pdf,pdf,rdb_s_kanto,南関東防衛局,地方防衛局,2022,2022,1
https://www.mod.go.jp/rdb/s-kanto/contract/information/images/reiwa4nendo/R5.2/03_0502kyousou_ekimu.pdf,pdf,rdb_s_kanto,南関東防衛局,地方防衛局,2022,2022,8
https://www.mod.go.jp/rdb/s-kanto/contract/information/images/reiwa4nendo/R5.3/01_0503kyousou_kouji.pdf,pdf,rdb_s_kanto,南関東防衛局,地方防衛局,2022,2022,15
https://www.mod.go.jp/rdb/s-kanto/contract/information/images/reiwa4nendo/R5.3/02_0503zuikei_kouji.pdf,pdf,rdb_s_kanto,南関東防衛局,地方防衛局,2022,2022,1
https://www.mod.go.jp/rdb/s-kanto/contract/information/images/reiwa4nendo/R5.3/03_0503kyousou_ekimu.pdf,pdf,rdb_s_kanto,南関東防衛局,地方防衛局,2022,2022,4
https://www.mod.go.jp/rdb/s-kanto/contract/information/images/reiwa4nendo/R5.3/04_0503zuikei_ekimu.pdf,pdf,rdb_s_kanto,南関東防衛局,地方防衛局,2022,2022,3
https://www.mod.go.jp/rdb/s-kanto/contract/information/images/reiwa5nendo/R5.10/01_0510kyousou_kouji.pdf,pdf,rdb_s_kanto,南関東防衛局,地方防衛局,2023,2023,14
https://www.mod.go.jp/rdb/s-kanto/contract/information/images/reiwa5nendo/R5.10/03_0510kyousou_ekimu.pdf,pdf,rdb_s_kanto,南関東防衛局,地方防衛局,2023,2023,9
https://www.mod.go.jp/rdb/s-kanto/contract/information/images/reiwa5nendo/R5.10/04_0510zuikei_ekimu.pdf,pdf,rdb_s_kanto,南関東防衛局,地方防衛局,2023,2023,2
https://www.mod.go.jp/rdb/s-kanto/contract/information/images/reiwa5nendo/R5.11/01_0511kyousou_kouji.pdf,pdf,rdb_s_kanto,南関東防衛局,地方防衛局,2023,2023,13
https://www.mod.go.jp/rdb/s-kanto/contract/information/images/reiwa5nendo/R5.11/03_0511kyousou_ekimu.pdf,pdf,rdb_s_kanto,南関東防衛局,地方防衛局,2023,2023,6
https://www.mod.go.jp/rdb/s-kanto/contract/information/images/reiwa5nendo/R5.12/01_0512kyousou_kouji.pdf,pdf,rdb_s_kanto,南関東防衛局,地方防衛局,2023,2023,20
https://www.mod.go.jp/rdb/s-kanto/contract/information/images/reiwa5nendo/R5.12/02_0512zuikei_kouji.pdf,pdf,rdb_s_kanto,南関東防衛局,地方防衛局,2023,2023,1
https://www.mod.go.jp/rdb/s-kanto/contract/information/images/reiwa5nendo/R5.12/03_0512kyousou_ekimu.pdf,pdf,rdb_s_kanto,南関東防衛局,地方防衛局,2023,2023,3
https://www.mod.go.jp/rdb/s-kanto/contract/information/images/reiwa5nendo/R5.4/03_0504kyousou_ekimu.pdf,pdf,rdb_s_kanto,南関東防衛局,地方防衛局,2023,2023,19
https://www.mod.go.jp/rdb/s-kanto/contract/information/images/reiwa5nendo/R5.4/04_0504zuikei_ekimu.pdf,pdf,rdb_s_kanto,南関東防衛局,地方防衛局,2023,2023,28
https://www.mod.go.jp/rdb/s-kanto/contract/information/images/reiwa5nendo/R5.5/01_0505kyousou_kouji.pdf,pdf,rdb_s_kanto,南関東防衛局,地方防衛局,2023,2023,4
https://www.mod.go.jp/rdb/s-kanto/contract/information/images/reiwa5nendo/R5.5/03_0505kyousou_ekimu.pdf,pdf,rdb_s_kanto,南関東防衛局,地方防衛局,2023,2023,10
https://www.mod.go.jp/rdb/s-kanto/contract/information/images/reiwa5nendo/R5.6/01_0506kyousou_kouji.pdf,pdf,rdb_s_kanto,南関東防衛局,地方防衛局,2023,2023,18
https://www.mod.go.jp/rdb/s-kanto/contract/information/images/reiwa5nendo/R5.6/02_0506zuikei_kouji.pdf,pdf,rdb_s_kanto,南関東防衛局,地方防衛局,2023,2023,4
https://www.mod.go.jp/rdb/s-kanto/contract/information/images/reiwa5nendo/R5.6/03_0506kyousou_ekimu.pdf,pdf,rdb_s_kanto,南関東防衛局,地方防衛局,2023,2023,12
https://www.mod.go.jp/rdb/s-kanto/contract/information/images/reiwa5nendo/R5.7/01_0507kyousou_kouji.pdf,pdf,rdb_s_kanto,南関東防衛局,地方防衛局,2023,2023,17
https://www.mod.go.jp/rdb/s-kanto/contract/information/images/reiwa5nendo/R5.7/03_0507kyousou_ekimu.pdf,pdf,rdb_s_kanto,南関東防衛局,地方防衛局,2023,2023,8
https://www.mod.go.jp/rdb/s-kanto/contract/information/images/reiwa5nendo/R5.7/04_0507zuikei_ekimu.pdf,pdf,rdb_s_kanto,南関東防衛局,地方防衛局,2023,2023,9
https://www.mod.go.jp/rdb/s-kanto/contract/information/images/reiwa5nendo/R5.8/01_0508kyousou_kouji.pdf,pdf,rdb_s_kanto,南関東防衛局,地方防衛局,2023,2023,10
https://www.mod.go.jp/rdb/s-kanto/contract/information/images/reiwa5nendo/R5.8/02_0507zuikei_kouji.pdf,pdf,rdb_s_kanto,南関東防衛局,地方防衛局,2023,2023,3
https://www.mod.go.jp/rdb/s-kanto/contract/information/images/reiwa5nendo/R5.8/03_0508kyousou_ekimu.pdf,pdf,rdb_s_kanto,南関東防衛局,地方防衛局,2023,2023,14
https://www.mod.go.jp/rdb/s-kanto/contract/information/images/reiwa5nendo/R5.8/04_0508zuikei_ekimu.pdf,pdf,rdb_s_kanto,南関東防衛局,地方防衛局,2023,2023,1
https://www.mod.go.jp/rdb/s-kanto/contract/information/images/reiwa5nendo/R5.9/01_0509kyousou_kouji.pdf,pdf,rdb_s_kanto,南関東防衛局,地方防衛局,2023,2023,13
https://www.mod.go.jp/rdb/s-kanto/contract/information/images/reiwa5nendo/R5.9/02_0509zuikei_kouji.pdf,pdf,rdb_s_kanto,南関東防衛局,地方防衛局,2023,2023,1
https://www.mod.go.jp/rdb/s-kanto/contract/information/images/reiwa5nendo/R5.9/03_0509kyousou_ekimu.pdf,pdf,rdb_s_kanto,南関東防衛局,地方防衛局,2023,2023,3
https://www.mod.go.jp/rdb/s-kanto/contract/information/images/reiwa5nendo/R5.9/04_0509zuikei_ekimu.pdf,pdf,rdb_s_kanto,南関東防衛局,地方防衛局,2023,2023,8
https://www.mod.go.jp/rdb/s-kanto/contract/information/images/reiwa5nendo/R6.1/01_0601kyousou_kouji.pdf,pdf,rdb_s_kanto,南関東防衛局,地方防衛局,2023,2023,13
https://www.mod.go.jp/rdb/s-kanto/contract/information/images/reiwa5nendo/R6.1/03_0601kyousou_ekimu.pdf,pdf,rdb_s_kanto,南関東防衛局,地方防衛局,2023,2023,6
https://www.mod.go.jp/rdb/s-kanto/contract/information/images/reiwa5nendo/R6.2/01_0602kyousou_kouji.pdf,pdf,rdb_s_kanto,南関東防衛局,地方防衛局,2023,2023,24
https://www.mod.go.jp/rdb/s-kanto/contract/information/images/reiwa5nendo/R6.2/02_0602zuikei_kouji.pdf,pdf,rdb_s_kanto,南関東防衛局,地方防衛局,2023,2023,2
https://www.mod.go.jp/rdb/s-kanto/contract/information/images/reiwa5nendo/R6.3/01_0603kyousou_kouji.pdf,pdf,rdb_s_kanto,南関東防衛局,地方防衛局,2023,2023,23
https://www.mod.go.jp/rdb/s-kanto/contract/information/images/reiwa5nendo/R6.3/02_0603zuikei_kouji.pdf,pdf,rdb_s_kanto,南関東防衛局,地方防衛局,2023,2023,1
https://www.mod.go.jp/rdb/s-kanto/contract/information/images/reiwa5nendo/R6.3/03_0603kyousou_ekimu.pdf,pdf,rdb_s_kanto,南関東防衛局,地方防衛局,2023,2023,1
https://www.mod.go.jp/rdb/s-kanto/contract/information/images/reiwa6nendo/R6.10/01_0610kyousou_kouji.pdf,pdf,rdb_s_kanto,南関東防衛局,地方防衛局,2024,2024,19
https://www.mod.go.jp/rdb/s-kanto/contract/information/images/reiwa6nendo/R6.10/02_0610zuikei_kouji.pdf,pdf,rdb_s_kanto,南関東防衛局,地方防衛局,2024,2024,2
https://www.mod.go.jp/rdb/s-kanto/contract/information/images/reiwa6nendo/R6.10/03_0610kyousou_ekimu.pdf,pdf,rdb_s_kanto,南関東防衛局,地方防衛局,2024,2024,8
https://www.mod.go.jp/rdb/s-kanto/contract/information/images/reiwa6nendo/R6.11/01_0611kyousou_kouji.pdf,pdf,rdb_s_kanto,南関東防衛局,地方防衛局,2024,2024,20
https://www.mod.go.jp/rdb/s-kanto/contract/information/images/reiwa6nendo/R6.11/02_0611zuikei_kouji.pdf,pdf,rdb_s_kanto,南関東防衛局,地方防衛局,2024,2024,2
https://www.mod.go.jp/rdb/s-kanto/contract/information/images/reiwa6nendo/R6.11/03_0611kyousou_ekimu.pdf,pdf,rdb_s_kanto,南関東防衛局,地方防衛局,2024,2024,5
https://www.mod.go.jp/rdb/s-kanto/contract/information/images/reiwa6nendo/R6.12/01_0612kyousou_kouji.pdf,pdf,rdb_s_kanto,南関東防衛局,地方防衛局,2024,2024,24
https://www.mod.go.jp/rdb/s-kanto/contract/information/images/reiwa6nendo/R6.12/02_0612zuikei_kouji.pdf,pdf,rdb_s_kanto,南関東防衛局,地方防衛局,2024,2024,1
https://www.mod.go.jp/rdb/s-kanto/contract/information/images/reiwa6nendo/R6.12/03_0612kyousou_ekimu.pdf,pdf,rdb_s_kanto,南関東防衛局,地方防衛局,2024,2024,1
https://www.mod.go.jp/rdb/s-kanto/contract/information/images/reiwa6nendo/R6.12/04_0612zuikei_ekimu.pdf,pdf,rdb_s_kanto,南関東防衛局,地方防衛局,2024,2024,1
https://www.mod.go.jp/rdb/s-kanto/contract/information/images/reiwa6nendo/R6.4/01_0604kyousou_kouji.pdf,pdf,rdb_s_kanto,南関東防衛局,地方防衛局,2024,2024,10
https://www.mod.go.jp/rdb/s-kanto/contract/information/images/reiwa6nendo/R6.4/03_0604kyousou_ekimu.pdf,pdf,rdb_s_kanto,南関東防衛局,地方防衛局,2024,2024,28
https://www.mod.go.jp/rdb/s-kanto/contract/information/images/reiwa6nendo/R6.4/04_0604zuikei_ekimu.pdf,pdf,rdb_s_kanto,南関東防衛局,地方防衛局,2024,2024,33
https://www.mod.go.jp/rdb/s-kanto/contract/information/images/reiwa6nendo/R6.5/01_0605kyousou_kouji.pdf,pdf,rdb_s_kanto,南関東防衛局,地方防衛局,2024,2024,4
https://www.mod.go.jp/rdb/s-kanto/contract/information/images/reiwa6nendo/R6.5/02_0605zuikei_kouji.pdf,pdf,rdb_s_kanto,南関東防衛局,地方防衛局,2024,2024,1
https://www.mod.go.jp/rdb/s-kanto/contract/information/images/reiwa6nendo/R6.5/03_0605kyousou_ekimu.pdf,pdf,rdb_s_kanto,南関東防衛局,地方防衛局,2024,2024,2
https://www.mod.go.jp/rdb/s-kanto/contract/information/images/reiwa6nendo/R6.6/01_0606kyousou_kouji.pdf,pdf,rdb_s_kanto,南関東防衛局,地方防衛局,2024,2024,17
https://www.mod.go.jp/rdb/s-kanto/contract/information/images/reiwa6nendo/R6.6/02_0606zuikei_kouji.pdf,pdf,rdb_s_kanto,南関東防衛局,地方防衛局,2024,2024,1
https://www.mod.go.jp/rdb/s-kanto/contract/information/images/reiwa6nendo/R6.6/03_0606kyousou_ekimu.pdf,pdf,rdb_s_kanto,南関東防衛局,地方防衛局,2024,2024,7
https://www.mod.go.jp/rdb/s-kanto/contract/information/images/reiwa6nendo/R6.7/01_0607kyousou_kouji.pdf,pdf,rdb_s_kanto,南関東防衛局,地方防衛局,2024,2024,22
https://www.mod.go.jp/rdb/s-kanto/contract/information/images/reiwa6nendo/R6.7/02_0607zuikei_kouji.pdf,pdf,rdb_s_kanto,南関東防衛局,地方防衛局,2024,2024,2
https://www.mod.go.jp/rdb/s-kanto/contract/information/images/reiwa6nendo/R6.7/03_0607kyousou_ekimu.pdf,pdf,rdb_s_kanto,南関東防衛局,地方防衛局,2024,2024,12
https://www.mod.go.jp/rdb/s-kanto/contract/information/images/reiwa6nendo/R6.7/04_0607zuikei_ekimu.pdf,pdf,rdb_s_kanto,南関東防衛局,地方防衛局,2024,2024,8
https://www.mod.go.jp/rdb/s-kanto/contract/information/images/reiwa6nendo/R6.8/01_0608kyousou_kouji.pdf,pdf,rdb_s_kanto,南関東防衛局,地方防衛局,2024,2024,12
https://www.mod.go.jp/rdb/s-kanto/contract/information/images/reiwa6nendo/R6.8/02_0608zuikei_kouji.pdf,pdf,rdb_s_kanto,南関東防衛局,地方防衛局,2024,2024,2
https://www.mod.go.jp/rdb/s-kanto/contract/information/images/reiwa6nendo/R6.8/03_0608kyousou_ekimu.pdf,pdf,rdb_s_kanto,南関東防衛局,地方防衛局,2024,2024,2
https://www.mod.go.jp/rdb/s-kanto/contract/information/images/reiwa6nendo/R6.9/01_0609kyousou_kouji.pdf,pdf,rdb_s_kanto,南関東防衛局,地方防衛局,2024,2024,19
https://www.mod.go.jp/rdb/s-kanto/contract/information/images/reiwa6nendo/R6.9/03_0609kyousou_ekimu.pdf,pdf,rdb_s_kanto,南関東防衛局,地方防衛局,2024,2024,5
https://www.mod.go.jp/rdb/s-kanto/contract/information/images/reiwa6nendo/R6.9/04_0609zuikei_ekimu.pdf,pdf,rdb_s_kanto,南関東防衛局,地方防衛局,2024,2024,8
https://www.mod.go.jp/rdb/s-kanto/contract/information/images/reiwa6nendo/R7.1/01_0701kyousou_kouji.pdf,pdf,rdb_s_kanto,南関東防衛局,地方防衛局,2024,2024,18
https://www.mod.go.jp/rdb/s-kanto/contract/information/images/reiwa6nendo/R7.1/02_0701zuikei_kouji.pdf,pdf,rdb_s_kanto,南関東防衛局,地方防衛局,2024,2024,1
https://www.mod.go.jp/rdb/s-kanto/contract/information/images/reiwa6nendo/R7.1/03_0701kyousou_ekimu.pdf,pdf,rdb_s_kanto,南関東防衛局,地方防衛局,2024,2024,4
https://www.mod.go.jp/rdb/s-kanto/contract/information/images/reiwa6nendo/R7.1/04_0701zuikei_ekimu.pdf,pdf,rdb_s_kanto,南関東防衛局,地方防衛局,2024,2024,1
https://www.mod.go.jp/rdb/s-kanto/contract/information/images/reiwa6nendo/R7.2/01_0702kyousou_kouji.pdf,pdf,rdb_s_kanto,南関東防衛局,地方防衛局,2024,2024,28
https://www.mod.go.jp/rdb/s-kanto/contract/information/images/reiwa6nendo/R7.2/02_0702zuikei_kouji.pdf,pdf,rdb_s_kanto,南関東防衛局,地方防衛局,2024,2024,2
https://www.mod.go.jp/rdb/s-kanto/contract/information/images/reiwa6nendo/R7.2/03_0702kyousou_ekimu.pdf,pdf,rdb_s_kanto,南関東防衛局,地方防衛局,2024,2024,3
https://www.mod.go.jp/rdb/s-kanto/contract/information/images/reiwa6nendo/R7.2/04_0702zuikei_ekimu.pdf,pdf,rdb_s_kanto,南関東防衛局,地方防衛局,2024,2024,1
https://www.mod.go.jp/rdb/s-kanto/contract/information/images/reiwa6nendo/R7.3/01_0703kyousou_kouji.pdf,pdf,rdb_s_kanto,南関東防衛局,地方防衛局,2024,2024,16
https://www.mod.go.jp/rdb/s-kanto/contract/information/images/reiwa6nendo/R7.3/02_0703zuikei_kouji.pdf,pdf,rdb_s_kanto,南関東防衛局,地方防衛局,2024,2024,2
https://www.mod.go.jp/rdb/s-kanto/contract/information/images/reiwa6nendo/R7.3/03_0703kyousou_ekimu.pdf,pdf,rdb_s_kanto,南関東防衛局,地方防衛局,2024,2024,1
https://www.mod.go.jp/rdb/s-kanto/contract/information/images/reiwa7nendo/R7.10/01_0710kyousou_kouji.pdf,pdf,rdb_s_kanto,南関東防衛局,地方防衛局,2025,2025,25
https://www.mod.go.jp/rdb/s-kanto/contract/information/images/reiwa7nendo/R7.10/01_0710kyousou_kouji.xlsx,warp_crawler,rdb_s_kanto,南関東防衛局,地方防衛局,2025,2025,25
https://www.mod.go.jp/rdb/s-kanto/contract/information/images/reiwa7nendo/R7.10/02_0710zuikei_kouji.pdf,pdf,rdb_s_kanto,南関東防衛局,地方防衛局,2025,2025,4
https://www.mod.go.jp/rdb/s-kanto/contract/information/images/reiwa7nendo/R7.10/02_0710zuikei_kouji.xlsx,warp_crawler,rdb_s_kanto,南関東防衛局,地方防衛局,2025,2025,4
https://www.mod.go.jp/rdb/s-kanto/contract/information/images/reiwa7nendo/R7.10/03_0710kyousou_ekimu.pdf,pdf,rdb_s_kanto,南関東防衛局,地方防衛局,2025,2025,3
https://www.mod.go.jp/rdb/s-kanto/contract/information/images/reiwa7nendo/R7.10/03_0710kyousou_ekimu.xlsx,warp_crawler,rdb_s_kanto,南関東防衛局,地方防衛局,2025,2025,3
https://www.mod.go.jp/rdb/s-kanto/contract/information/images/reiwa7nendo/R7.11/01_0711kyousou_kouji.pdf,pdf,rdb_s_kanto,南関東防衛局,地方防衛局,2025,2025,16
https://www.mod.go.jp/rdb/s-kanto/contract/information/images/reiwa7nendo/R7.11/01_0711kyousou_kouji.xlsx,warp_crawler,rdb_s_kanto,南関東防衛局,地方防衛局,2025,2025,16
https://www.mod.go.jp/rdb/s-kanto/contract/information/images/reiwa7nendo/R7.11/02_0711zuikei_kouji.pdf,pdf,rdb_s_kanto,南関東防衛局,地方防衛局,2025,2025,6
https://www.mod.go.jp/rdb/s-kanto/contract/information/images/reiwa7nendo/R7.11/02_0711zuikei_kouji.xlsx,warp_crawler,rdb_s_kanto,南関東防衛局,地方防衛局,2025,2025,6
https://www.mod.go.jp/rdb/s-kanto/contract/information/images/reiwa7nendo/R7.11/03_0711kyousou_ekimu.pdf,pdf,rdb_s_kanto,南関東防衛局,地方防衛局,2025,2025,5
https://www.mod.go.jp/rdb/s-kanto/contract/information/images/reiwa7nendo/R7.11/03_0711kyousou_ekimu.xlsx,warp_crawler,rdb_s_kanto,南関東防衛局,地方防衛局,2025,2025,5
https://www.mod.go.jp/rdb/s-kanto/contract/information/images/reiwa7nendo/R7.11/04_0711zuikei_ekimu.pdf,pdf,rdb_s_kanto,南関東防衛局,地方防衛局,2025,2025,1
https://www.mod.go.jp/rdb/s-kanto/contract/information/images/reiwa7nendo/R7.11/04_0711zuikei_ekimu.xlsx,warp_crawler,rdb_s_kanto,南関東防衛局,地方防衛局,2025,2025,1
https://www.mod.go.jp/rdb/s-kanto/contract/information/images/reiwa7nendo/R7.12/01_0712kyousou_kouji.pdf,pdf,rdb_s_kanto,南関東防衛局,地方防衛局,2025,2025,17
https://www.mod.go.jp/rdb/s-kanto/contract/information/images/reiwa7nendo/R7.12/01_0712kyousou_kouji.xlsx,warp_crawler,rdb_s_kanto,南関東防衛局,地方防衛局,2025,2025,17
https://www.mod.go.jp/rdb/s-kanto/contract/information/images/reiwa7nendo/R7.12/02_0712zuikei_kouji.pdf,pdf,rdb_s_kanto,南関東防衛局,地方防衛局,2025,2025,1
https://www.mod.go.jp/rdb/s-kanto/contract/information/images/reiwa7nendo/R7.12/02_0712zuikei_kouji.xlsx,warp_crawler,rdb_s_kanto,南関東防衛局,地方防衛局,2025,2025,1
https://www.mod.go.jp/rdb/s-kanto/contract/information/images/reiwa7nendo/R7.12/03_0712kyousou_ekimu.pdf,pdf,rdb_s_kanto,南関東防衛局,地方防衛局,2025,2025,5
https://www.mod.go.jp/rdb/s-kanto/contract/information/images/reiwa7nendo/R7.12/03_0712kyousou_ekimu.xlsx,warp_crawler,rdb_s_kanto,南関東防衛局,地方防衛局,2025,2025,5
https://www.mod.go.jp/rdb/s-kanto/contract/information/images/reiwa7nendo/R7.4/01_0704kyousou_kouji.pdf,pdf,rdb_s_kanto,南関東防衛局,地方防衛局,2025,2025,8
https://www.mod.go.jp/rdb/s-kanto/contract/information/images/reiwa7nendo/R7.4/01_0704kyousou_kouji.xlsx,warp_crawler,rdb_s_kanto,南関東防衛局,地方防衛局,2025,2025,8
https://www.mod.go.jp/rdb/s-kanto/contract/information/images/reiwa7nendo/R7.4/03_0704kyousou_ekimu.pdf,pdf,rdb_s_kanto,南関東防衛局,地方防衛局,2025,2025,34
https://www.mod.go.jp/rdb/s-kanto/contract/information/images/reiwa7nendo/R7.4/03_0704kyousou_ekimu.xlsx,warp_crawler,rdb_s_kanto,南関東防衛局,地方防衛局,2025,2025,34
https://www.mod.go.jp/rdb/s-kanto/contract/information/images/reiwa7nendo/R7.4/04_0704zuikei_ekimu.pdf,pdf,rdb_s_kanto,南関東防衛局,地方防衛局,2025,2025,31
https://www.mod.go.jp/rdb/s-kanto/contract/information/images/reiwa7nendo/R7.4/04_0704zuikei_ekimu.xlsx,warp_crawler,rdb_s_kanto,南関東防衛局,地方防衛局,2025,2025,13
https://www.mod.go.jp/rdb/s-kanto/contract/information/images/reiwa7nendo/R7.5/02_0705zuikei_kouji.pdf,pdf,rdb_s_kanto,南関東防衛局,地方防衛局,2025,2025,3
https://www.mod.go.jp/rdb/s-kanto/contract/information/images/reiwa7nendo/R7.5/02_0705zuikei_kouji.xlsx,warp_crawler,rdb_s_kanto,南関東防衛局,地方防衛局,2025,2025,3
https://www.mod.go.jp/rdb/s-kanto/contract/information/images/reiwa7nendo/R7.6/01_0706kyousou_kouji.pdf,pdf,rdb_s_kanto,南関東防衛局,地方防衛局,2025,2025,17
https://www.mod.go.jp/rdb/s-kanto/contract/information/images/reiwa7nendo/R7.6/01_0706kyousou_kouji.xlsx,warp_crawler,rdb_s_kanto,南関東防衛局,地方防衛局,2025,2025,17
https://www.mod.go.jp/rdb/s-kanto/contract/information/images/reiwa7nendo/R7.6/02_0706zuikei_kouji.pdf,pdf,rdb_s_kanto,南関東防衛局,地方防衛局,2025,2025,5
https://www.mod.go.jp/rdb/s-kanto/contract/information/images/reiwa7nendo/R7.6/02_0706zuikei_kouji.xlsx,warp_crawler,rdb_s_kanto,南関東防衛局,地方防衛局,2025,2025,5
https://www.mod.go.jp/rdb/s-kanto/contract/information/images/reiwa7nendo/R7.6/03_0706kyousou_ekimu.pdf,pdf,rdb_s_kanto,南関東防衛局,地方防衛局,2025,2025,4
https://www.mod.go.jp/rdb/s-kanto/contract/information/images/reiwa7nendo/R7.6/03_0706kyousou_ekimu.xlsx,warp_crawler,rdb_s_kanto,南関東防衛局,地方防衛局,2025,2025,4
https://www.mod.go.jp/rdb/s-kanto/contract/information/images/reiwa7nendo/R7.7/01_0707kyousou_kouji.pdf,pdf,rdb_s_kanto,南関東防衛局,地方防衛局,2025,2025,18
https://www.mod.go.jp/rdb/s-kanto/contract/information/images/reiwa7nendo/R7.7/01_0707kyousou_kouji.xlsx,warp_crawler,rdb_s_kanto,南関東防衛局,地方防衛局,2025,2025,18
https://www.mod.go.jp/rdb/s-kanto/contract/information/images/reiwa7nendo/R7.7/02_0707zuikei_kouji.pdf,pdf,rdb_s_kanto,南関東防衛局,地方防衛局,2025,2025,2
https://www.mod.go.jp/rdb/s-kanto/contract/information/images/reiwa7nendo/R7.7/02_0707zuikei_kouji.xlsx,warp_crawler,rdb_s_kanto,南関東防衛局,地方防衛局,2025,2025,2
https://www.mod.go.jp/rdb/s-kanto/contract/information/images/reiwa7nendo/R7.7/03_0707kyousou_ekimu.pdf,pdf,rdb_s_kanto,南関東防衛局,地方防衛局,2025,2025,4
https://www.mod.go.jp/rdb/s-kanto/contract/information/images/reiwa7nendo/R7.7/03_0707kyousou_ekimu.xlsx,warp_crawler,rdb_s_kanto,南関東防衛局,地方防衛局,2025,2025,4
https://www.mod.go.jp/rdb/s-kanto/contract/information/images/reiwa7nendo/R7.7/04_0707zuikei_ekimu.pdf,pdf,rdb_s_kanto,南関東防衛局,地方防衛局,2025,2025,9
https://www.mod.go.jp/rdb/s-kanto/contract/information/images/reiwa7nendo/R7.8/01_0708kyousou_kouji.pdf,pdf,rdb_s_kanto,南関東防衛局,地方防衛局,2025,2025,18
https://www.mod.go.jp/rdb/s-kanto/contract/information/images/reiwa7nendo/R7.8/01_0708kyousou_kouji.xlsx,warp_crawler,rdb_s_kanto,南関東防衛局,地方防衛局,2025,2025,18
https://www.mod.go.jp/rdb/s-kanto/contract/information/images/reiwa7nendo/R7.8/02_0708zuikei_kouji.pdf,pdf,rdb_s_kanto,南関東防衛局,地方防衛局,2025,2025,2
https://www.mod.go.jp/rdb/s-kanto/contract/information/images/reiwa7nendo/R7.8/02_0708zuikei_kouji.xlsx,warp_crawler,rdb_s_kanto,南関東防衛局,地方防衛局,2025,2025,2
https://www.mod.go.jp/rdb/s-kanto/contract/information/images/reiwa7nendo/R7.8/03_0708kyousou_ekimu.pdf,pdf,rdb_s_kanto,南関東防衛局,地方防衛局,2025,2025,4
https://www.mod.go.jp/rdb/s-kanto/contract/information/images/reiwa7nendo/R7.8/03_0708kyousou_ekimu.xlsx,warp_crawler,rdb_s_kanto,南関東防衛局,地方防衛局,2025,2025,4
https://www.mod.go.jp/rdb/s-kanto/contract/information/images/reiwa7nendo/R7.9/01_0709kyousou_kouji.pdf,pdf,rdb_s_kanto,南関東防衛局,地方防衛局,2025,2025,13
https://www.mod.go.jp/rdb/s-kanto/contract/information/images/reiwa7nendo/R7.9/01_0709kyousou_kouji.xlsx,warp_crawler,rdb_s_kanto,南関東防衛局,地方防衛局,2025,2025,13
https://www.mod.go.jp/rdb/s-kanto/contract/information/images/reiwa7nendo/R7.9/03_0709kyousou_ekimu.pdf,pdf,rdb_s_kanto,南関東防衛局,地方防衛局,2025,2025,1
https://www.mod.go.jp/rdb/s-kanto/contract/information/images/reiwa7nendo/R7.9/03_0709kyousou_ekimu.xlsx,warp_crawler,rdb_s_kanto,南関東防衛局,地方防衛局,2025,2025,1
https://www.mod.go.jp/rdb/s-kanto/contract/information/images/reiwa7nendo/R7.9/04_0709zuikei_ekimu.pdf,pdf,rdb_s_kanto,南関東防衛局,地方防衛局,2025,2025,8
https://www.mod.go.jp/rdb/s-kanto/contract/information/images/reiwa7nendo/R7.9/04_0709zuikei_ekimu.xlsx,excel,rdb_s_kanto,南関東防衛局,地方防衛局,2025,2025,7
https://www.mod.go.jp/rdb/s-kanto/contract/information/images/reiwa7nendo/R8.1/01_0801kyousou_kouji.pdf,pdf,rdb_s_kanto,南関東防衛局,地方防衛局,2025,2025,15
https://www.mod.go.jp/rdb/s-kanto/contract/information/images/reiwa7nendo/R8.1/01_0801kyousou_kouji.xlsx,warp_crawler,rdb_s_kanto,南関東防衛局,地方防衛局,2025,2025,15
https://www.mod.go.jp/rdb/s-kanto/contract/information/images/reiwa7nendo/R8.1/03_0801kyousou_ekimu.pdf,pdf,rdb_s_kanto,南関東防衛局,地方防衛局,2025,2025,8
https://www.mod.go.jp/rdb/s-kanto/contract/information/images/reiwa7nendo/R8.1/03_0801kyousou_ekimu.xlsx,warp_crawler,rdb_s_kanto,南関東防衛局,地方防衛局,2025,2025,8
https://www.mod.go.jp/rdb/s-kanto/contract/information/images/reiwa7nendo/R8.2/01_0802kyousou_kouji.pdf,pdf,rdb_s_kanto,南関東防衛局,地方防衛局,2025,2025,26
https://www.mod.go.jp/rdb/s-kanto/contract/information/images/reiwa7nendo/R8.2/01_0802kyousou_kouji.xlsx,warp_crawler,rdb_s_kanto,南関東防衛局,地方防衛局,2025,2025,26
https://www.mod.go.jp/rdb/s-kanto/contract/information/images/reiwa7nendo/R8.2/02_0802zuikei_kouji.pdf,pdf,rdb_s_kanto,南関東防衛局,地方防衛局,2025,2025,4
https://www.mod.go.jp/rdb/s-kanto/contract/information/images/reiwa7nendo/R8.2/02_0802zuikei_kouji.xlsx,warp_crawler,rdb_s_kanto,南関東防衛局,地方防衛局,2025,2025,4
https://www.mod.go.jp/rdb/s-kanto/contract/information/images/reiwa7nendo/R8.2/03_0802kyousou_ekimu.pdf,pdf,rdb_s_kanto,南関東防衛局,地方防衛局,2025,2025,2
https://www.mod.go.jp/rdb/s-kanto/contract/information/images/reiwa7nendo/R8.2/03_0802kyousou_ekimu.xlsx,warp_crawler,rdb_s_kanto,南関東防衛局,地方防衛局,2025,2025,2
https://www.mod.go.jp/rdb/tohoku/contract/result/keiyaku/24-10-1.pdf,pdf,rdb_tohoku,東北防衛局,地方防衛局,2024,2024,9
https://www.mod.go.jp/rdb/tohoku/contract/result/keiyaku/24-10-2.pdf,pdf,rdb_tohoku,東北防衛局,地方防衛局,2024,2024,2
https://www.mod.go.jp/rdb/tohoku/contract/result/keiyaku/24-10-3.pdf,pdf,rdb_tohoku,東北防衛局,地方防衛局,2024,2024,1
https://www.mod.go.jp/rdb/tohoku/contract/result/keiyaku/24-11-1.pdf,pdf,rdb_tohoku,東北防衛局,地方防衛局,2024,2024,11
https://www.mod.go.jp/rdb/tohoku/contract/result/keiyaku/24-11-2.pdf,pdf,rdb_tohoku,東北防衛局,地方防衛局,2024,2024,1
https://www.mod.go.jp/rdb/tohoku/contract/result/keiyaku/24-11-3.pdf,pdf,rdb_tohoku,東北防衛局,地方防衛局,2024,2024,4
https://www.mod.go.jp/rdb/tohoku/contract/result/keiyaku/24-12-1.pdf,pdf,rdb_tohoku,東北防衛局,地方防衛局,2024,2024,7
https://www.mod.go.jp/rdb/tohoku/contract/result/keiyaku/24-12-3.pdf,pdf,rdb_tohoku,東北防衛局,地方防衛局,2024,2025,4
https://www.mod.go.jp/rdb/tohoku/contract/result/keiyaku/24-4-3-2.pdf,pdf,rdb_tohoku,東北防衛局,地方防衛局,2024,2024,11
https://www.mod.go.jp/rdb/tohoku/contract/result/keiyaku/24-4-4.pdf,pdf,rdb_tohoku,東北防衛局,地方防衛局,2024,2024,21
https://www.mod.go.jp/rdb/tohoku/contract/result/keiyaku/24-5-1.pdf,pdf,rdb_tohoku,東北防衛局,地方防衛局,2024,2024,6
https://www.mod.go.jp/rdb/tohoku/contract/result/keiyaku/24-5-2.pdf,pdf,rdb_tohoku,東北防衛局,地方防衛局,2024,2024,1
https://www.mod.go.jp/rdb/tohoku/contract/result/keiyaku/24-5-3.pdf,pdf,rdb_tohoku,東北防衛局,地方防衛局,2024,2024,10
https://www.mod.go.jp/rdb/tohoku/contract/result/keiyaku/24-6-1.pdf,pdf,rdb_tohoku,東北防衛局,地方防衛局,2024,2024,10
https://www.mod.go.jp/rdb/tohoku/contract/result/keiyaku/24-6-2.pdf,pdf,rdb_tohoku,東北防衛局,地方防衛局,2024,2024,2
https://www.mod.go.jp/rdb/tohoku/contract/result/keiyaku/24-7-1.pdf,pdf,rdb_tohoku,東北防衛局,地方防衛局,2024,2024,16
https://www.mod.go.jp/rdb/tohoku/contract/result/keiyaku/24-7-3-2.pdf,pdf,rdb_tohoku,東北防衛局,地方防衛局,2024,2024,5
https://www.mod.go.jp/rdb/tohoku/contract/result/keiyaku/24-8-1.pdf,pdf,rdb_tohoku,東北防衛局,地方防衛局,2024,2024,13
https://www.mod.go.jp/rdb/tohoku/contract/result/keiyaku/24-8-2.pdf,pdf,rdb_tohoku,東北防衛局,地方防衛局,2024,2024,1
https://www.mod.go.jp/rdb/tohoku/contract/result/keiyaku/24-8-3.pdf,pdf,rdb_tohoku,東北防衛局,地方防衛局,2024,2024,3
https://www.mod.go.jp/rdb/tohoku/contract/result/keiyaku/24-9-1.pdf,pdf,rdb_tohoku,東北防衛局,地方防衛局,2024,2024,10
https://www.mod.go.jp/rdb/tohoku/contract/result/keiyaku/24-9-2.pdf,pdf,rdb_tohoku,東北防衛局,地方防衛局,2024,2024,3
https://www.mod.go.jp/rdb/tohoku/contract/result/keiyaku/24-9-3.pdf,pdf,rdb_tohoku,東北防衛局,地方防衛局,2024,2024,7
https://www.mod.go.jp/rdb/tohoku/contract/result/keiyaku/25-1-1-2.pdf,pdf,rdb_tohoku,東北防衛局,地方防衛局,2024,2024,9
https://www.mod.go.jp/rdb/tohoku/contract/result/keiyaku/25-10-1.pdf,pdf,rdb_tohoku,東北防衛局,地方防衛局,2025,2025,6
https://www.mod.go.jp/rdb/tohoku/contract/result/keiyaku/25-10-2.pdf,pdf,rdb_tohoku,東北防衛局,地方防衛局,2025,2025,1
https://www.mod.go.jp/rdb/tohoku/contract/result/keiyaku/25-10-3.pdf,pdf,rdb_tohoku,東北防衛局,地方防衛局,2025,2025,6
https://www.mod.go.jp/rdb/tohoku/contract/result/keiyaku/25-11-1.pdf,pdf,rdb_tohoku,東北防衛局,地方防衛局,2025,2025,17
https://www.mod.go.jp/rdb/tohoku/contract/result/keiyaku/25-11-3.pdf,pdf,rdb_tohoku,東北防衛局,地方防衛局,2025,2025,3
https://www.mod.go.jp/rdb/tohoku/contract/result/keiyaku/25-12-1.pdf,pdf,rdb_tohoku,東北防衛局,地方防衛局,2025,2025,3
https://www.mod.go.jp/rdb/tohoku/contract/result/keiyaku/25-12-3.pdf,pdf,rdb_tohoku,東北防衛局,地方防衛局,2025,2025,1
https://www.mod.go.jp/rdb/tohoku/contract/result/keiyaku/25-2-1.pdf,pdf,rdb_tohoku,東北防衛局,地方防衛局,2024,2024,32
https://www.mod.go.jp/rdb/tohoku/contract/result/keiyaku/25-3-1.pdf,pdf,rdb_tohoku,東北防衛局,地方防衛局,2024,2024,33
https://www.mod.go.jp/rdb/tohoku/contract/result/keiyaku/25-3-2.pdf,pdf,rdb_tohoku,東北防衛局,地方防衛局,2024,2024,4
https://www.mod.go.jp/rdb/tohoku/contract/result/keiyaku/25-4-3.pdf,pdf,rdb_tohoku,東北防衛局,地方防衛局,2025,2025,12
https://www.mod.go.jp/rdb/tohoku/contract/result/keiyaku/25-4-4.pdf,pdf,rdb_tohoku,東北防衛局,地方防衛局,2025,2025,17
https://www.mod.go.jp/rdb/tohoku/contract/result/keiyaku/25-5-1.pdf,pdf,rdb_tohoku,東北防衛局,地方防衛局,2025,2025,5
https://www.mod.go.jp/rdb/tohoku/contract/result/keiyaku/25-5-3.pdf,pdf,rdb_tohoku,東北防衛局,地方防衛局,2025,2025,11
https://www.mod.go.jp/rdb/tohoku/contract/result/keiyaku/25-6-1.pdf,pdf,rdb_tohoku,東北防衛局,地方防衛局,2025,2025,6
https://www.mod.go.jp/rdb/tohoku/contract/result/keiyaku/25-7-3.pdf,pdf,rdb_tohoku,東北防衛局,地方防衛局,2025,2025,2
https://www.mod.go.jp/rdb/tohoku/contract/result/keiyaku/25-8-1.pdf,pdf,rdb_tohoku,東北防衛局,地方防衛局,2025,2025,10
https://www.mod.go.jp/rdb/tohoku/contract/result/keiyaku/25-8-3.pdf,pdf,rdb_tohoku,東北防衛局,地方防衛局,2025,2025,2
https://www.mod.go.jp/rdb/tohoku/contract/result/keiyaku/25-9-1.pdf,pdf,rdb_tohoku,東北防衛局,地方防衛局,2025,2025,25
https://www.mod.go.jp/rdb/tohoku/contract/result/keiyaku/25-9-2.pdf,pdf,rdb_tohoku,東北防衛局,地方防衛局,2025,2025,1
https://www.mod.go.jp/rdb/tohoku/contract/result/keiyaku/25-9-3.pdf,pdf,rdb_tohoku,東北防衛局,地方防衛局,2025,2025,1
https://www.mod.go.jp/rdb/tohoku/contract/result/keiyaku/26-1-1.pdf,pdf,rdb_tohoku,東北防衛局,地方防衛局,2025,2025,18
https://www.mod.go.jp/rdb/tohoku/contract/result/keiyaku/26-2-1.pdf,pdf,rdb_tohoku,東北防衛局,地方防衛局,2025,2025,22
https://www.mod.go.jp/rdb/tohoku/contract/result/keiyaku/26-2-2.pdf,pdf,rdb_tohoku,東北防衛局,地方防衛局,2025,2025,2
https://www.mod.go.jp/rdb/tohoku/contract/result/keiyaku/26-2-3.pdf,pdf,rdb_tohoku,東北防衛局,地方防衛局,2025,2025,1
https://www.mod.go.jp/rdb/tohoku/contract/result/keiyaku/26-3-1.pdf,pdf,rdb_tohoku,東北防衛局,地方防衛局,2025,2025,21
https://www.mod.go.jp/rdb/tohoku/contract/result/keiyaku/26-3-2.pdf,pdf,rdb_tohoku,東北防衛局,地方防衛局,2025,2025,6
https://www.mod.go.jp/rdb/tokai/contract/constraction/information/keiyakujouhou202408.pdf,pdf,rdb_tokai,東海防衛支局,地方防衛局,2024,2024,1
https://www.mod.go.jp/rdb/tokai/contract/constraction/information/keiyakujouhou202412-buppinekimu.pdf,pdf,rdb_tokai,東海防衛支局,地方防衛局,2024,2024,3
https://www.mod.go.jp/rdb/tokai/contract/constraction/information/keiyakujouhou202412-kouji.pdf,pdf,rdb_tokai,東海防衛支局,地方防衛局,2024,2024,1
https://www.mod.go.jp/rdb/tokai/contract/constraction/information/kyousounyusatu202406.pdf,pdf,rdb_tokai,東海防衛支局,地方防衛局,2024,2024,2
https://www.mod.go.jp/rdb/tokai/contract/constraction/information/kyousounyusatujouhou202507.pdf,pdf,rdb_tokai,東海防衛支局,地方防衛局,2025,2025,1
https://www.mod.go.jp/rdb/tokai/contract/constraction/information/nyusatujouhou202502.pdf,pdf,rdb_tokai,東海防衛支局,地方防衛局,2024,2024,1
https://www.mod.go.jp/rdb/tokai/contract/constraction/information/nyusatujouhou202503.pdf,pdf,rdb_tokai,東海防衛支局,地方防衛局,2024,2024,1
https://www.mod.go.jp/rdb/tokai/contract/constraction/information/nyusatujouhou202504.pdf,pdf,rdb_tokai,東海防衛支局,地方防衛局,2025,2025,10
https://www.mod.go.jp/rdb/tokai/contract/constraction/information/nyusatukekka202601.pdf,pdf,rdb_tokai,東海防衛支局,地方防衛局,2025,2025,2
https://www.mod.go.jp/rdb/tokai/contract/constraction/information/nyuusatujouhou202410.pdf,pdf,rdb_tokai,東海防衛支局,地方防衛局,2024,2024,3
https://www.mod.go.jp/rdb/tokai/contract/constraction/information/nyuusatujouhou202411.pdf,pdf,rdb_tokai,東海防衛支局,地方防衛局,2024,2024,1
https://www.mod.go.jp/rdb/tokai/contract/constraction/information/nyuusatujouhou2025-05.pdf,pdf,rdb_tokai,東海防衛支局,地方防衛局,2025,2025,1
https://www.mod.go.jp/rdb/tokai/contract/constraction/information/nyuusatujouhou202506.pdf,pdf,rdb_tokai,東海防衛支局,地方防衛局,2025,2025,2
https://www.mod.go.jp/rdb/tokai/contract/constraction/information/nyuusatujouhou202511.pdf,pdf,rdb_tokai,東海防衛支局,地方防衛局,2025,2025,1
https://www.mod.go.jp/rdb/tokai/contract/constraction/information/nyuusatukaikei2024-01.pdf,pdf,rdb_tokai,東海防衛支局,地方防衛局,2024,2024,1
https://www.mod.go.jp/rdb/tokai/contract/constraction/information/nyuusatukaikei2024-02.pdf,pdf,rdb_tokai,東海防衛支局,地方防衛局,2023,2023,2
https://www.mod.go.jp/rdb/tokai/contract/constraction/information/nyuusatukaikei2024-03.pdf,pdf,rdb_tokai,東海防衛支局,地方防衛局,2023,2023,1
https://www.mod.go.jp/rdb/tokai/contract/constraction/information/nyuusatukaikei2024-04.pdf,pdf,rdb_tokai,東海防衛支局,地方防衛局,2023,2023,2
https://www.mod.go.jp/rdb/tokai/contract/constraction/information/nyuusatukaikei2024-05.pdf,pdf,rdb_tokai,東海防衛支局,地方防衛局,2022,2022,1
https://www.mod.go.jp/rdb/tokai/contract/constraction/information/nyuusatukaikei2024-06.pdf,pdf,rdb_tokai,東海防衛支局,地方防衛局,2024,2024,3
https://www.mod.go.jp/rdb/tokai/contract/constraction/information/nyuusatukaikei2024-07.pdf,pdf,rdb_tokai,東海防衛支局,地方防衛局,2023,2023,1
https://www.mod.go.jp/rdb/tokai/contract/constraction/information/nyuusatukaikei2024-08.pdf,pdf,rdb_tokai,東海防衛支局,地方防衛局,2023,2023,1
https://www.mod.go.jp/rdb/tokai/contract/constraction/information/nyuusatukaikei2024-09.pdf,pdf,rdb_tokai,東海防衛支局,地方防衛局,2023,2023,2
https://www.mod.go.jp/rdb/tokai/contract/constraction/information/nyuusatukaikei2024-10.pdf,pdf,rdb_tokai,東海防衛支局,地方防衛局,2023,2023,1
https://www.mod.go.jp/rdb/tokai/contract/constraction/information/nyuusatukaikei2024-11.pdf,pdf,rdb_tokai,東海防衛支局,地方防衛局,2023,2023,3
https://www.mod.go.jp/rdb/tokai/contract/constraction/information/nyuusatukaikei2024-12.pdf,pdf,rdb_tokai,東海防衛支局,地方防衛局,2023,2023,2
https://www.mod.go.jp/rdb/tokai/contract/constraction/information/nyuusatukaikei2024-13.pdf,pdf,rdb_tokai,東海防衛支局,地方防衛局,2023,2023,2
https://www.mod.go.jp/rdb/tokai/contract/constraction/information/nyuusatukaikei2024-14.pdf,pdf,rdb_tokai,東海防衛支局,地方防衛局,2023,2023,3
https://www.mod.go.jp/rdb/tokai/contract/constraction/information/nyuusatusisetu2024-01.pdf,pdf,rdb_tokai,東海防衛支局,地方防衛局,2024,2024,8
https://www.mod.go.jp/rdb/tokai/contract/constraction/information/zuiikeiyakujouhou202504.pdf,pdf,rdb_tokai,東海防衛支局,地方防衛局,2025,2025,8
https://www.mod.go.jp/rdb/tokai/contract/constraction/result/2022_gyomu/,html,rdb_tokai,東海防衛支局,地方防衛局,2022,2022,1
https://www.mod.go.jp/rdb/tokai/contract/constraction/result/2022_koji/,html,rdb_tokai,東海防衛支局,地方防衛局,2022,2022,3
https://www.mod.go.jp/rdb/tokai/contract/constraction/result/2023_gyomu/,html,rdb_tokai,東海防衛支局,地方防衛局,2023,2023,2
https://www.mod.go.jp/rdb/tokai/contract/constraction/result/2023_koji/,html,rdb_tokai,東海防衛支局,地方防衛局,2023,2023,3
https://www.mod.go.jp/rdb/tokai/contract/constraction/result/2024_gyomu/,html,rdb_tokai,東海防衛支局,地方防衛局,2024,2024,1
https://www.mod.go.jp/rdb/tokai/contract/constraction/result/2024_koji/,html,rdb_tokai,東海防衛支局,地方防衛局,2024,2024,3
https://www.mod.go.jp/rdb/tokai/contract/constraction/result/2025_gyomu/,html,rdb_tokai,東海防衛支局,地方防衛局,2025,2025,1
https://www.mod.go.jp/rdb/tokai/contract/constraction/result/2025_koji/,html,rdb_tokai,東海防衛支局,地方防衛局,2025,2025,2
https://www.mod.go.jp/gsdf/neae/koukoku/fin/tekiseika_kouhyou/r04_nendo/040425-387-koukyou3.pdf,pdf,tohoku_kaikei,東北方面会計隊,陸上自衛隊,2022,2022,6
https://www.mod.go.jp/gsdf/neae/koukoku/fin/tekiseika_kouhyou/r04_nendo/041202-383-butu-koukyou.pdf,pdf,tohoku_kaikei,東北方面会計隊,陸上自衛隊,2022,2022,8
https://www.mod.go.jp/gsdf/neae/koukoku/fin/tekiseika_kouhyou/r04_nendo/041202-384-butu-koukyou.pdf,pdf,tohoku_kaikei,東北方面会計隊,陸上自衛隊,2022,2022,39
https://www.mod.go.jp/gsdf/neae/koukoku/fin/tekiseika_kouhyou/r04_nendo/041202-384-kouji-koukyou.pdf,pdf,tohoku_kaikei,東北方面会計隊,陸上自衛隊,2022,2022,6
https://www.mod.go.jp/gsdf/neae/koukoku/fin/tekiseika_kouhyou/r04_nendo/041205-389-koukyou-butu.pdf,pdf,tohoku_kaikei,東北方面会計隊,陸上自衛隊,2022,2022,3
https://www.mod.go.jp/gsdf/neae/koukoku/fin/tekiseika_kouhyou/r04_nendo/041207-380-koukyou-butu.pdf,pdf,tohoku_kaikei,東北方面会計隊,陸上自衛隊,2022,2022,18
https://www.mod.go.jp/gsdf/neae/koukoku/fin/tekiseika_kouhyou/r04_nendo/041207-381-koukyou-butu.pdf,pdf,tohoku_kaikei,東北方面会計隊,陸上自衛隊,2022,2022,12
https://www.mod.go.jp/gsdf/neae/koukoku/fin/tekiseika_kouhyou/r04_nendo/041207-381h-koukyou-butu.pdf,pdf,tohoku_kaikei,東北方面会計隊,陸上自衛隊,2022,2022,15
https://www.mod.go.jp/gsdf/neae/koukoku/fin/tekiseika_kouhyou/r04_nendo/041207-401-koukyou-butu.pdf,pdf,tohoku_kaikei,東北方面会計隊,陸上自衛隊,2022,2022,25
https://www.mod.go.jp/gsdf/neae/koukoku/fin/tekiseika_kouhyou/r04_nendo/041223-380h-koukyou.pdf,pdf,tohoku_kaikei,東北方面会計隊,陸上自衛隊,2022,2022,21
https://www.mod.go.jp/gsdf/neae/koukoku/fin/tekiseika_kouhyou/r04_nendo/050118-383-koukyou.pdf,pdf,tohoku_kaikei,東北方面会計隊,陸上自衛隊,2022,2022,4
https://www.mod.go.jp/gsdf/neae/koukoku/fin/tekiseika_kouhyou/r04_nendo/050118-384-koukyou.pdf,pdf,tohoku_kaikei,東北方面会計隊,陸上自衛隊,2022,2022,1
https://www.mod.go.jp/gsdf/neae/koukoku/fin/tekiseika_kouhyou/r04_nendo/050118-416h-koukyou.pdf,pdf,tohoku_kaikei,東北方面会計隊,陸上自衛隊,2022,2022,14
https://www.mod.go.jp/gsdf/neae/koukoku/fin/tekiseika_kouhyou/r04_nendo/050131-380-koukyou-butu-zui4.pdf,pdf,tohoku_kaikei,東北方面会計隊,陸上自衛隊,2022,2022,2
https://www.mod.go.jp/gsdf/neae/koukoku/fin/tekiseika_kouhyou/r04_nendo/050203-380-koukyou-butu.pdf,pdf,tohoku_kaikei,東北方面会計隊,陸上自衛隊,2022,2022,6
https://www.mod.go.jp/gsdf/neae/koukoku/fin/tekiseika_kouhyou/r04_nendo/050203-380h-koukyou-butu.pdf,pdf,tohoku_kaikei,東北方面会計隊,陸上自衛隊,2022,2022,3
https://www.mod.go.jp/gsdf/neae/koukoku/fin/tekiseika_kouhyou/r04_nendo/050203-383-koukyou-butu.pdf,pdf,tohoku_kaikei,東北方面会計隊,陸上自衛隊,2022,2022,2
https://www.mod.go.jp/gsdf/neae/koukoku/fin/tekiseika_kouhyou/r04_nendo/050203-384-koukyou-butu.pdf,pdf,tohoku_kaikei,東北方面会計隊,陸上自衛隊,2022,2022,9
https://www.mod.go.jp/gsdf/neae/koukoku/fin/tekiseika_kouhyou/r04_nendo/050203-387-koukyou-kouji.pdf,pdf,tohoku_kaikei,東北方面会計隊,陸上自衛隊,2022,2022,5
https://www.mod.go.jp/gsdf/neae/koukoku/fin/tekiseika_kouhyou/r04_nendo/050206-381h-koukyou-butu.pdf,pdf,tohoku_kaikei,東北方面会計隊,陸上自衛隊,2022,2022,7
https://www.mod.go.jp/gsdf/neae/koukoku/fin/tekiseika_kouhyou/r04_nendo/050206-389-koukyou-butu.pdf,pdf,tohoku_kaikei,東北方面会計隊,陸上自衛隊,2022,2022,3
https://www.mod.go.jp/gsdf/neae/koukoku/fin/tekiseika_kouhyou/r04_nendo/050207-sk-koukyou-butu-4.pdf,pdf,tohoku_kaikei,東北方面会計隊,陸上自衛隊,2022,2022,3
https://www.mod.go.jp/gsdf/neae/koukoku/fin/tekiseika_kouhyou/r04_nendo/050207-sk-koukyou-butu-6.pdf,pdf,tohoku_kaikei,東北方面会計隊,陸上自衛隊,2022,2022,1
https://www.mod.go.jp/gsdf/neae/koukoku/fin/tekiseika_kouhyou/r04_nendo/050207-sk-koukyou-butu-8.pdf,pdf,tohoku_kaikei,東北方面会計隊,陸上自衛隊,2022,2022,2
https://www.mod.go.jp/gsdf/neae/koukoku/fin/tekiseika_kouhyou/r04_nendo/050208-381-koukyou-butu.pdf,pdf,tohoku_kaikei,東北方面会計隊,陸上自衛隊,2022,2022,12
https://www.mod.go.jp/gsdf/neae/koukoku/fin/tekiseika_kouhyou/r04_nendo/050208-381-koukyou-kouji.pdf,pdf,tohoku_kaikei,東北方面会計隊,陸上自衛隊,2022,2022,2
https://www.mod.go.jp/gsdf/neae/koukoku/fin/tekiseika_kouhyou/r04_nendo/050208-389-koukyou-butu-12.pdf,pdf,tohoku_kaikei,東北方面会計隊,陸上自衛隊,2022,2022,2
https://www.mod.go.jp/gsdf/neae/koukoku/fin/tekiseika_kouhyou/r04_nendo/050208-389-koukyou-butu-8.pdf,pdf,tohoku_kaikei,東北方面会計隊,陸上自衛隊,2022,2022,1
https://www.mod.go.jp/gsdf/neae/koukoku/fin/tekiseika_kouhyou/r04_nendo/050208-389-koukyou-butu-zui-10.pdf,pdf,tohoku_kaikei,東北方面会計隊,陸上自衛隊,2022,2022,1
https://www.mod.go.jp/gsdf/neae/koukoku/fin/tekiseika_kouhyou/r04_nendo/050215-401-koukyou-butu.pdf,pdf,tohoku_kaikei,東北方面会計隊,陸上自衛隊,2022,2022,9
https://www.mod.go.jp/gsdf/neae/koukoku/fin/tekiseika_kouhyou/r04_nendo/050228-416-koukyou-butu1.pdf,pdf,tohoku_kaikei,東北方面会計隊,陸上自衛隊,2022,2022,10
https://www.mod.go.jp/gsdf/neae/koukoku/fin/tekiseika_kouhyou/r04_nendo/050228-416-koukyou-butu2.pdf,pdf,tohoku_kaikei,東北方面会計隊,陸上自衛隊,2022,2022,5
https://www.mod.go.jp/gsdf/neae/koukoku/fin/tekiseika_kouhyou/r04_nendo/050228-416-koukyou-kouji.pdf,pdf,tohoku_kaikei,東北方面会計隊,陸上自衛隊,2022,2022,2
https://www.mod.go.jp/gsdf/neae/koukoku/fin/tekiseika_kouhyou/r04_nendo/380-koukyou-koji-09.pdf,pdf,tohoku_kaikei,東北方面会計隊,陸上自衛隊,2022,2022,4
https://www.mod.go.jp/gsdf/neae/koukoku/fin/tekiseika_kouhyou/r04_nendo/381-12-butu.pdf,pdf,tohoku_kaikei,東北方面会計隊,陸上自衛隊,2023,2023,2
https://www.mod.go.jp/gsdf/neae/koukoku/fin/tekiseika_kouhyou/r04_nendo/381-koji.pdf,pdf,tohoku_kaikei,東北方面会計隊,陸上自衛隊,2022,2022,1
https://www.mod.go.jp/gsdf/neae/koukoku/fin/tekiseika_kouhyou/r04_nendo/381-zui.pdf,pdf,tohoku_kaikei,東北方面会計隊,陸上自衛隊,2022,2022,3
https://www.mod.go.jp/gsdf/neae/koukoku/fin/tekiseika_kouhyou/r04_nendo/381t-12-koji.pdf,pdf,tohoku_kaikei,東北方面会計隊,陸上自衛隊,2022,2022,4
https://www.mod.go.jp/gsdf/neae/koukoku/fin/tekiseika_kouhyou/r04_nendo/381t-kokyo-2.pdf,pdf,tohoku_kaikei,東北方面会計隊,陸上自衛隊,2022,2022,6
https://www.mod.go.jp/gsdf/neae/koukoku/fin/tekiseika_kouhyou/r04_nendo/383-koukyou-koji-10.pdf,pdf,tohoku_kaikei,東北方面会計隊,陸上自衛隊,2022,2022,1
https://www.mod.go.jp/gsdf/neae/koukoku/fin/tekiseika_kouhyou/r04_nendo/387-12-butu.pdf,pdf,tohoku_kaikei,東北方面会計隊,陸上自衛隊,2022,2022,8
https://www.mod.go.jp/gsdf/neae/koukoku/fin/tekiseika_kouhyou/r04_nendo/4koukyou040906-384-butu-6.pdf,warp_crawler,tohoku_kaikei,東北方面会計隊,陸上自衛隊,2022,2022,1
https://www.mod.go.jp/gsdf/neae/koukoku/fin/tekiseika_kouhyou/r04_nendo/4koukyou040906-384-kouzi-8.pdf,pdf,tohoku_kaikei,東北方面会計隊,陸上自衛隊,2022,2022,1
https://www.mod.go.jp/gsdf/neae/koukoku/fin/tekiseika_kouhyou/r04_nendo/hosp-12-butu.pdf,pdf,tohoku_kaikei,東北方面会計隊,陸上自衛隊,2022,2022,2
https://www.mod.go.jp/gsdf/neae/koukoku/fin/tekiseika_kouhyou/r04_nendo/hosp-koukyou-1.pdf,pdf,tohoku_kaikei,東北方面会計隊,陸上自衛隊,2022,2022,1
https://www.mod.go.jp/gsdf/neae/koukoku/fin/tekiseika_kouhyou/r04_nendo/koukyou040509-383.pdf,pdf,tohoku_kaikei,東北方面会計隊,陸上自衛隊,2022,2022,3
https://www.mod.go.jp/gsdf/neae/koukoku/fin/tekiseika_kouhyou/r04_nendo/koukyou040509-387h.pdf,pdf,tohoku_kaikei,東北方面会計隊,陸上自衛隊,2022,2022,1
https://www.mod.go.jp/gsdf/neae/koukoku/fin/tekiseika_kouhyou/r04_nendo/koukyou040510-sb-nyuu.pdf,pdf,tohoku_kaikei,東北方面会計隊,陸上自衛隊,2022,2022,3
https://www.mod.go.jp/gsdf/neae/koukoku/fin/tekiseika_kouhyou/r04_nendo/koukyou040510-sb-zui.pdf,pdf,tohoku_kaikei,東北方面会計隊,陸上自衛隊,2022,2022,2
https://www.mod.go.jp/gsdf/neae/koukoku/fin/tekiseika_kouhyou/r04_nendo/koukyou040531-381h-butu.pdf,pdf,tohoku_kaikei,東北方面会計隊,陸上自衛隊,2022,2022,5
https://www.mod.go.jp/gsdf/neae/koukoku/fin/tekiseika_kouhyou/r04_nendo/koukyou040531-381h-kouzi.pdf,pdf,tohoku_kaikei,東北方面会計隊,陸上自衛隊,2022,2022,1
https://www.mod.go.jp/gsdf/neae/koukoku/fin/tekiseika_kouhyou/r04_nendo/koukyou040531-381h-zui.pdf,pdf,tohoku_kaikei,東北方面会計隊,陸上自衛隊,2022,2022,2
https://www.mod.go.jp/gsdf/neae/koukoku/fin/tekiseika_kouhyou/r04_nendo/koukyou040601-383-butu.pdf,pdf,tohoku_kaikei,東北方面会計隊,陸上自衛隊,2022,2022,3
https://www.mod.go.jp/gsdf/neae/koukoku/fin/tekiseika_kouhyou/r04_nendo/koukyou040601-389-butu.pdf,pdf,tohoku_kaikei,東北方面会計隊,陸上自衛隊,2022,2022,8
https://www.mod.go.jp/gsdf/neae/koukoku/fin/tekiseika_kouhyou/r04_nendo/koukyou040601-389-zui.pdf,pdf,tohoku_kaikei,東北方面会計隊,陸上自衛隊,2022,2022,7
https://www.mod.go.jp/gsdf/neae/koukoku/fin/tekiseika_kouhyou/r04_nendo/koukyou040603-401-zui.pdf,pdf,tohoku_kaikei,東北方面会計隊,陸上自衛隊,2022,2022,6
https://www.mod.go.jp/gsdf/neae/koukoku/fin/tekiseika_kouhyou/r04_nendo/koukyou040621-416-butu.pdf,pdf,tohoku_kaikei,東北方面会計隊,陸上自衛隊,2022,2022,5
https://www.mod.go.jp/gsdf/neae/koukoku/fin/tekiseika_kouhyou/r04_nendo/koukyou040621-416-zui.pdf,pdf,tohoku_kaikei,東北方面会計隊,陸上自衛隊,2022,2022,3
https://www.mod.go.jp/gsdf/neae/koukoku/fin/tekiseika_kouhyou/r04_nendo/koukyou040622-389-butu.pdf,pdf,tohoku_kaikei,東北方面会計隊,陸上自衛隊,2022,2022,4
https://www.mod.go.jp/gsdf/neae/koukoku/fin/tekiseika_kouhyou/r04_nendo/koukyou040701-401-butu.pdf,pdf,tohoku_kaikei,東北方面会計隊,陸上自衛隊,2022,2022,7
https://www.mod.go.jp/gsdf/neae/koukoku/fin/tekiseika_kouhyou/r04_nendo/koukyou040705-387-butu.pdf,pdf,tohoku_kaikei,東北方面会計隊,陸上自衛隊,2022,2022,6
https://www.mod.go.jp/gsdf/neae/koukoku/fin/tekiseika_kouhyou/r04_nendo/koukyou040706-381h-kouzi.pdf,pdf,tohoku_kaikei,東北方面会計隊,陸上自衛隊,2022,2022,1
https://www.mod.go.jp/gsdf/neae/koukoku/fin/tekiseika_kouhyou/r04_nendo/koukyou040726-387-butu.pdf,pdf,tohoku_kaikei,東北方面会計隊,陸上自衛隊,2022,2022,2
https://www.mod.go.jp/gsdf/neae/koukoku/fin/tekiseika_kouhyou/r04_nendo/koukyou040726-387-kyoukou.pdf,pdf,tohoku_kaikei,東北方面会計隊,陸上自衛隊,2022,2022,2
https://www.mod.go.jp/gsdf/neae/koukoku/fin/tekiseika_kouhyou/r04_nendo/koukyou040726-401-butu.pdf,pdf,tohoku_kaikei,東北方面会計隊,陸上自衛隊,2022,2022,1
https://www.mod.go.jp/gsdf/neae/koukoku/fin/tekiseika_kouhyou/r04_nendo/koukyou040801-sb-tenn.pdf,pdf,tohoku_kaikei,東北方面会計隊,陸上自衛隊,2022,2022,1
https://www.mod.go.jp/gsdf/neae/koukoku/fin/tekiseika_kouhyou/r04_nendo/koukyou040804-389-butu.pdf,pdf,tohoku_kaikei,東北方面会計隊,陸上自衛隊,2022,2022,1
https://www.mod.go.jp/gsdf/neae/koukoku/fin/tekiseika_kouhyou/r04_nendo/koukyou040826-butu.pdf,pdf,tohoku_kaikei,東北方面会計隊,陸上自衛隊,2022,2022,1
https://www.mod.go.jp/gsdf/neae/koukoku/fin/tekiseika_kouhyou/r04_nendo/koukyou040826-miya-zui.pdf,pdf,tohoku_kaikei,東北方面会計隊,陸上自衛隊,2022,2022,1
https://www.mod.go.jp/gsdf/neae/koukoku/fin/tekiseika_kouhyou/r04_nendo/koukyou040901-sb-butu.pdf,pdf,tohoku_kaikei,東北方面会計隊,陸上自衛隊,2022,2022,1
https://www.mod.go.jp/gsdf/neae/koukoku/fin/tekiseika_kouhyou/r04_nendo/koukyou040907-389-butu.pdf,pdf,tohoku_kaikei,東北方面会計隊,陸上自衛隊,2022,2022,2
https://www.mod.go.jp/gsdf/neae/koukoku/fin/tekiseika_kouhyou/r04_nendo/koukyou040907-401-kouzibutu.pdf,pdf,tohoku_kaikei,東北方面会計隊,陸上自衛隊,2022,2022,1
https://www.mod.go.jp/gsdf/neae/koukoku/fin/tekiseika_kouhyou/r04_nendo/koukyou040907-416h-butu8.pdf,pdf,tohoku_kaikei,東北方面会計隊,陸上自衛隊,2022,2022,3
https://www.mod.go.jp/gsdf/neae/koukoku/fin/tekiseika_kouhyou/r04_nendo/koukyou040907-416h-zui8.pdf,pdf,tohoku_kaikei,東北方面会計隊,陸上自衛隊,2022,2022,4
https://www.mod.go.jp/gsdf/neae/koukoku/fin/tekiseika_kouhyou/r04_nendo/koukyou041003-sb-butu.pdf,pdf,tohoku_kaikei,東北方面会計隊,陸上自衛隊,2022,2022,1
https://www.mod.go.jp/gsdf/neae/koukoku/fin/tekiseika_kouhyou/r04_nendo/koukyou041005-380h-butu.pdf,pdf,tohoku_kaikei,東北方面会計隊,陸上自衛隊,2022,2022,1
https://www.mod.go.jp/gsdf/neae/koukoku/fin/tekiseika_kouhyou/r04_nendo/koukyou041005-380h-zui.pdf,pdf,tohoku_kaikei,東北方面会計隊,陸上自衛隊,2022,2022,3
https://www.mod.go.jp/gsdf/neae/koukoku/fin/tekiseika_kouhyou/r04_nendo/koukyou041031-380h-kouzui.pdf,pdf,tohoku_kaikei,東北方面会計隊,陸上自衛隊,2022,2022,3
https://www.mod.go.jp/gsdf/neae/koukoku/fin/tekiseika_kouhyou/r04_nendo/koukyou041102-sb-butu.pdf,pdf,tohoku_kaikei,東北方面会計隊,陸上自衛隊,2022,2022,2
https://www.mod.go.jp/gsdf/neae/koukoku/fin/tekiseika_kouhyou/r04_nendo/koukyou041201-sb-butu.pdf,pdf,tohoku_kaikei,東北方面会計隊,陸上自衛隊,2022,2022,1
https://www.mod.go.jp/gsdf/neae/koukoku/fin/tekiseika_kouhyou/r04_nendo/koukyou050301-380h-butu.pdf,pdf,tohoku_kaikei,東北方面会計隊,陸上自衛隊,2022,2022,7
https://www.mod.go.jp/gsdf/neae/koukoku/fin/tekiseika_kouhyou/r04_nendo/koukyou050302-380-butu.pdf,pdf,tohoku_kaikei,東北方面会計隊,陸上自衛隊,2022,2022,9
https://www.mod.go.jp/gsdf/neae/koukoku/fin/tekiseika_kouhyou/r04_nendo/koukyou050302-384-butu.pdf,pdf,tohoku_kaikei,東北方面会計隊,陸上自衛隊,2022,2022,5
https://www.mod.go.jp/gsdf/neae/koukoku/fin/tekiseika_kouhyou/r04_nendo/koukyou050302-384-koubutu.pdf,pdf,tohoku_kaikei,東北方面会計隊,陸上自衛隊,2022,2022,2
https://www.mod.go.jp/gsdf/neae/koukoku/fin/tekiseika_kouhyou/r04_nendo/koukyou050305-416h-butu.pdf,pdf,tohoku_kaikei,東北方面会計隊,陸上自衛隊,2022,2022,2
https://www.mod.go.jp/gsdf/neae/koukoku/fin/tekiseika_kouhyou/r04_nendo/koukyou050305-416h-koubutu.pdf,pdf,tohoku_kaikei,東北方面会計隊,陸上自衛隊,2022,2022,2
https://www.mod.go.jp/gsdf/neae/koukoku/fin/tekiseika_kouhyou/r04_nendo/koukyou050327-fhq-butu1.pdf,pdf,tohoku_kaikei,東北方面会計隊,陸上自衛隊,2022,2022,9
https://www.mod.go.jp/gsdf/neae/koukoku/fin/tekiseika_kouhyou/r04_nendo/koukyou050327-fhq-butu10.pdf,pdf,tohoku_kaikei,東北方面会計隊,陸上自衛隊,2022,2022,6
https://www.mod.go.jp/gsdf/neae/koukoku/fin/tekiseika_kouhyou/r04_nendo/koukyou050327-fhq-butu11.pdf,pdf,tohoku_kaikei,東北方面会計隊,陸上自衛隊,2022,2022,2
https://www.mod.go.jp/gsdf/neae/koukoku/fin/tekiseika_kouhyou/r04_nendo/koukyou050327-fhq-butu12.pdf,pdf,tohoku_kaikei,東北方面会計隊,陸上自衛隊,2022,2022,6
https://www.mod.go.jp/gsdf/neae/koukoku/fin/tekiseika_kouhyou/r04_nendo/koukyou050327-fhq-butu2.pdf,pdf,tohoku_kaikei,東北方面会計隊,陸上自衛隊,2022,2022,9
https://www.mod.go.jp/gsdf/neae/koukoku/fin/tekiseika_kouhyou/r04_nendo/koukyou050327-fhq-butu4.pdf,pdf,tohoku_kaikei,東北方面会計隊,陸上自衛隊,2022,2022,7
https://www.mod.go.jp/gsdf/neae/koukoku/fin/tekiseika_kouhyou/r04_nendo/koukyou050327-fhq-butu5.pdf,pdf,tohoku_kaikei,東北方面会計隊,陸上自衛隊,2022,2022,6
https://www.mod.go.jp/gsdf/neae/koukoku/fin/tekiseika_kouhyou/r04_nendo/koukyou050327-fhq-butu6.pdf,pdf,tohoku_kaikei,東北方面会計隊,陸上自衛隊,2022,2022,7
https://www.mod.go.jp/gsdf/neae/koukoku/fin/tekiseika_kouhyou/r04_nendo/koukyou050327-fhq-butu7.pdf,pdf,tohoku_kaikei,東北方面会計隊,陸上自衛隊,2022,2022,9
https://www.mod.go.jp/gsdf/neae/koukoku/fin/tekiseika_kouhyou/r04_nendo/koukyou050327-fhq-butu8.pdf,pdf,tohoku_kaikei,東北方面会計隊,陸上自衛隊,2022,2022,8
https://www.mod.go.jp/gsdf/neae/koukoku/fin/tekiseika_kouhyou/r04_nendo/koukyou050327-fhq-butu9.pdf,pdf,tohoku_kaikei,東北方面会計隊,陸上自衛隊,2022,2022,9
https://www.mod.go.jp/gsdf/neae/koukoku/fin/tekiseika_kouhyou/r04_nendo/koukyou050327-fhq-koubutu1.pdf,pdf,tohoku_kaikei,東北方面会計隊,陸上自衛隊,2022,2022,2
https://www.mod.go.jp/gsdf/neae/koukoku/fin/tekiseika_kouhyou/r04_nendo/koukyou050327-fhq-koubutu10.pdf,pdf,tohoku_kaikei,東北方面会計隊,陸上自衛隊,2022,2022,2
https://www.mod.go.jp/gsdf/neae/koukoku/fin/tekiseika_kouhyou/r04_nendo/koukyou050327-fhq-koubutu11.pdf,pdf,tohoku_kaikei,東北方面会計隊,陸上自衛隊,2022,2022,1
https://www.mod.go.jp/gsdf/neae/koukoku/fin/tekiseika_kouhyou/r04_nendo/koukyou050327-fhq-koubutu12.pdf,pdf,tohoku_kaikei,東北方面会計隊,陸上自衛隊,2022,2022,1
https://www.mod.go.jp/gsdf/neae/koukoku/fin/tekiseika_kouhyou/r04_nendo/koukyou050327-fhq-koubutu2.pdf,pdf,tohoku_kaikei,東北方面会計隊,陸上自衛隊,2022,2022,2
https://www.mod.go.jp/gsdf/neae/koukoku/fin/tekiseika_kouhyou/r04_nendo/koukyou050327-fhq-koubutu7.pdf,pdf,tohoku_kaikei,東北方面会計隊,陸上自衛隊,2022,2022,3
https://www.mod.go.jp/gsdf/neae/koukoku/fin/tekiseika_kouhyou/r04_nendo/koukyou050327-fhq-koubutu9.pdf,pdf,tohoku_kaikei,東北方面会計隊,陸上自衛隊,2022,2022,1
https://www.mod.go.jp/gsdf/neae/koukoku/fin/tekiseika_kouhyou/r04_nendo/koukyou050327-fhq-zui2.pdf,pdf,tohoku_kaikei,東北方面会計隊,陸上自衛隊,2022,2022,1
https://www.mod.go.jp/gsdf/neae/koukoku/fin/tekiseika_kouhyou/r04_nendo/koukyou050327-fhq-zui4.pdf,pdf,tohoku_kaikei,東北方面会計隊,陸上自衛隊,2022,2022,7
https://www.mod.go.jp/gsdf/neae/koukoku/fin/tekiseika_kouhyou/r04_nendo/koukyou050327-fhq-zui6.pdf,pdf,tohoku_kaikei,東北方面会計隊,陸上自衛隊,2022,2022,1
https://www.mod.go.jp/gsdf/neae/koukoku/fin/tekiseika_kouhyou/r04_nendo/koukyou050327-fhq-zui9.pdf,pdf,tohoku_kaikei,東北方面会計隊,陸上自衛隊,2022,2022,1
https://www.mod.go.jp/gsdf/neae/koukoku/fin/tekiseika_kouhyou/r04_nendo/koukyou050330-384-butu.pdf,pdf,tohoku_kaikei,東北方面会計隊,陸上自衛隊,2022,2022,4
https://www.mod.go.jp/gsdf/neae/koukoku/fin/tekiseika_kouhyou/r04_nendo/koukyou050330-384-koubutu.pdf,pdf,tohoku_kaikei,東北方面会計隊,陸上自衛隊,2022,2022,1
https://www.mod.go.jp/gsdf/neae/koukoku/fin/tekiseika_kouhyou/r04_nendo/koukyou050405-380-butu.pdf,pdf,tohoku_kaikei,東北方面会計隊,陸上自衛隊,2022,2022,10
https://www.mod.go.jp/gsdf/neae/koukoku/fin/tekiseika_kouhyou/r04_nendo/koukyou050405-383-butu.pdf,pdf,tohoku_kaikei,東北方面会計隊,陸上自衛隊,2022,2022,4
https://www.mod.go.jp/gsdf/neae/koukoku/fin/tekiseika_kouhyou/r04_nendo/koukyou050426-416-butu.pdf,pdf,tohoku_kaikei,東北方面会計隊,陸上自衛隊,2022,2022,1
https://www.mod.go.jp/gsdf/neae/koukoku/fin/tekiseika_kouhyou/r04_nendo/koukyou050427-387-butu.pdf,pdf,tohoku_kaikei,東北方面会計隊,陸上自衛隊,2022,2022,10
https://www.mod.go.jp/gsdf/neae/koukoku/fin/tekiseika_kouhyou/r04_nendo/koukyou050510-383-4butu.pdf,pdf,tohoku_kaikei,東北方面会計隊,陸上自衛隊,2022,2022,1
https://www.mod.go.jp/gsdf/neae/koukoku/fin/tekiseika_kouhyou/r04_nendo/koukyou050510-383-4zui.pdf,pdf,tohoku_kaikei,東北方面会計隊,陸上自衛隊,2022,2022,1
https://www.mod.go.jp/gsdf/neae/koukoku/fin/tekiseika_kouhyou/r04_nendo/koukyou050510-ao-butu.pdf,pdf,tohoku_kaikei,東北方面会計隊,陸上自衛隊,2022,2022,1
https://www.mod.go.jp/gsdf/neae/koukoku/fin/tekiseika_kouhyou/r04_nendo/koukyou050519-389-2butu.pdf,pdf,tohoku_kaikei,東北方面会計隊,陸上自衛隊,2022,2022,8
https://www.mod.go.jp/gsdf/neae/koukoku/fin/tekiseika_kouhyou/r04_nendo/koukyou050519-389-3butu.pdf,pdf,tohoku_kaikei,東北方面会計隊,陸上自衛隊,2022,2022,8
https://www.mod.go.jp/gsdf/neae/koukoku/fin/tekiseika_kouhyou/r04_nendo/koukyou050519-389-koubutu.pdf,pdf,tohoku_kaikei,東北方面会計隊,陸上自衛隊,2022,2022,2
https://www.mod.go.jp/gsdf/neae/koukoku/fin/tekiseika_kouhyou/r04_nendo/koukyou050522-fhq-butu.pdf,pdf,tohoku_kaikei,東北方面会計隊,陸上自衛隊,2022,2022,7
https://www.mod.go.jp/gsdf/neae/koukoku/fin/tekiseika_kouhyou/r04_nendo/koukyou051204-381-4butu1.pdf,pdf,tohoku_kaikei,東北方面会計隊,陸上自衛隊,2022,2022,8
https://www.mod.go.jp/gsdf/neae/koukoku/fin/tekiseika_kouhyou/r04_nendo/koukyou051204-381-4butu2.pdf,pdf,tohoku_kaikei,東北方面会計隊,陸上自衛隊,2022,2022,7
https://www.mod.go.jp/gsdf/neae/koukoku/fin/tekiseika_kouhyou/r05_nendo/1387-8-koji.pdf,pdf,tohoku_kaikei,東北方面会計隊,陸上自衛隊,2023,2023,8
https://www.mod.go.jp/gsdf/neae/koukoku/fin/tekiseika_kouhyou/r05_nendo/3387-12-buppin.pdf,pdf,tohoku_kaikei,東北方面会計隊,陸上自衛隊,2023,2023,19
https://www.mod.go.jp/gsdf/neae/koukoku/fin/tekiseika_kouhyou/r05_nendo/3387-12-koji.pdf,pdf,tohoku_kaikei,東北方面会計隊,陸上自衛隊,2023,2023,11
https://www.mod.go.jp/gsdf/neae/koukoku/fin/tekiseika_kouhyou/r05_nendo/380-1-butu.pdf,pdf,tohoku_kaikei,東北方面会計隊,陸上自衛隊,2023,2023,36
https://www.mod.go.jp/gsdf/neae/koukoku/fin/tekiseika_kouhyou/r05_nendo/380h-butu-1.pdf,pdf,tohoku_kaikei,東北方面会計隊,陸上自衛隊,2023,2023,26
https://www.mod.go.jp/gsdf/neae/koukoku/fin/tekiseika_kouhyou/r05_nendo/380h-butu-2.pdf,pdf,tohoku_kaikei,東北方面会計隊,陸上自衛隊,2023,2023,9
https://www.mod.go.jp/gsdf/neae/koukoku/fin/tekiseika_kouhyou/r05_nendo/380h-butu1-3.pdf,pdf,tohoku_kaikei,東北方面会計隊,陸上自衛隊,2023,2023,2
https://www.mod.go.jp/gsdf/neae/koukoku/fin/tekiseika_kouhyou/r05_nendo/380h-kokyo-koji.pdf,pdf,tohoku_kaikei,東北方面会計隊,陸上自衛隊,2023,2023,4
https://www.mod.go.jp/gsdf/neae/koukoku/fin/tekiseika_kouhyou/r05_nendo/381-1-butu.pdf,pdf,tohoku_kaikei,東北方面会計隊,陸上自衛隊,2023,2023,8
https://www.mod.go.jp/gsdf/neae/koukoku/fin/tekiseika_kouhyou/r05_nendo/381-11-butu.pdf,pdf,tohoku_kaikei,東北方面会計隊,陸上自衛隊,2023,2023,2
https://www.mod.go.jp/gsdf/neae/koukoku/fin/tekiseika_kouhyou/r05_nendo/381-4-butu.pdf,pdf,tohoku_kaikei,東北方面会計隊,陸上自衛隊,2023,2023,12
https://www.mod.go.jp/gsdf/neae/koukoku/fin/tekiseika_kouhyou/r05_nendo/381-5-butu.pdf,pdf,tohoku_kaikei,東北方面会計隊,陸上自衛隊,2023,2023,3
https://www.mod.go.jp/gsdf/neae/koukoku/fin/tekiseika_kouhyou/r05_nendo/381-6-butu.pdf,pdf,tohoku_kaikei,東北方面会計隊,陸上自衛隊,2023,2023,2
https://www.mod.go.jp/gsdf/neae/koukoku/fin/tekiseika_kouhyou/r05_nendo/381-7-butu.pdf,pdf,tohoku_kaikei,東北方面会計隊,陸上自衛隊,2023,2023,4
https://www.mod.go.jp/gsdf/neae/koukoku/fin/tekiseika_kouhyou/r05_nendo/381-8-butu.pdf,pdf,tohoku_kaikei,東北方面会計隊,陸上自衛隊,2023,2023,1
https://www.mod.go.jp/gsdf/neae/koukoku/fin/tekiseika_kouhyou/r05_nendo/381-9-butu.pdf,pdf,tohoku_kaikei,東北方面会計隊,陸上自衛隊,2023,2023,3
https://www.mod.go.jp/gsdf/neae/koukoku/fin/tekiseika_kouhyou/r05_nendo/381-butu-2.pdf,pdf,tohoku_kaikei,東北方面会計隊,陸上自衛隊,2023,2023,16
https://www.mod.go.jp/gsdf/neae/koukoku/fin/tekiseika_kouhyou/r05_nendo/381f-kokyo-12-butu.pdf,pdf,tohoku_kaikei,東北方面会計隊,陸上自衛隊,2023,2023,18
https://www.mod.go.jp/gsdf/neae/koukoku/fin/tekiseika_kouhyou/r05_nendo/381f-kokyo-12-koji.pdf,pdf,tohoku_kaikei,東北方面会計隊,陸上自衛隊,2023,2023,6
https://www.mod.go.jp/gsdf/neae/koukoku/fin/tekiseika_kouhyou/r05_nendo/381t-7-butu.pdf,pdf,tohoku_kaikei,東北方面会計隊,陸上自衛隊,2023,2023,7
https://www.mod.go.jp/gsdf/neae/koukoku/fin/tekiseika_kouhyou/r05_nendo/381t-koji-2.pdf,pdf,tohoku_kaikei,東北方面会計隊,陸上自衛隊,2023,2023,2
https://www.mod.go.jp/gsdf/neae/koukoku/fin/tekiseika_kouhyou/r05_nendo/381t-kokyo-butu-zui.pdf,pdf,tohoku_kaikei,東北方面会計隊,陸上自衛隊,2023,2023,3
https://www.mod.go.jp/gsdf/neae/koukoku/fin/tekiseika_kouhyou/r05_nendo/381t-kokyo-butu.pdf,pdf,tohoku_kaikei,東北方面会計隊,陸上自衛隊,2023,2023,1
https://www.mod.go.jp/gsdf/neae/koukoku/fin/tekiseika_kouhyou/r05_nendo/383-11-butuzui.pdf,pdf,tohoku_kaikei,東北方面会計隊,陸上自衛隊,2023,2023,3
https://www.mod.go.jp/gsdf/neae/koukoku/fin/tekiseika_kouhyou/r05_nendo/383-12-butu.pdf,pdf,tohoku_kaikei,東北方面会計隊,陸上自衛隊,2023,2023,20
https://www.mod.go.jp/gsdf/neae/koukoku/fin/tekiseika_kouhyou/r05_nendo/383-12-koji.pdf,pdf,tohoku_kaikei,東北方面会計隊,陸上自衛隊,2023,2023,7
https://www.mod.go.jp/gsdf/neae/koukoku/fin/tekiseika_kouhyou/r05_nendo/383-butu-2.pdf,pdf,tohoku_kaikei,東北方面会計隊,陸上自衛隊,2023,2023,13
https://www.mod.go.jp/gsdf/neae/koukoku/fin/tekiseika_kouhyou/r05_nendo/383-butuzui-2.pdf,pdf,tohoku_kaikei,東北方面会計隊,陸上自衛隊,2023,2023,4
https://www.mod.go.jp/gsdf/neae/koukoku/fin/tekiseika_kouhyou/r05_nendo/383-ipankoji-1.pdf,pdf,tohoku_kaikei,東北方面会計隊,陸上自衛隊,2023,2023,1
https://www.mod.go.jp/gsdf/neae/koukoku/fin/tekiseika_kouhyou/r05_nendo/384-2-butu.pdf,pdf,tohoku_kaikei,東北方面会計隊,陸上自衛隊,2023,2023,18
https://www.mod.go.jp/gsdf/neae/koukoku/fin/tekiseika_kouhyou/r05_nendo/384-2-koji.pdf,pdf,tohoku_kaikei,東北方面会計隊,陸上自衛隊,2023,2023,2
https://www.mod.go.jp/gsdf/neae/koukoku/fin/tekiseika_kouhyou/r05_nendo/384-8-butu-ippan.pdf,pdf,tohoku_kaikei,東北方面会計隊,陸上自衛隊,2023,2023,30
https://www.mod.go.jp/gsdf/neae/koukoku/fin/tekiseika_kouhyou/r05_nendo/384-8-koji.pdf,pdf,tohoku_kaikei,東北方面会計隊,陸上自衛隊,2023,2023,5
https://www.mod.go.jp/gsdf/neae/koukoku/fin/tekiseika_kouhyou/r05_nendo/384-kokyo-12-butu.pdf,pdf,tohoku_kaikei,東北方面会計隊,陸上自衛隊,2023,2023,6
https://www.mod.go.jp/gsdf/neae/koukoku/fin/tekiseika_kouhyou/r05_nendo/384-kokyo-12-butuzui.pdf,pdf,tohoku_kaikei,東北方面会計隊,陸上自衛隊,2023,2023,1
https://www.mod.go.jp/gsdf/neae/koukoku/fin/tekiseika_kouhyou/r05_nendo/384-kokyo-12-koji.pdf,pdf,tohoku_kaikei,東北方面会計隊,陸上自衛隊,2023,2023,1
https://www.mod.go.jp/gsdf/neae/koukoku/fin/tekiseika_kouhyou/r05_nendo/387-1-butu.pdf,pdf,tohoku_kaikei,東北方面会計隊,陸上自衛隊,2023,2023,6
https://www.mod.go.jp/gsdf/neae/koukoku/fin/tekiseika_kouhyou/r05_nendo/387-1-koji.pdf,pdf,tohoku_kaikei,東北方面会計隊,陸上自衛隊,2023,2023,2
https://www.mod.go.jp/gsdf/neae/koukoku/fin/tekiseika_kouhyou/r05_nendo/387-8-butu.pdf,pdf,tohoku_kaikei,東北方面会計隊,陸上自衛隊,2023,2023,13
https://www.mod.go.jp/gsdf/neae/koukoku/fin/tekiseika_kouhyou/r05_nendo/387-butu-9.pdf,pdf,tohoku_kaikei,東北方面会計隊,陸上自衛隊,2023,2023,1
https://www.mod.go.jp/gsdf/neae/koukoku/fin/tekiseika_kouhyou/r05_nendo/387-koji-9.pdf,pdf,tohoku_kaikei,東北方面会計隊,陸上自衛隊,2023,2023,1
https://www.mod.go.jp/gsdf/neae/koukoku/fin/tekiseika_kouhyou/r05_nendo/387-kokyo-2-butu.pdf,pdf,tohoku_kaikei,東北方面会計隊,陸上自衛隊,2023,2023,13
https://www.mod.go.jp/gsdf/neae/koukoku/fin/tekiseika_kouhyou/r05_nendo/387-kokyo-2-koji.pdf,pdf,tohoku_kaikei,東北方面会計隊,陸上自衛隊,2023,2023,1
https://www.mod.go.jp/gsdf/neae/koukoku/fin/tekiseika_kouhyou/r05_nendo/387k-12-ippankoji.pdf,pdf,tohoku_kaikei,東北方面会計隊,陸上自衛隊,2023,2023,2
https://www.mod.go.jp/gsdf/neae/koukoku/fin/tekiseika_kouhyou/r05_nendo/387k-9-ippanbuppin.pdf,pdf,tohoku_kaikei,東北方面会計隊,陸上自衛隊,2023,2023,2
https://www.mod.go.jp/gsdf/neae/koukoku/fin/tekiseika_kouhyou/r05_nendo/387k-butu-11.pdf,pdf,tohoku_kaikei,東北方面会計隊,陸上自衛隊,2023,2023,1
https://www.mod.go.jp/gsdf/neae/koukoku/fin/tekiseika_kouhyou/r05_nendo/387k-koji-5.pdf,pdf,tohoku_kaikei,東北方面会計隊,陸上自衛隊,2023,2023,2
https://www.mod.go.jp/gsdf/neae/koukoku/fin/tekiseika_kouhyou/r05_nendo/387k-koji-6.pdf,pdf,tohoku_kaikei,東北方面会計隊,陸上自衛隊,2023,2023,2
https://www.mod.go.jp/gsdf/neae/koukoku/fin/tekiseika_kouhyou/r05_nendo/387k-kyoso-butu-7.pdf,pdf,tohoku_kaikei,東北方面会計隊,陸上自衛隊,2023,2023,3
https://www.mod.go.jp/gsdf/neae/koukoku/fin/tekiseika_kouhyou/r05_nendo/387k-kyoso-butu-8.pdf,pdf,tohoku_kaikei,東北方面会計隊,陸上自衛隊,2023,2023,3
https://www.mod.go.jp/gsdf/neae/koukoku/fin/tekiseika_kouhyou/r05_nendo/387k-kyoso-butu-9.pdf,pdf,tohoku_kaikei,東北方面会計隊,陸上自衛隊,2023,2023,2
https://www.mod.go.jp/gsdf/neae/koukoku/fin/tekiseika_kouhyou/r05_nendo/387k-kyoso-koji-7.pdf,pdf,tohoku_kaikei,東北方面会計隊,陸上自衛隊,2023,2023,4
https://www.mod.go.jp/gsdf/neae/koukoku/fin/tekiseika_kouhyou/r05_nendo/387k-kyoso-koji-8.pdf,pdf,tohoku_kaikei,東北方面会計隊,陸上自衛隊,2023,2023,2
https://www.mod.go.jp/gsdf/neae/koukoku/fin/tekiseika_kouhyou/r05_nendo/387k-kyoso-koji-9.pdf,pdf,tohoku_kaikei,東北方面会計隊,陸上自衛隊,2023,2023,2
https://www.mod.go.jp/gsdf/neae/koukoku/fin/tekiseika_kouhyou/r05_nendo/387k-zuii-butu-5.pdf,pdf,tohoku_kaikei,東北方面会計隊,陸上自衛隊,2023,2023,1
https://www.mod.go.jp/gsdf/neae/koukoku/fin/tekiseika_kouhyou/r05_nendo/389-1-butu.pdf,pdf,tohoku_kaikei,東北方面会計隊,陸上自衛隊,2023,2023,6
https://www.mod.go.jp/gsdf/neae/koukoku/fin/tekiseika_kouhyou/r05_nendo/389-1-koji.pdf,pdf,tohoku_kaikei,東北方面会計隊,陸上自衛隊,2023,2023,1
https://www.mod.go.jp/gsdf/neae/koukoku/fin/tekiseika_kouhyou/r05_nendo/389-kyokyo-11-butu.pdf,pdf,tohoku_kaikei,東北方面会計隊,陸上自衛隊,2023,2023,4
https://www.mod.go.jp/gsdf/neae/koukoku/fin/tekiseika_kouhyou/r05_nendo/401-12-butu.pdf,pdf,tohoku_kaikei,東北方面会計隊,陸上自衛隊,2023,2023,43
https://www.mod.go.jp/gsdf/neae/koukoku/fin/tekiseika_kouhyou/r05_nendo/401-12-koji.pdf,pdf,tohoku_kaikei,東北方面会計隊,陸上自衛隊,2023,2023,11
https://www.mod.go.jp/gsdf/neae/koukoku/fin/tekiseika_kouhyou/r05_nendo/401-butu-1.pdf,pdf,tohoku_kaikei,東北方面会計隊,陸上自衛隊,2023,2023,23
https://www.mod.go.jp/gsdf/neae/koukoku/fin/tekiseika_kouhyou/r05_nendo/401-butu-2.pdf,pdf,tohoku_kaikei,東北方面会計隊,陸上自衛隊,2023,2023,30
https://www.mod.go.jp/gsdf/neae/koukoku/fin/tekiseika_kouhyou/r05_nendo/401-koji-1.pdf,pdf,tohoku_kaikei,東北方面会計隊,陸上自衛隊,2023,2023,1
https://www.mod.go.jp/gsdf/neae/koukoku/fin/tekiseika_kouhyou/r05_nendo/416-buken-zui-12.pdf,pdf,tohoku_kaikei,東北方面会計隊,陸上自衛隊,2023,2023,4
https://www.mod.go.jp/gsdf/neae/koukoku/fin/tekiseika_kouhyou/r05_nendo/416-bukken-12.pdf,pdf,tohoku_kaikei,東北方面会計隊,陸上自衛隊,2023,2023,13
https://www.mod.go.jp/gsdf/neae/koukoku/fin/tekiseika_kouhyou/r05_nendo/416-butu-3.pdf,pdf,tohoku_kaikei,東北方面会計隊,陸上自衛隊,2023,2023,22
https://www.mod.go.jp/gsdf/neae/koukoku/fin/tekiseika_kouhyou/r05_nendo/416-butuzui-3.pdf,pdf,tohoku_kaikei,東北方面会計隊,陸上自衛隊,2023,2023,1
https://www.mod.go.jp/gsdf/neae/koukoku/fin/tekiseika_kouhyou/r05_nendo/416-koji-12.pdf,pdf,tohoku_kaikei,東北方面会計隊,陸上自衛隊,2023,2023,8
https://www.mod.go.jp/gsdf/neae/koukoku/fin/tekiseika_kouhyou/r05_nendo/416k-1-butu.pdf,pdf,tohoku_kaikei,東北方面会計隊,陸上自衛隊,2023,2023,15
https://www.mod.go.jp/gsdf/neae/koukoku/fin/tekiseika_kouhyou/r05_nendo/416k-12-butuzui.pdf,pdf,tohoku_kaikei,東北方面会計隊,陸上自衛隊,2023,2023,7
https://www.mod.go.jp/gsdf/neae/koukoku/fin/tekiseika_kouhyou/r05_nendo/416k-12-koji.pdf,pdf,tohoku_kaikei,東北方面会計隊,陸上自衛隊,2023,2023,5
https://www.mod.go.jp/gsdf/neae/koukoku/fin/tekiseika_kouhyou/r05_nendo/416k-2-butu.pdf,pdf,tohoku_kaikei,東北方面会計隊,陸上自衛隊,2023,2023,6
https://www.mod.go.jp/gsdf/neae/koukoku/fin/tekiseika_kouhyou/r05_nendo/416k-2-butuzui.pdf,pdf,tohoku_kaikei,東北方面会計隊,陸上自衛隊,2023,2023,1
https://www.mod.go.jp/gsdf/neae/koukoku/fin/tekiseika_kouhyou/r05_nendo/akita-kokyo.pdf,pdf,tohoku_kaikei,東北方面会計隊,陸上自衛隊,2023,2023,2
https://www.mod.go.jp/gsdf/neae/koukoku/fin/tekiseika_kouhyou/r05_nendo/hosp-butu-2.pdf,pdf,tohoku_kaikei,東北方面会計隊,陸上自衛隊,2023,2023,3
https://www.mod.go.jp/gsdf/neae/koukoku/fin/tekiseika_kouhyou/r05_nendo/hosp-kokyo-12-bu.pdf,pdf,tohoku_kaikei,東北方面会計隊,陸上自衛隊,2023,2023,1
https://www.mod.go.jp/gsdf/neae/koukoku/fin/tekiseika_kouhyou/r05_nendo/hosp-koukyo-9--butu.pdf,pdf,tohoku_kaikei,東北方面会計隊,陸上自衛隊,2023,2023,6
https://www.mod.go.jp/gsdf/neae/koukoku/fin/tekiseika_kouhyou/r05_nendo/koukyou-380-3butu.pdf,pdf,tohoku_kaikei,東北方面会計隊,陸上自衛隊,2023,2023,37
https://www.mod.go.jp/gsdf/neae/koukoku/fin/tekiseika_kouhyou/r05_nendo/koukyou-381-3butu.pdf,pdf,tohoku_kaikei,東北方面会計隊,陸上自衛隊,2023,2023,6
https://www.mod.go.jp/gsdf/neae/koukoku/fin/tekiseika_kouhyou/r05_nendo/koukyou-381-koubutu.pdf,pdf,tohoku_kaikei,東北方面会計隊,陸上自衛隊,2023,2023,1
https://www.mod.go.jp/gsdf/neae/koukoku/fin/tekiseika_kouhyou/r05_nendo/koukyou-381h-butu.pdf,pdf,tohoku_kaikei,東北方面会計隊,陸上自衛隊,2023,2023,23
https://www.mod.go.jp/gsdf/neae/koukoku/fin/tekiseika_kouhyou/r05_nendo/koukyou-383-3butu.pdf,pdf,tohoku_kaikei,東北方面会計隊,陸上自衛隊,2023,2023,2
https://www.mod.go.jp/gsdf/neae/koukoku/fin/tekiseika_kouhyou/r05_nendo/koukyou-389-butu2.pdf,pdf,tohoku_kaikei,東北方面会計隊,陸上自衛隊,2023,2023,10
https://www.mod.go.jp/gsdf/neae/koukoku/fin/tekiseika_kouhyou/r05_nendo/koukyou-389-koubutu2.pdf,pdf,tohoku_kaikei,東北方面会計隊,陸上自衛隊,2023,2023,1
https://www.mod.go.jp/gsdf/neae/koukoku/fin/tekiseika_kouhyou/r05_nendo/koukyou-4-ekimu.pdf,pdf,tohoku_kaikei,東北方面会計隊,陸上自衛隊,2023,2023,3
https://www.mod.go.jp/gsdf/neae/koukoku/fin/tekiseika_kouhyou/r05_nendo/koukyou-6-ekimu.pdf,pdf,tohoku_kaikei,東北方面会計隊,陸上自衛隊,2023,2023,1
https://www.mod.go.jp/gsdf/neae/koukoku/fin/tekiseika_kouhyou/r05_nendo/koukyou050519-miya-butu.pdf,pdf,tohoku_kaikei,東北方面会計隊,陸上自衛隊,2023,2023,1
https://www.mod.go.jp/gsdf/neae/koukoku/fin/tekiseika_kouhyou/r05_nendo/koukyou050524-fhq-butu.pdf,pdf,tohoku_kaikei,東北方面会計隊,陸上自衛隊,2023,2023,7
https://www.mod.go.jp/gsdf/neae/koukoku/fin/tekiseika_kouhyou/r05_nendo/koukyou050601-butu.pdf,pdf,tohoku_kaikei,東北方面会計隊,陸上自衛隊,2023,2023,18
https://www.mod.go.jp/gsdf/neae/koukoku/fin/tekiseika_kouhyou/r05_nendo/koukyou050601-sb-zui.pdf,pdf,tohoku_kaikei,東北方面会計隊,陸上自衛隊,2023,2023,2
https://www.mod.go.jp/gsdf/neae/koukoku/fin/tekiseika_kouhyou/r05_nendo/koukyou050606-387h-butu.pdf,pdf,tohoku_kaikei,東北方面会計隊,陸上自衛隊,2023,2023,3
https://www.mod.go.jp/gsdf/neae/koukoku/fin/tekiseika_kouhyou/r05_nendo/koukyou050606-387h-butu5.pdf,pdf,tohoku_kaikei,東北方面会計隊,陸上自衛隊,2023,2023,1
https://www.mod.go.jp/gsdf/neae/koukoku/fin/tekiseika_kouhyou/r05_nendo/koukyou050606-389-butu.pdf,pdf,tohoku_kaikei,東北方面会計隊,陸上自衛隊,2023,2023,2
https://www.mod.go.jp/gsdf/neae/koukoku/fin/tekiseika_kouhyou/r05_nendo/koukyou050612-380-butu.pdf,pdf,tohoku_kaikei,東北方面会計隊,陸上自衛隊,2023,2023,1
https://www.mod.go.jp/gsdf/neae/koukoku/fin/tekiseika_kouhyou/r05_nendo/koukyou050703-381h-butu.pdf,pdf,tohoku_kaikei,東北方面会計隊,陸上自衛隊,2023,2023,1
https://www.mod.go.jp/gsdf/neae/koukoku/fin/tekiseika_kouhyou/r05_nendo/koukyou050704-sb-butu.pdf,pdf,tohoku_kaikei,東北方面会計隊,陸上自衛隊,2023,2023,2
https://www.mod.go.jp/gsdf/neae/koukoku/fin/tekiseika_kouhyou/r05_nendo/koukyou050707-387h-butu.pdf,pdf,tohoku_kaikei,東北方面会計隊,陸上自衛隊,2023,2023,3
https://www.mod.go.jp/gsdf/neae/koukoku/fin/tekiseika_kouhyou/r05_nendo/koukyou050725-380-butu.pdf,pdf,tohoku_kaikei,東北方面会計隊,陸上自衛隊,2023,2023,1
https://www.mod.go.jp/gsdf/neae/koukoku/fin/tekiseika_kouhyou/r05_nendo/koukyou050725-380-koubutu.pdf,pdf,tohoku_kaikei,東北方面会計隊,陸上自衛隊,2023,2023,4
https://www.mod.go.jp/gsdf/neae/koukoku/fin/tekiseika_kouhyou/r05_nendo/koukyou050802-sb-butu.pdf,pdf,tohoku_kaikei,東北方面会計隊,陸上自衛隊,2023,2023,2
https://www.mod.go.jp/gsdf/neae/koukoku/fin/tekiseika_kouhyou/r05_nendo/koukyou050803-fhq-butu5.pdf,pdf,tohoku_kaikei,東北方面会計隊,陸上自衛隊,2023,2023,5
https://www.mod.go.jp/gsdf/neae/koukoku/fin/tekiseika_kouhyou/r05_nendo/koukyou050803-fhq-butu6.pdf,pdf,tohoku_kaikei,東北方面会計隊,陸上自衛隊,2023,2023,7
https://www.mod.go.jp/gsdf/neae/koukoku/fin/tekiseika_kouhyou/r05_nendo/koukyou050803-fhq-zui4.pdf,pdf,tohoku_kaikei,東北方面会計隊,陸上自衛隊,2023,2023,7
https://www.mod.go.jp/gsdf/neae/koukoku/fin/tekiseika_kouhyou/r05_nendo/koukyou050804-389-butu.pdf,pdf,tohoku_kaikei,東北方面会計隊,陸上自衛隊,2023,2023,3
https://www.mod.go.jp/gsdf/neae/koukoku/fin/tekiseika_kouhyou/r05_nendo/koukyou050804-389-koubutu.pdf,pdf,tohoku_kaikei,東北方面会計隊,陸上自衛隊,2023,2023,2
https://www.mod.go.jp/gsdf/neae/koukoku/fin/tekiseika_kouhyou/r05_nendo/koukyou050808-383-butu.pdf,pdf,tohoku_kaikei,東北方面会計隊,陸上自衛隊,2023,2023,1
https://www.mod.go.jp/gsdf/neae/koukoku/fin/tekiseika_kouhyou/r05_nendo/koukyou050822-fhq-butu.pdf,pdf,tohoku_kaikei,東北方面会計隊,陸上自衛隊,2023,2023,7
https://www.mod.go.jp/gsdf/neae/koukoku/fin/tekiseika_kouhyou/r05_nendo/koukyou050822-fhq-koubutu.pdf,pdf,tohoku_kaikei,東北方面会計隊,陸上自衛隊,2023,2023,1
https://www.mod.go.jp/gsdf/neae/koukoku/fin/tekiseika_kouhyou/r05_nendo/koukyou050905-381-koubutu.pdf,pdf,tohoku_kaikei,東北方面会計隊,陸上自衛隊,2023,2023,1
https://www.mod.go.jp/gsdf/neae/koukoku/fin/tekiseika_kouhyou/r05_nendo/koukyou050905-381-zui.pdf,pdf,tohoku_kaikei,東北方面会計隊,陸上自衛隊,2023,2023,1
https://www.mod.go.jp/gsdf/neae/koukoku/fin/tekiseika_kouhyou/r05_nendo/koukyou050905-389-koubutu.pdf,pdf,tohoku_kaikei,東北方面会計隊,陸上自衛隊,2023,2023,1
https://www.mod.go.jp/gsdf/neae/koukoku/fin/tekiseika_kouhyou/r05_nendo/koukyou050906-380h-zui.pdf,pdf,tohoku_kaikei,東北方面会計隊,陸上自衛隊,2023,2023,3
https://www.mod.go.jp/gsdf/neae/koukoku/fin/tekiseika_kouhyou/r05_nendo/koukyou050927-fhq-butu.pdf,pdf,tohoku_kaikei,東北方面会計隊,陸上自衛隊,2023,2023,7
https://www.mod.go.jp/gsdf/neae/koukoku/fin/tekiseika_kouhyou/r05_nendo/koukyou050927-fhq-koubutu.pdf,pdf,tohoku_kaikei,東北方面会計隊,陸上自衛隊,2023,2023,2
https://www.mod.go.jp/gsdf/neae/koukoku/fin/tekiseika_kouhyou/r05_nendo/koukyou050929-381h-butu.pdf,pdf,tohoku_kaikei,東北方面会計隊,陸上自衛隊,2023,2023,2
https://www.mod.go.jp/gsdf/neae/koukoku/fin/tekiseika_kouhyou/r05_nendo/koukyou050929-381h-koubutu.pdf,pdf,tohoku_kaikei,東北方面会計隊,陸上自衛隊,2023,2023,3
https://www.mod.go.jp/gsdf/neae/koukoku/fin/tekiseika_kouhyou/r05_nendo/koukyou051004-384-butu.pdf,pdf,tohoku_kaikei,東北方面会計隊,陸上自衛隊,2023,2023,4
https://www.mod.go.jp/gsdf/neae/koukoku/fin/tekiseika_kouhyou/r05_nendo/koukyou051004-384-koubutu.pdf,pdf,tohoku_kaikei,東北方面会計隊,陸上自衛隊,2023,2023,2
https://www.mod.go.jp/gsdf/neae/koukoku/fin/tekiseika_kouhyou/r05_nendo/koukyou051006-380-butu.pdf,pdf,tohoku_kaikei,東北方面会計隊,陸上自衛隊,2023,2023,1
https://www.mod.go.jp/gsdf/neae/koukoku/fin/tekiseika_kouhyou/r05_nendo/koukyou051006-381-koubutu.pdf,pdf,tohoku_kaikei,東北方面会計隊,陸上自衛隊,2023,2023,6
https://www.mod.go.jp/gsdf/neae/koukoku/fin/tekiseika_kouhyou/r05_nendo/koukyou051006-389-butu.pdf,pdf,tohoku_kaikei,東北方面会計隊,陸上自衛隊,2023,2023,3
https://www.mod.go.jp/gsdf/neae/koukoku/fin/tekiseika_kouhyou/r05_nendo/koukyou051006-389-koubutu.pdf,pdf,tohoku_kaikei,東北方面会計隊,陸上自衛隊,2023,2023,1
https://www.mod.go.jp/gsdf/neae/koukoku/fin/tekiseika_kouhyou/r05_nendo/koukyou051006-389-zui.pdf,pdf,tohoku_kaikei,東北方面会計隊,陸上自衛隊,2023,2023,4
https://www.mod.go.jp/gsdf/neae/koukoku/fin/tekiseika_kouhyou/r05_nendo/koukyou051006-fhq-butu.pdf,pdf,tohoku_kaikei,東北方面会計隊,陸上自衛隊,2023,2023,6
https://www.mod.go.jp/gsdf/neae/koukoku/fin/tekiseika_kouhyou/r05_nendo/koukyou051006-fhq-koubutu.pdf,pdf,tohoku_kaikei,東北方面会計隊,陸上自衛隊,2023,2023,5
https://www.mod.go.jp/gsdf/neae/koukoku/fin/tekiseika_kouhyou/r05_nendo/koukyou051006-fhq-zui.pdf,pdf,tohoku_kaikei,東北方面会計隊,陸上自衛隊,2023,2023,1
https://www.mod.go.jp/gsdf/neae/koukoku/fin/tekiseika_kouhyou/r05_nendo/koukyou051011-383-butu.pdf,pdf,tohoku_kaikei,東北方面会計隊,陸上自衛隊,2023,2023,1
https://www.mod.go.jp/gsdf/neae/koukoku/fin/tekiseika_kouhyou/r05_nendo/koukyou051011-383-koubutu.pdf,pdf,tohoku_kaikei,東北方面会計隊,陸上自衛隊,2023,2023,1
https://www.mod.go.jp/gsdf/neae/koukoku/fin/tekiseika_kouhyou/r05_nendo/koukyou051027-401-kouzui.pdf,pdf,tohoku_kaikei,東北方面会計隊,陸上自衛隊,2023,2023,1
https://www.mod.go.jp/gsdf/neae/koukoku/fin/tekiseika_kouhyou/r05_nendo/koukyou051106-384-butu.pdf,pdf,tohoku_kaikei,東北方面会計隊,陸上自衛隊,2023,2023,8
https://www.mod.go.jp/gsdf/neae/koukoku/fin/tekiseika_kouhyou/r05_nendo/koukyou051106-384-koubutu.pdf,pdf,tohoku_kaikei,東北方面会計隊,陸上自衛隊,2023,2023,3
https://www.mod.go.jp/gsdf/neae/koukoku/fin/tekiseika_kouhyou/r05_nendo/koukyou051107-389-butu.pdf,pdf,tohoku_kaikei,東北方面会計隊,陸上自衛隊,2023,2023,3
https://www.mod.go.jp/gsdf/neae/koukoku/fin/tekiseika_kouhyou/r05_nendo/koukyou051107-389-koubutu.pdf,pdf,tohoku_kaikei,東北方面会計隊,陸上自衛隊,2023,2023,1
https://www.mod.go.jp/gsdf/neae/koukoku/fin/tekiseika_kouhyou/r05_nendo/koukyou051107-389-zui.pdf,pdf,tohoku_kaikei,東北方面会計隊,陸上自衛隊,2023,2023,1
https://www.mod.go.jp/gsdf/neae/koukoku/fin/tekiseika_kouhyou/r05_nendo/koukyou051109-383-butu.pdf,pdf,tohoku_kaikei,東北方面会計隊,陸上自衛隊,2023,2023,1
https://www.mod.go.jp/gsdf/neae/koukoku/fin/tekiseika_kouhyou/r05_nendo/koukyou051204-381-koubutu.pdf,pdf,tohoku_kaikei,東北方面会計隊,陸上自衛隊,2023,2023,6
https://www.mod.go.jp/gsdf/neae/koukoku/fin/tekiseika_kouhyou/r05_nendo/koukyou051204-381-zui.pdf,pdf,tohoku_kaikei,東北方面会計隊,陸上自衛隊,2023,2023,3
https://www.mod.go.jp/gsdf/neae/koukoku/fin/tekiseika_kouhyou/r05_nendo/koukyou051205-384-butu.pdf,pdf,tohoku_kaikei,東北方面会計隊,陸上自衛隊,2023,2023,6
https://www.mod.go.jp/gsdf/neae/koukoku/fin/tekiseika_kouhyou/r05_nendo/koukyou051205-384-koubutu.pdf,pdf,tohoku_kaikei,東北方面会計隊,陸上自衛隊,2023,2023,2
https://www.mod.go.jp/gsdf/neae/koukoku/fin/tekiseika_kouhyou/r05_nendo/koukyou051205-sb-butu.pdf,pdf,tohoku_kaikei,東北方面会計隊,陸上自衛隊,2023,2023,1
https://www.mod.go.jp/gsdf/neae/koukoku/fin/tekiseika_kouhyou/r05_nendo/koukyou051206-389-butu.pdf,pdf,tohoku_kaikei,東北方面会計隊,陸上自衛隊,2023,2023,2
https://www.mod.go.jp/gsdf/neae/koukoku/fin/tekiseika_kouhyou/r05_nendo/koukyou051206-416-butu.pdf,pdf,tohoku_kaikei,東北方面会計隊,陸上自衛隊,2023,2023,2
https://www.mod.go.jp/gsdf/neae/koukoku/fin/tekiseika_kouhyou/r05_nendo/koukyou051218-fhq-butu10.pdf,pdf,tohoku_kaikei,東北方面会計隊,陸上自衛隊,2023,2023,6
https://www.mod.go.jp/gsdf/neae/koukoku/fin/tekiseika_kouhyou/r05_nendo/koukyou051218-fhq-butu11.pdf,pdf,tohoku_kaikei,東北方面会計隊,陸上自衛隊,2023,2023,4
https://www.mod.go.jp/gsdf/neae/koukoku/fin/tekiseika_kouhyou/r05_nendo/koukyou051218-fhq-koubutu10.pdf,pdf,tohoku_kaikei,東北方面会計隊,陸上自衛隊,2023,2023,5
https://www.mod.go.jp/gsdf/neae/koukoku/fin/tekiseika_kouhyou/r05_nendo/koukyou051218-fhq-koubutu11.pdf,pdf,tohoku_kaikei,東北方面会計隊,陸上自衛隊,2023,2023,2
https://www.mod.go.jp/gsdf/neae/koukoku/fin/tekiseika_kouhyou/r05_nendo/koukyou051231-fhq-butu.pdf,pdf,tohoku_kaikei,東北方面会計隊,陸上自衛隊,2023,2023,8
https://www.mod.go.jp/gsdf/neae/koukoku/fin/tekiseika_kouhyou/r05_nendo/koukyou051231-fhq-koubutu.pdf,pdf,tohoku_kaikei,東北方面会計隊,陸上自衛隊,2023,2023,5
https://www.mod.go.jp/gsdf/neae/koukoku/fin/tekiseika_kouhyou/r05_nendo/koukyou051231-fhq-zui.pdf,pdf,tohoku_kaikei,東北方面会計隊,陸上自衛隊,2023,2023,1
https://www.mod.go.jp/gsdf/neae/koukoku/fin/tekiseika_kouhyou/r05_nendo/koukyou060106-miya-butu.pdf,pdf,tohoku_kaikei,東北方面会計隊,陸上自衛隊,2023,2023,1
https://www.mod.go.jp/gsdf/neae/koukoku/fin/tekiseika_kouhyou/r05_nendo/koukyou060205-389-butu.pdf,pdf,tohoku_kaikei,東北方面会計隊,陸上自衛隊,2023,2023,2
https://www.mod.go.jp/gsdf/neae/koukoku/fin/tekiseika_kouhyou/r05_nendo/koukyou060205-389-koubutu.pdf,pdf,tohoku_kaikei,東北方面会計隊,陸上自衛隊,2023,2023,2
https://www.mod.go.jp/gsdf/neae/koukoku/fin/tekiseika_kouhyou/r05_nendo/koukyou384-3butu.pdf,pdf,tohoku_kaikei,東北方面会計隊,陸上自衛隊,2023,2023,4
https://www.mod.go.jp/gsdf/neae/koukoku/fin/tekiseika_kouhyou/r05_nendo/koukyou387-3butu.pdf,pdf,tohoku_kaikei,東北方面会計隊,陸上自衛隊,2023,2023,1
https://www.mod.go.jp/gsdf/neae/koukoku/fin/tekiseika_kouhyou/r05_nendo/koukyou387h-4butu.pdf,pdf,tohoku_kaikei,東北方面会計隊,陸上自衛隊,2023,2023,1
https://www.mod.go.jp/gsdf/neae/koukoku/fin/tekiseika_kouhyou/r05_nendo/koukyou389-3butu.pdf,pdf,tohoku_kaikei,東北方面会計隊,陸上自衛隊,2023,2023,4
https://www.mod.go.jp/gsdf/neae/koukoku/fin/tekiseika_kouhyou/r05_nendo/koukyoufhq-3butu.pdf,pdf,tohoku_kaikei,東北方面会計隊,陸上自衛隊,2023,2023,8
https://www.mod.go.jp/gsdf/neae/koukoku/fin/tekiseika_kouhyou/r05_nendo/koukyoufhq-butu1.pdf,pdf,tohoku_kaikei,東北方面会計隊,陸上自衛隊,2023,2023,5
https://www.mod.go.jp/gsdf/neae/koukoku/fin/tekiseika_kouhyou/r05_nendo/koukyoufhq-butu2.pdf,pdf,tohoku_kaikei,東北方面会計隊,陸上自衛隊,2023,2023,8
https://www.mod.go.jp/gsdf/neae/koukoku/fin/tekiseika_kouhyou/r05_nendo/koukyoufhq-koubutu1.pdf,pdf,tohoku_kaikei,東北方面会計隊,陸上自衛隊,2023,2023,6
https://www.mod.go.jp/gsdf/neae/koukoku/fin/tekiseika_kouhyou/r05_nendo/koukyoufhq-koubutu2.pdf,pdf,tohoku_kaikei,東北方面会計隊,陸上自衛隊,2023,2023,3
https://www.mod.go.jp/gsdf/neae/koukoku/fin/tekiseika_kouhyou/r05_nendo/koukyoufhq-zui2.pdf,pdf,tohoku_kaikei,東北方面会計隊,陸上自衛隊,2023,2023,1
https://www.mod.go.jp/gsdf/neae/koukoku/fin/tekiseika_kouhyou/r05_nendo/koukyoumiya-butu.pdf,"pdf,warp_crawler",tohoku_kaikei,東北方面会計隊,陸上自衛隊,2023,2023,6
https://www.mod.go.jp/gsdf/neae/koukoku/fin/tekiseika_kouhyou/r05_nendo/miyati-butu-9.pdf,pdf,tohoku_kaikei,東北方面会計隊,陸上自衛隊,2023,2023,2
https://www.mod.go.jp/gsdf/neae/koukoku/fin/tekiseika_kouhyou/r05_nendo/yamati-1-butukyo.pdf,pdf,tohoku_kaikei,東北方面会計隊,陸上自衛隊,2023,2023,1
https://www.mod.go.jp/gsdf/neae/koukoku/fin/tekiseika_kouhyou/r05_nendo/yamati-2-butukyo.pdf,pdf,tohoku_kaikei,東北方面会計隊,陸上自衛隊,2023,2023,2
https://www.mod.go.jp/gsdf/neae/koukoku/fin/tekiseika_kouhyou/r05_nendo/yamati-5-butuzui.pdf,pdf,tohoku_kaikei,東北方面会計隊,陸上自衛隊,2023,2023,1
https://www.mod.go.jp/gsdf/neae/koukoku/fin/tekiseika_kouhyou/r06_nendo/381-r6-ippanbutu.pdf,pdf,tohoku_kaikei,東北方面会計隊,陸上自衛隊,2024,2024,9
https://www.mod.go.jp/gsdf/neae/koukoku/fin/tekiseika_kouhyou/r06_nendo/381-r6-zuibutu.pdf,pdf,tohoku_kaikei,東北方面会計隊,陸上自衛隊,2024,2024,4
https://www.mod.go.jp/gsdf/neae/koukoku/fin/tekiseika_kouhyou/r06_nendo/381t-r6-ippanbutu.pdf,pdf,tohoku_kaikei,東北方面会計隊,陸上自衛隊,2024,2024,5
https://www.mod.go.jp/gsdf/neae/koukoku/fin/tekiseika_kouhyou/r06_nendo/383-butuipan-5.pdf,pdf,tohoku_kaikei,東北方面会計隊,陸上自衛隊,2024,2024,3
https://www.mod.go.jp/gsdf/neae/koukoku/fin/tekiseika_kouhyou/r06_nendo/383-kou-2.pdf,pdf,tohoku_kaikei,東北方面会計隊,陸上自衛隊,2025,2025,1
https://www.mod.go.jp/gsdf/neae/koukoku/fin/tekiseika_kouhyou/r06_nendo/383-r6-zuibutu.pdf,pdf,tohoku_kaikei,東北方面会計隊,陸上自衛隊,2024,2024,1
https://www.mod.go.jp/gsdf/neae/koukoku/fin/tekiseika_kouhyou/r06_nendo/akiti-ipanbutu-5.pdf,pdf,tohoku_kaikei,東北方面会計隊,陸上自衛隊,2024,2024,3
https://www.mod.go.jp/gsdf/neae/koukoku/fin/tekiseika_kouhyou/r06_nendo/akiti-zuibutu-5.pdf,pdf,tohoku_kaikei,東北方面会計隊,陸上自衛隊,2024,2024,1
https://www.mod.go.jp/gsdf/neae/koukoku/fin/tekiseika_kouhyou/r06_nendo/kc-387-3gatu-kouzi.pdf,pdf,tohoku_kaikei,東北方面会計隊,陸上自衛隊,2024,2024,16
https://www.mod.go.jp/gsdf/neae/koukoku/fin/tekiseika_kouhyou/r06_nendo/kc-387-3gatu-zuikei-bk.em.pdf,pdf,tohoku_kaikei,東北方面会計隊,陸上自衛隊,2024,2024,2
https://www.mod.go.jp/gsdf/neae/koukoku/fin/tekiseika_kouhyou/r06_nendo/kc-389-2gatu-nyusatu-bk.em.pdf,pdf,tohoku_kaikei,東北方面会計隊,陸上自衛隊,2024,2024,16
https://www.mod.go.jp/gsdf/neae/koukoku/fin/tekiseika_kouhyou/r06_nendo/kc-389-2gatu-nyusatu-kouzi.pdf,pdf,tohoku_kaikei,東北方面会計隊,陸上自衛隊,2024,2024,1
https://www.mod.go.jp/gsdf/neae/koukoku/fin/tekiseika_kouhyou/r06_nendo/kc-401-2gatu-kouzi.pdf,pdf,tohoku_kaikei,東北方面会計隊,陸上自衛隊,2024,2024,12
https://www.mod.go.jp/gsdf/neae/koukoku/fin/tekiseika_kouhyou/r06_nendo/kc-401-2gatu-nyusatu-bk.em.pdf,pdf,tohoku_kaikei,東北方面会計隊,陸上自衛隊,2024,2024,118
https://www.mod.go.jp/gsdf/neae/koukoku/fin/tekiseika_kouhyou/r06_nendo/kc-401-2gatu-zuikei-bk.em.pdf,pdf,tohoku_kaikei,東北方面会計隊,陸上自衛隊,2024,2024,6
https://www.mod.go.jp/gsdf/neae/koukoku/fin/tekiseika_kouhyou/r06_nendo/kc-416-1gatu-kouzi.pdf,pdf,tohoku_kaikei,東北方面会計隊,陸上自衛隊,2024,2024,6
https://www.mod.go.jp/gsdf/neae/koukoku/fin/tekiseika_kouhyou/r06_nendo/kc-416-1gatu-nyusatu-bk.em.pdf,pdf,tohoku_kaikei,東北方面会計隊,陸上自衛隊,2024,2024,31
https://www.mod.go.jp/gsdf/neae/koukoku/fin/tekiseika_kouhyou/r06_nendo/kc-416-1gatu-zuikei-bk.em.pdf,pdf,tohoku_kaikei,東北方面会計隊,陸上自衛隊,2024,2024,3
https://www.mod.go.jp/gsdf/neae/koukoku/fin/tekiseika_kouhyou/r06_nendo/kc-sendai-2gatu-kouzi.pdf,pdf,tohoku_kaikei,東北方面会計隊,陸上自衛隊,2024,2024,7
https://www.mod.go.jp/gsdf/neae/koukoku/fin/tekiseika_kouhyou/r06_nendo/kc-sendai-3gatu-nyusatu-bk.em.pdf,pdf,tohoku_kaikei,東北方面会計隊,陸上自衛隊,2024,2024,7
https://www.mod.go.jp/gsdf/neae/koukoku/fin/tekiseika_kouhyou/r06_nendo/koukyou-10butu.pdf,pdf,tohoku_kaikei,東北方面会計隊,陸上自衛隊,2024,2024,4
https://www.mod.go.jp/gsdf/neae/koukoku/fin/tekiseika_kouhyou/r06_nendo/koukyou-383-8koubutu.pdf,pdf,tohoku_kaikei,東北方面会計隊,陸上自衛隊,2024,2024,14
https://www.mod.go.jp/gsdf/neae/koukoku/fin/tekiseika_kouhyou/r06_nendo/koukyou380-11butu.pdf,pdf,tohoku_kaikei,東北方面会計隊,陸上自衛隊,2024,2024,1
https://www.mod.go.jp/gsdf/neae/koukoku/fin/tekiseika_kouhyou/r06_nendo/koukyou380-1koubutu.pdf,pdf,tohoku_kaikei,東北方面会計隊,陸上自衛隊,2024,2024,8
https://www.mod.go.jp/gsdf/neae/koukoku/fin/tekiseika_kouhyou/r06_nendo/koukyou380-3butu.pdf,pdf,tohoku_kaikei,東北方面会計隊,陸上自衛隊,2024,2024,94
https://www.mod.go.jp/gsdf/neae/koukoku/fin/tekiseika_kouhyou/r06_nendo/koukyou380-8butu.pdf,pdf,tohoku_kaikei,東北方面会計隊,陸上自衛隊,2024,2024,1
https://www.mod.go.jp/gsdf/neae/koukoku/fin/tekiseika_kouhyou/r06_nendo/koukyou380h-10koubutu.pdf,pdf,tohoku_kaikei,東北方面会計隊,陸上自衛隊,2024,2024,1
https://www.mod.go.jp/gsdf/neae/koukoku/fin/tekiseika_kouhyou/r06_nendo/koukyou380h-11butu.pdf,pdf,tohoku_kaikei,東北方面会計隊,陸上自衛隊,2024,2024,25
https://www.mod.go.jp/gsdf/neae/koukoku/fin/tekiseika_kouhyou/r06_nendo/koukyou380h-12butu.pdf,pdf,tohoku_kaikei,東北方面会計隊,陸上自衛隊,2024,2024,6
https://www.mod.go.jp/gsdf/neae/koukoku/fin/tekiseika_kouhyou/r06_nendo/koukyou380h-12koubutu.pdf,pdf,tohoku_kaikei,東北方面会計隊,陸上自衛隊,2024,2024,1
https://www.mod.go.jp/gsdf/neae/koukoku/fin/tekiseika_kouhyou/r06_nendo/koukyou380h-1butu.pdf,pdf,tohoku_kaikei,東北方面会計隊,陸上自衛隊,2024,2024,3
https://www.mod.go.jp/gsdf/neae/koukoku/fin/tekiseika_kouhyou/r06_nendo/koukyou380h-2butu.pdf,pdf,tohoku_kaikei,東北方面会計隊,陸上自衛隊,2024,2024,5
https://www.mod.go.jp/gsdf/neae/koukoku/fin/tekiseika_kouhyou/r06_nendo/koukyou380h-2koubutu.pdf,pdf,tohoku_kaikei,東北方面会計隊,陸上自衛隊,2024,2024,1
https://www.mod.go.jp/gsdf/neae/koukoku/fin/tekiseika_kouhyou/r06_nendo/koukyou381-10butu.pdf,pdf,tohoku_kaikei,東北方面会計隊,陸上自衛隊,2024,2024,2
https://www.mod.go.jp/gsdf/neae/koukoku/fin/tekiseika_kouhyou/r06_nendo/koukyou381-11butu.pdf,pdf,tohoku_kaikei,東北方面会計隊,陸上自衛隊,2024,2024,4
https://www.mod.go.jp/gsdf/neae/koukoku/fin/tekiseika_kouhyou/r06_nendo/koukyou381-11koubutu.pdf,pdf,tohoku_kaikei,東北方面会計隊,陸上自衛隊,2024,2024,6
https://www.mod.go.jp/gsdf/neae/koukoku/fin/tekiseika_kouhyou/r06_nendo/koukyou381-12butu.pdf,pdf,tohoku_kaikei,東北方面会計隊,陸上自衛隊,2024,2024,5
https://www.mod.go.jp/gsdf/neae/koukoku/fin/tekiseika_kouhyou/r06_nendo/koukyou381-12koubutu.pdf,pdf,tohoku_kaikei,東北方面会計隊,陸上自衛隊,2024,2024,6
https://www.mod.go.jp/gsdf/neae/koukoku/fin/tekiseika_kouhyou/r06_nendo/koukyou381-2butu.pdf,pdf,tohoku_kaikei,東北方面会計隊,陸上自衛隊,2024,2024,15
https://www.mod.go.jp/gsdf/neae/koukoku/fin/tekiseika_kouhyou/r06_nendo/koukyou381-3butu.pdf,pdf,tohoku_kaikei,東北方面会計隊,陸上自衛隊,2024,2024,6
https://www.mod.go.jp/gsdf/neae/koukoku/fin/tekiseika_kouhyou/r06_nendo/koukyou381-5butu.pdf,pdf,tohoku_kaikei,東北方面会計隊,陸上自衛隊,2024,2024,4
https://www.mod.go.jp/gsdf/neae/koukoku/fin/tekiseika_kouhyou/r06_nendo/koukyou381-7butu.pdf,pdf,tohoku_kaikei,東北方面会計隊,陸上自衛隊,2024,2024,3
https://www.mod.go.jp/gsdf/neae/koukoku/fin/tekiseika_kouhyou/r06_nendo/koukyou381-8butu.pdf,pdf,tohoku_kaikei,東北方面会計隊,陸上自衛隊,2024,2024,3
https://www.mod.go.jp/gsdf/neae/koukoku/fin/tekiseika_kouhyou/r06_nendo/koukyou381h-10butu.pdf,pdf,tohoku_kaikei,東北方面会計隊,陸上自衛隊,2024,2024,12
https://www.mod.go.jp/gsdf/neae/koukoku/fin/tekiseika_kouhyou/r06_nendo/koukyou381h-11butu.pdf,pdf,tohoku_kaikei,東北方面会計隊,陸上自衛隊,2024,2024,4
https://www.mod.go.jp/gsdf/neae/koukoku/fin/tekiseika_kouhyou/r06_nendo/koukyou381h-12butu.pdf,pdf,tohoku_kaikei,東北方面会計隊,陸上自衛隊,2024,2024,3
https://www.mod.go.jp/gsdf/neae/koukoku/fin/tekiseika_kouhyou/r06_nendo/koukyou381h-1butu.pdf,pdf,tohoku_kaikei,東北方面会計隊,陸上自衛隊,2024,2024,8
https://www.mod.go.jp/gsdf/neae/koukoku/fin/tekiseika_kouhyou/r06_nendo/koukyou381h-2butu.pdf,pdf,tohoku_kaikei,東北方面会計隊,陸上自衛隊,2024,2024,12
https://www.mod.go.jp/gsdf/neae/koukoku/fin/tekiseika_kouhyou/r06_nendo/koukyou383-10butu.pdf,pdf,tohoku_kaikei,東北方面会計隊,陸上自衛隊,2024,2024,6
https://www.mod.go.jp/gsdf/neae/koukoku/fin/tekiseika_kouhyou/r06_nendo/koukyou383-2butu.pdf,pdf,tohoku_kaikei,東北方面会計隊,陸上自衛隊,2024,2024,27
https://www.mod.go.jp/gsdf/neae/koukoku/fin/tekiseika_kouhyou/r06_nendo/koukyou383-2koubutu.pdf,pdf,tohoku_kaikei,東北方面会計隊,陸上自衛隊,2024,2024,12
https://www.mod.go.jp/gsdf/neae/koukoku/fin/tekiseika_kouhyou/r06_nendo/koukyou383-6butu.pdf,pdf,tohoku_kaikei,東北方面会計隊,陸上自衛隊,2024,2024,1
https://www.mod.go.jp/gsdf/neae/koukoku/fin/tekiseika_kouhyou/r06_nendo/koukyou384-10butu.pdf,pdf,tohoku_kaikei,東北方面会計隊,陸上自衛隊,2024,2024,5
https://www.mod.go.jp/gsdf/neae/koukoku/fin/tekiseika_kouhyou/r06_nendo/koukyou384-10koubutu.pdf,pdf,tohoku_kaikei,東北方面会計隊,陸上自衛隊,2024,2024,1
https://www.mod.go.jp/gsdf/neae/koukoku/fin/tekiseika_kouhyou/r06_nendo/koukyou384-11butu.pdf,pdf,tohoku_kaikei,東北方面会計隊,陸上自衛隊,2024,2024,17
https://www.mod.go.jp/gsdf/neae/koukoku/fin/tekiseika_kouhyou/r06_nendo/koukyou384-12butu.pdf,pdf,tohoku_kaikei,東北方面会計隊,陸上自衛隊,2024,2024,22
https://www.mod.go.jp/gsdf/neae/koukoku/fin/tekiseika_kouhyou/r06_nendo/koukyou384-1butu.pdf,pdf,tohoku_kaikei,東北方面会計隊,陸上自衛隊,2024,2024,12
https://www.mod.go.jp/gsdf/neae/koukoku/fin/tekiseika_kouhyou/r06_nendo/koukyou384-1koubutu.pdf,pdf,tohoku_kaikei,東北方面会計隊,陸上自衛隊,2024,2024,6
https://www.mod.go.jp/gsdf/neae/koukoku/fin/tekiseika_kouhyou/r06_nendo/koukyou384-4butu.pdf,pdf,tohoku_kaikei,東北方面会計隊,陸上自衛隊,2024,2024,14
https://www.mod.go.jp/gsdf/neae/koukoku/fin/tekiseika_kouhyou/r06_nendo/koukyou384-4zui.pdf,pdf,tohoku_kaikei,東北方面会計隊,陸上自衛隊,2024,2024,1
https://www.mod.go.jp/gsdf/neae/koukoku/fin/tekiseika_kouhyou/r06_nendo/koukyou384-5butu.pdf,pdf,tohoku_kaikei,東北方面会計隊,陸上自衛隊,2024,2024,4
https://www.mod.go.jp/gsdf/neae/koukoku/fin/tekiseika_kouhyou/r06_nendo/koukyou384-6butu.pdf,pdf,tohoku_kaikei,東北方面会計隊,陸上自衛隊,2024,2024,6
https://www.mod.go.jp/gsdf/neae/koukoku/fin/tekiseika_kouhyou/r06_nendo/koukyou384-7butu.pdf,pdf,tohoku_kaikei,東北方面会計隊,陸上自衛隊,2024,2024,4
https://www.mod.go.jp/gsdf/neae/koukoku/fin/tekiseika_kouhyou/r06_nendo/koukyou384-9butu.pdf,pdf,tohoku_kaikei,東北方面会計隊,陸上自衛隊,2024,2024,8
https://www.mod.go.jp/gsdf/neae/koukoku/fin/tekiseika_kouhyou/r06_nendo/koukyou384-9koubutu.pdf,pdf,tohoku_kaikei,東北方面会計隊,陸上自衛隊,2024,2024,1
https://www.mod.go.jp/gsdf/neae/koukoku/fin/tekiseika_kouhyou/r06_nendo/koukyou387h-10butu.pdf,pdf,tohoku_kaikei,東北方面会計隊,陸上自衛隊,2024,2024,1
https://www.mod.go.jp/gsdf/neae/koukoku/fin/tekiseika_kouhyou/r06_nendo/koukyou387h-11butu.pdf,pdf,tohoku_kaikei,東北方面会計隊,陸上自衛隊,2024,2024,2
https://www.mod.go.jp/gsdf/neae/koukoku/fin/tekiseika_kouhyou/r06_nendo/koukyou387h-12butu.pdf,pdf,tohoku_kaikei,東北方面会計隊,陸上自衛隊,2024,2024,3
https://www.mod.go.jp/gsdf/neae/koukoku/fin/tekiseika_kouhyou/r06_nendo/koukyou387h-1butu.pdf,pdf,tohoku_kaikei,東北方面会計隊,陸上自衛隊,2024,2024,2
https://www.mod.go.jp/gsdf/neae/koukoku/fin/tekiseika_kouhyou/r06_nendo/koukyou387h-2butu.pdf,pdf,tohoku_kaikei,東北方面会計隊,陸上自衛隊,2024,2024,2
https://www.mod.go.jp/gsdf/neae/koukoku/fin/tekiseika_kouhyou/r06_nendo/koukyou387h-5butu.pdf,pdf,tohoku_kaikei,東北方面会計隊,陸上自衛隊,2024,2024,1
https://www.mod.go.jp/gsdf/neae/koukoku/fin/tekiseika_kouhyou/r06_nendo/koukyou387h-5koubutu.pdf,pdf,tohoku_kaikei,東北方面会計隊,陸上自衛隊,2024,2024,2
https://www.mod.go.jp/gsdf/neae/koukoku/fin/tekiseika_kouhyou/r06_nendo/koukyou387h-6koubutu.pdf,pdf,tohoku_kaikei,東北方面会計隊,陸上自衛隊,2024,2024,1
https://www.mod.go.jp/gsdf/neae/koukoku/fin/tekiseika_kouhyou/r06_nendo/koukyou387h-7butu.pdf,pdf,tohoku_kaikei,東北方面会計隊,陸上自衛隊,2024,2024,3
https://www.mod.go.jp/gsdf/neae/koukoku/fin/tekiseika_kouhyou/r06_nendo/koukyou387h-8butu.pdf,pdf,tohoku_kaikei,東北方面会計隊,陸上自衛隊,2024,2024,2
https://www.mod.go.jp/gsdf/neae/koukoku/fin/tekiseika_kouhyou/r06_nendo/koukyou387h-9butu.pdf,pdf,tohoku_kaikei,東北方面会計隊,陸上自衛隊,2024,2024,2
https://www.mod.go.jp/gsdf/neae/koukoku/fin/tekiseika_kouhyou/r06_nendo/koukyou387h-butu6.pdf,pdf,tohoku_kaikei,東北方面会計隊,陸上自衛隊,2024,2024,2
https://www.mod.go.jp/gsdf/neae/koukoku/fin/tekiseika_kouhyou/r06_nendo/koukyou389-10butu.pdf,pdf,tohoku_kaikei,東北方面会計隊,陸上自衛隊,2024,2024,2
https://www.mod.go.jp/gsdf/neae/koukoku/fin/tekiseika_kouhyou/r06_nendo/koukyou389-10koubutu.pdf,pdf,tohoku_kaikei,東北方面会計隊,陸上自衛隊,2024,2024,5
https://www.mod.go.jp/gsdf/neae/koukoku/fin/tekiseika_kouhyou/r06_nendo/koukyou389-12butu.pdf,pdf,tohoku_kaikei,東北方面会計隊,陸上自衛隊,2024,2024,5
https://www.mod.go.jp/gsdf/neae/koukoku/fin/tekiseika_kouhyou/r06_nendo/koukyou389-12koubutu.pdf,pdf,tohoku_kaikei,東北方面会計隊,陸上自衛隊,2024,2024,2
https://www.mod.go.jp/gsdf/neae/koukoku/fin/tekiseika_kouhyou/r06_nendo/koukyou389-1butu.pdf,pdf,tohoku_kaikei,東北方面会計隊,陸上自衛隊,2024,2024,7
https://www.mod.go.jp/gsdf/neae/koukoku/fin/tekiseika_kouhyou/r06_nendo/koukyou389-1koubutu.pdf,pdf,tohoku_kaikei,東北方面会計隊,陸上自衛隊,2024,2024,1
https://www.mod.go.jp/gsdf/neae/koukoku/fin/tekiseika_kouhyou/r06_nendo/koukyou389-4zui.pdf,pdf,tohoku_kaikei,東北方面会計隊,陸上自衛隊,2024,2024,8
https://www.mod.go.jp/gsdf/neae/koukoku/fin/tekiseika_kouhyou/r06_nendo/koukyou389-5butu.pdf,pdf,tohoku_kaikei,東北方面会計隊,陸上自衛隊,2024,2024,3
https://www.mod.go.jp/gsdf/neae/koukoku/fin/tekiseika_kouhyou/r06_nendo/koukyou389-6butu.pdf,pdf,tohoku_kaikei,東北方面会計隊,陸上自衛隊,2024,2024,3
https://www.mod.go.jp/gsdf/neae/koukoku/fin/tekiseika_kouhyou/r06_nendo/koukyou389-8koubutu.pdf,pdf,tohoku_kaikei,東北方面会計隊,陸上自衛隊,2024,2024,1
https://www.mod.go.jp/gsdf/neae/koukoku/fin/tekiseika_kouhyou/r06_nendo/koukyou389-9butu.pdf,pdf,tohoku_kaikei,東北方面会計隊,陸上自衛隊,2024,2024,2
https://www.mod.go.jp/gsdf/neae/koukoku/fin/tekiseika_kouhyou/r06_nendo/koukyou389-9koubutu.pdf,pdf,tohoku_kaikei,東北方面会計隊,陸上自衛隊,2024,2024,1
https://www.mod.go.jp/gsdf/neae/koukoku/fin/tekiseika_kouhyou/r06_nendo/koukyou389-butu4.pdf,pdf,tohoku_kaikei,東北方面会計隊,陸上自衛隊,2024,2024,13
https://www.mod.go.jp/gsdf/neae/koukoku/fin/tekiseika_kouhyou/r06_nendo/koukyoufhq-10butu.pdf,pdf,tohoku_kaikei,東北方面会計隊,陸上自衛隊,2024,2024,8
https://www.mod.go.jp/gsdf/neae/koukoku/fin/tekiseika_kouhyou/r06_nendo/koukyoufhq-10koubutu.pdf,pdf,tohoku_kaikei,東北方面会計隊,陸上自衛隊,2024,2024,2
https://www.mod.go.jp/gsdf/neae/koukoku/fin/tekiseika_kouhyou/r06_nendo/koukyoufhq-11butu.pdf,pdf,tohoku_kaikei,東北方面会計隊,陸上自衛隊,2024,2024,8
https://www.mod.go.jp/gsdf/neae/koukoku/fin/tekiseika_kouhyou/r06_nendo/koukyoufhq-11koubutu.pdf,pdf,tohoku_kaikei,東北方面会計隊,陸上自衛隊,2024,2024,5
https://www.mod.go.jp/gsdf/neae/koukoku/fin/tekiseika_kouhyou/r06_nendo/koukyoufhq-12butu.pdf,pdf,tohoku_kaikei,東北方面会計隊,陸上自衛隊,2024,2024,8
https://www.mod.go.jp/gsdf/neae/koukoku/fin/tekiseika_kouhyou/r06_nendo/koukyoufhq-12koubutu.pdf,pdf,tohoku_kaikei,東北方面会計隊,陸上自衛隊,2024,2024,6
https://www.mod.go.jp/gsdf/neae/koukoku/fin/tekiseika_kouhyou/r06_nendo/koukyoufhq-1butu.pdf,pdf,tohoku_kaikei,東北方面会計隊,陸上自衛隊,2024,2024,8
https://www.mod.go.jp/gsdf/neae/koukoku/fin/tekiseika_kouhyou/r06_nendo/koukyoufhq-1koubutu.pdf,pdf,tohoku_kaikei,東北方面会計隊,陸上自衛隊,2024,2024,7
https://www.mod.go.jp/gsdf/neae/koukoku/fin/tekiseika_kouhyou/r06_nendo/koukyoufhq-2butu.pdf,pdf,tohoku_kaikei,東北方面会計隊,陸上自衛隊,2024,2024,8
https://www.mod.go.jp/gsdf/neae/koukoku/fin/tekiseika_kouhyou/r06_nendo/koukyoufhq-4butu.pdf,pdf,tohoku_kaikei,東北方面会計隊,陸上自衛隊,2024,2024,7
https://www.mod.go.jp/gsdf/neae/koukoku/fin/tekiseika_kouhyou/r06_nendo/koukyoufhq-4zui.pdf,pdf,tohoku_kaikei,東北方面会計隊,陸上自衛隊,2024,2024,7
https://www.mod.go.jp/gsdf/neae/koukoku/fin/tekiseika_kouhyou/r06_nendo/koukyoufhq-5butu.pdf,pdf,tohoku_kaikei,東北方面会計隊,陸上自衛隊,2024,2024,6
https://www.mod.go.jp/gsdf/neae/koukoku/fin/tekiseika_kouhyou/r06_nendo/koukyoufhq-6butu.pdf,pdf,tohoku_kaikei,東北方面会計隊,陸上自衛隊,2024,2024,4
https://www.mod.go.jp/gsdf/neae/koukoku/fin/tekiseika_kouhyou/r06_nendo/koukyoufhq-7butu.pdf,pdf,tohoku_kaikei,東北方面会計隊,陸上自衛隊,2024,2024,8
https://www.mod.go.jp/gsdf/neae/koukoku/fin/tekiseika_kouhyou/r06_nendo/koukyoufhq-8butu.pdf,pdf,tohoku_kaikei,東北方面会計隊,陸上自衛隊,2024,2024,6
https://www.mod.go.jp/gsdf/neae/koukoku/fin/tekiseika_kouhyou/r06_nendo/koukyoufhq-8koubutu.pdf,pdf,tohoku_kaikei,東北方面会計隊,陸上自衛隊,2024,2024,4
https://www.mod.go.jp/gsdf/neae/koukoku/fin/tekiseika_kouhyou/r06_nendo/koukyoufhq-9butu.pdf,pdf,tohoku_kaikei,東北方面会計隊,陸上自衛隊,2024,2024,8
https://www.mod.go.jp/gsdf/neae/koukoku/fin/tekiseika_kouhyou/r06_nendo/koukyoufhq-9koubutu.pdf,pdf,tohoku_kaikei,東北方面会計隊,陸上自衛隊,2024,2024,3
https://www.mod.go.jp/gsdf/neae/koukoku/fin/tekiseika_kouhyou/r06_nendo/koukyoufhq2-4butu.pdf,pdf,tohoku_kaikei,東北方面会計隊,陸上自衛隊,2024,2024,5
https://www.mod.go.jp/gsdf/neae/koukoku/fin/tekiseika_kouhyou/r06_nendo/koukyoufhq2-butu6.pdf,pdf,tohoku_kaikei,東北方面会計隊,陸上自衛隊,2024,2024,1
https://www.mod.go.jp/gsdf/neae/koukoku/fin/tekiseika_kouhyou/r06_nendo/koukyouiwa-6butu.pdf,pdf,tohoku_kaikei,東北方面会計隊,陸上自衛隊,2024,2024,4
https://www.mod.go.jp/gsdf/neae/koukoku/fin/tekiseika_kouhyou/r06_nendo/koukyoumiya-2butu.pdf,pdf,tohoku_kaikei,東北方面会計隊,陸上自衛隊,2024,2024,3
https://www.mod.go.jp/gsdf/neae/koukoku/fin/tekiseika_kouhyou/r06_nendo/koukyoumiya-4butu.pdf,pdf,tohoku_kaikei,東北方面会計隊,陸上自衛隊,2024,2024,1
https://www.mod.go.jp/gsdf/neae/koukoku/fin/tekiseika_kouhyou/r06_nendo/koukyousb-4butu.pdf,pdf,tohoku_kaikei,東北方面会計隊,陸上自衛隊,2024,2024,16
https://www.mod.go.jp/gsdf/neae/koukoku/fin/tekiseika_kouhyou/r06_nendo/koukyousb-4zui.pdf,pdf,tohoku_kaikei,東北方面会計隊,陸上自衛隊,2024,2024,3
https://www.mod.go.jp/gsdf/neae/koukoku/fin/tekiseika_kouhyou/r06_nendo/koukyousb-5butu.pdf,pdf,tohoku_kaikei,東北方面会計隊,陸上自衛隊,2024,2024,3
https://www.mod.go.jp/gsdf/neae/koukoku/fin/tekiseika_kouhyou/r06_nendo/koukyousb-6butu.pdf,pdf,tohoku_kaikei,東北方面会計隊,陸上自衛隊,2024,2024,1
https://www.mod.go.jp/gsdf/neae/koukoku/fin/tekiseika_kouhyou/r06_nendo/koukyousb-7butu.pdf,pdf,tohoku_kaikei,東北方面会計隊,陸上自衛隊,2024,2024,2
https://www.mod.go.jp/gsdf/neae/koukoku/fin/tekiseika_kouhyou/r06_nendo/koukyousb-8butu.pdf,pdf,tohoku_kaikei,東北方面会計隊,陸上自衛隊,2024,2024,3
https://www.mod.go.jp/gsdf/neae/koukoku/fin/tekiseika_kouhyou/r06_nendo/koukyouyama-10butu.pdf,pdf,tohoku_kaikei,東北方面会計隊,陸上自衛隊,2024,2024,1
https://www.mod.go.jp/gsdf/neae/koukoku/fin/tekiseika_kouhyou/r06_nendo/koukyouyama-7zui.pdf,pdf,tohoku_kaikei,東北方面会計隊,陸上自衛隊,2024,2024,2
https://www.mod.go.jp/gsdf/neae/koukoku/fin/tekiseika_kouhyou/r07_nendo/380-k-5gatu.pdf,pdf,tohoku_kaikei,東北方面会計隊,陸上自衛隊,2025,2025,17
https://www.mod.go.jp/gsdf/neae/koukoku/fin/tekiseika_kouhyou/r07_nendo/380-kou-nyusatu-be-11g.pdf,pdf,tohoku_kaikei,東北方面会計隊,陸上自衛隊,2025,2025,15
https://www.mod.go.jp/gsdf/neae/koukoku/fin/tekiseika_kouhyou/r07_nendo/380-kou-nyusatu-k-11g.pdf,pdf,tohoku_kaikei,東北方面会計隊,陸上自衛隊,2025,2025,6
https://www.mod.go.jp/gsdf/neae/koukoku/fin/tekiseika_kouhyou/r07_nendo/380-kouhyou-i-b-02.pdf,pdf,tohoku_kaikei,東北方面会計隊,陸上自衛隊,2025,2025,20
https://www.mod.go.jp/gsdf/neae/koukoku/fin/tekiseika_kouhyou/r07_nendo/380-kouhyou-i-k-12.pdf,pdf,tohoku_kaikei,東北方面会計隊,陸上自衛隊,2025,2025,1
https://www.mod.go.jp/gsdf/neae/koukoku/fin/tekiseika_kouhyou/r07_nendo/380-koukyou-nyu-k-10g.pdf,pdf,tohoku_kaikei,東北方面会計隊,陸上自衛隊,2025,2025,1
https://www.mod.go.jp/gsdf/neae/koukoku/fin/tekiseika_kouhyou/r07_nendo/380-koukyou-nyuusatu-k-1g.pdf,pdf,tohoku_kaikei,東北方面会計隊,陸上自衛隊,2025,2025,3
https://www.mod.go.jp/gsdf/neae/koukoku/fin/tekiseika_kouhyou/r07_nendo/380-zuikei-be-4gatu.pdf,pdf,tohoku_kaikei,東北方面会計隊,陸上自衛隊,2025,2025,1
https://www.mod.go.jp/gsdf/neae/koukoku/fin/tekiseika_kouhyou/r07_nendo/381-kouhyou-b-i-11.pdf,pdf,tohoku_kaikei,東北方面会計隊,陸上自衛隊,2025,2025,2
https://www.mod.go.jp/gsdf/neae/koukoku/fin/tekiseika_kouhyou/r07_nendo/381-kouhyou-k-i-11.pdf,pdf,tohoku_kaikei,東北方面会計隊,陸上自衛隊,2025,2025,1
https://www.mod.go.jp/gsdf/neae/koukoku/fin/tekiseika_kouhyou/r07_nendo/381-kouhyou-nyusatu-be-1g.pdf,pdf,tohoku_kaikei,東北方面会計隊,陸上自衛隊,2025,2025,2
https://www.mod.go.jp/gsdf/neae/koukoku/fin/tekiseika_kouhyou/r07_nendo/381-kouhyou-nyusatu-be-2g.pdf,pdf,tohoku_kaikei,東北方面会計隊,陸上自衛隊,2025,2025,7
https://www.mod.go.jp/gsdf/neae/koukoku/fin/tekiseika_kouhyou/r07_nendo/381-koukyou-9g-nyu-k.pdf,pdf,tohoku_kaikei,東北方面会計隊,陸上自衛隊,2025,2025,6
https://www.mod.go.jp/gsdf/neae/koukoku/fin/tekiseika_kouhyou/r07_nendo/381-koukyou-nyu-be-10g.pdf,pdf,tohoku_kaikei,東北方面会計隊,陸上自衛隊,2025,2025,2
https://www.mod.go.jp/gsdf/neae/koukoku/fin/tekiseika_kouhyou/r07_nendo/381-koukyou-nyu-k-10g.pdf,pdf,tohoku_kaikei,東北方面会計隊,陸上自衛隊,2025,2025,3
https://www.mod.go.jp/gsdf/neae/koukoku/fin/tekiseika_kouhyou/r07_nendo/381-koukyou-nyuusatu-be-12g.pdf,pdf,tohoku_kaikei,東北方面会計隊,陸上自衛隊,2025,2025,4
https://www.mod.go.jp/gsdf/neae/koukoku/fin/tekiseika_kouhyou/r07_nendo/381-koukyou-nyuusatu-k-12g.pdf,pdf,tohoku_kaikei,東北方面会計隊,陸上自衛隊,2025,2025,2
https://www.mod.go.jp/gsdf/neae/koukoku/fin/tekiseika_kouhyou/r07_nendo/381-nyuusatu-be-4gatu.pdf,pdf,tohoku_kaikei,東北方面会計隊,陸上自衛隊,2025,2025,4
https://www.mod.go.jp/gsdf/neae/koukoku/fin/tekiseika_kouhyou/r07_nendo/381-nyuusatu-be-5gatu.pdf,pdf,tohoku_kaikei,東北方面会計隊,陸上自衛隊,2025,2025,3
https://www.mod.go.jp/gsdf/neae/koukoku/fin/tekiseika_kouhyou/r07_nendo/381-nyuusatu-be-7gatu.pdf,pdf,tohoku_kaikei,東北方面会計隊,陸上自衛隊,2025,2025,1
https://www.mod.go.jp/gsdf/neae/koukoku/fin/tekiseika_kouhyou/r07_nendo/381-nyuusatu-be-8gatu.pdf,pdf,tohoku_kaikei,東北方面会計隊,陸上自衛隊,2025,2025,3
https://www.mod.go.jp/gsdf/neae/koukoku/fin/tekiseika_kouhyou/r07_nendo/383-kou-0.pdf,pdf,tohoku_kaikei,東北方面会計隊,陸上自衛隊,2025,2025,20
https://www.mod.go.jp/gsdf/neae/koukoku/fin/tekiseika_kouhyou/r07_nendo/383-kou-k-5-6-7-11.pdf,pdf,tohoku_kaikei,東北方面会計隊,陸上自衛隊,2025,2025,21
https://www.mod.go.jp/gsdf/neae/koukoku/fin/tekiseika_kouhyou/r07_nendo/383-kou.pdf,pdf,tohoku_kaikei,東北方面会計隊,陸上自衛隊,2025,2025,22
https://www.mod.go.jp/gsdf/neae/koukoku/fin/tekiseika_kouhyou/r07_nendo/383-koukyou-10gatu-nyusatu-be-0.pdf,pdf,tohoku_kaikei,東北方面会計隊,陸上自衛隊,2025,2025,6
https://www.mod.go.jp/gsdf/neae/koukoku/fin/tekiseika_kouhyou/r07_nendo/383-koukyou-nyusatu-k-12g.pdf,pdf,tohoku_kaikei,東北方面会計隊,陸上自衛隊,2025,2025,6
https://www.mod.go.jp/gsdf/neae/koukoku/fin/tekiseika_kouhyou/r07_nendo/383-koukyou-zui-be-11g.pdf,pdf,tohoku_kaikei,東北方面会計隊,陸上自衛隊,2025,2025,12
https://www.mod.go.jp/gsdf/neae/koukoku/fin/tekiseika_kouhyou/r07_nendo/383-nyu.zui-k.be-7.7.4gatu.pdf,pdf,tohoku_kaikei,東北方面会計隊,陸上自衛隊,2025,2025,2
https://www.mod.go.jp/gsdf/neae/koukoku/fin/tekiseika_kouhyou/r07_nendo/383-nyuusatu-be-5gatu.pdf,pdf,tohoku_kaikei,東北方面会計隊,陸上自衛隊,2025,2025,1
https://www.mod.go.jp/gsdf/neae/koukoku/fin/tekiseika_kouhyou/r07_nendo/383-nyuusatu-k-5gatu.pdf,pdf,tohoku_kaikei,東北方面会計隊,陸上自衛隊,2025,2025,1
https://www.mod.go.jp/gsdf/neae/koukoku/fin/tekiseika_kouhyou/r07_nendo/383-nyuusatu-k-6gatu.pdf,pdf,tohoku_kaikei,東北方面会計隊,陸上自衛隊,2025,2025,1
https://www.mod.go.jp/gsdf/neae/koukoku/fin/tekiseika_kouhyou/r07_nendo/387-kouhyou-b-i-11.pdf,pdf,tohoku_kaikei,東北方面会計隊,陸上自衛隊,2025,2025,20
https://www.mod.go.jp/gsdf/neae/koukoku/fin/tekiseika_kouhyou/r07_nendo/387-kouhyou-k-i-03.pdf,pdf,tohoku_kaikei,東北方面会計隊,陸上自衛隊,2025,2025,15
https://www.mod.go.jp/gsdf/neae/koukoku/fin/tekiseika_kouhyou/r07_nendo/387-kouhyou-k-i-7-11.pdf,pdf,tohoku_kaikei,東北方面会計隊,陸上自衛隊,2025,2025,11
https://www.mod.go.jp/gsdf/neae/koukoku/fin/tekiseika_kouhyou/r07_nendo/387-koukyou-6-1.pdf,pdf,tohoku_kaikei,東北方面会計隊,陸上自衛隊,2025,2025,1
https://www.mod.go.jp/gsdf/neae/koukoku/fin/tekiseika_kouhyou/r07_nendo/387-koukyou-9y-nyu-be.pdf,pdf,tohoku_kaikei,東北方面会計隊,陸上自衛隊,2025,2025,1
https://www.mod.go.jp/gsdf/neae/koukoku/fin/tekiseika_kouhyou/r07_nendo/387-koukyou-nyu-be-10g.pdf,pdf,tohoku_kaikei,東北方面会計隊,陸上自衛隊,2025,2025,1
https://www.mod.go.jp/gsdf/neae/koukoku/fin/tekiseika_kouhyou/r07_nendo/387-koukyou-nyuusatu-be-12g.pdf,pdf,tohoku_kaikei,東北方面会計隊,陸上自衛隊,2025,2025,1
https://www.mod.go.jp/gsdf/neae/koukoku/fin/tekiseika_kouhyou/r07_nendo/387-koukyou-nyuusatu-be-1g.pdf,pdf,tohoku_kaikei,東北方面会計隊,陸上自衛隊,2025,2025,3
https://www.mod.go.jp/gsdf/neae/koukoku/fin/tekiseika_kouhyou/r07_nendo/387-zuikei-be-4gatu.pdf,pdf,tohoku_kaikei,東北方面会計隊,陸上自衛隊,2025,2025,1
https://www.mod.go.jp/gsdf/neae/koukoku/fin/tekiseika_kouhyou/r07_nendo/389-kou-nyusatu-be-10g.pdf,pdf,tohoku_kaikei,東北方面会計隊,陸上自衛隊,2025,2025,5
https://www.mod.go.jp/gsdf/neae/koukoku/fin/tekiseika_kouhyou/r07_nendo/389-koubo.pdf,pdf,tohoku_kaikei,東北方面会計隊,陸上自衛隊,2024,2024,6
https://www.mod.go.jp/gsdf/neae/koukoku/fin/tekiseika_kouhyou/r07_nendo/389-kouhyou-i-be-11.pdf,pdf,tohoku_kaikei,東北方面会計隊,陸上自衛隊,2025,2025,2
https://www.mod.go.jp/gsdf/neae/koukoku/fin/tekiseika_kouhyou/r07_nendo/389-koukyou-nyu-be-9g.pdf,pdf,tohoku_kaikei,東北方面会計隊,陸上自衛隊,2025,2025,5
https://www.mod.go.jp/gsdf/neae/koukoku/fin/tekiseika_kouhyou/r07_nendo/389-koukyou-nyuusatu-be-12g.pdf,pdf,tohoku_kaikei,東北方面会計隊,陸上自衛隊,2025,2025,4
https://www.mod.go.jp/gsdf/neae/koukoku/fin/tekiseika_kouhyou/r07_nendo/389-koukyou-nyuusatu-be-1g.pdf,pdf,tohoku_kaikei,東北方面会計隊,陸上自衛隊,2025,2025,4
https://www.mod.go.jp/gsdf/neae/koukoku/fin/tekiseika_kouhyou/r07_nendo/389-nyuusatu-be-8gatu.pdf,pdf,tohoku_kaikei,東北方面会計隊,陸上自衛隊,2025,2025,3
https://www.mod.go.jp/gsdf/neae/koukoku/fin/tekiseika_kouhyou/r07_nendo/389-zuikei-be-8gatu.pdf,pdf,tohoku_kaikei,東北方面会計隊,陸上自衛隊,2025,2025,1
https://www.mod.go.jp/gsdf/neae/koukoku/fin/tekiseika_kouhyou/r07_nendo/401-kou-k-6-7-9-10.pdf,pdf,tohoku_kaikei,東北方面会計隊,陸上自衛隊,2025,2025,7
https://www.mod.go.jp/gsdf/neae/koukoku/fin/tekiseika_kouhyou/r07_nendo/401-kouhyou-b-i-01.pdf,pdf,tohoku_kaikei,東北方面会計隊,陸上自衛隊,2025,2025,47
https://www.mod.go.jp/gsdf/neae/koukoku/fin/tekiseika_kouhyou/r07_nendo/401-kouhyou-k-i-01.pdf,pdf,tohoku_kaikei,東北方面会計隊,陸上自衛隊,2025,2025,4
https://www.mod.go.jp/gsdf/neae/koukoku/fin/tekiseika_kouhyou/r07_nendo/401-koukyou-8g-nyu-be.pdf,pdf,tohoku_kaikei,東北方面会計隊,陸上自衛隊,2025,2025,1
https://www.mod.go.jp/gsdf/neae/koukoku/fin/tekiseika_kouhyou/r07_nendo/401-zuikei-be-4gatu.pdf,pdf,tohoku_kaikei,東北方面会計隊,陸上自衛隊,2025,2025,3
https://www.mod.go.jp/gsdf/neae/koukoku/fin/tekiseika_kouhyou/r07_nendo/416-kouhyou-b-i-10.pdf,pdf,tohoku_kaikei,東北方面会計隊,陸上自衛隊,2025,2025,13
https://www.mod.go.jp/gsdf/neae/koukoku/fin/tekiseika_kouhyou/r07_nendo/416-kouhyou-b-i-11.pdf,pdf,tohoku_kaikei,東北方面会計隊,陸上自衛隊,2025,2025,2
https://www.mod.go.jp/gsdf/neae/koukoku/fin/tekiseika_kouhyou/r07_nendo/416-kouhyou-b-z-4.pdf,pdf,tohoku_kaikei,東北方面会計隊,陸上自衛隊,2025,2025,1
https://www.mod.go.jp/gsdf/neae/koukoku/fin/tekiseika_kouhyou/r07_nendo/c381-r7.6gatu.pdf,pdf,tohoku_kaikei,東北方面会計隊,陸上自衛隊,2025,2025,1
https://www.mod.go.jp/gsdf/neae/koukoku/fin/tekiseika_kouhyou/r07_nendo/c389-koukyou-r7.5.pdf,pdf,tohoku_kaikei,東北方面会計隊,陸上自衛隊,2025,2025,3
https://www.mod.go.jp/gsdf/neae/koukoku/fin/tekiseika_kouhyou/r07_nendo/gyo-kouhyou-nyusatu-be-2g.pdf,pdf,tohoku_kaikei,東北方面会計隊,陸上自衛隊,2025,2025,29
https://www.mod.go.jp/gsdf/neae/koukoku/fin/tekiseika_kouhyou/r07_nendo/gyo-koukyou-9g-nyu-be.pdf,pdf,tohoku_kaikei,東北方面会計隊,陸上自衛隊,2025,2025,12
https://www.mod.go.jp/gsdf/neae/koukoku/fin/tekiseika_kouhyou/r07_nendo/gyo-koukyou-zui-be-4.pdf,pdf,tohoku_kaikei,東北方面会計隊,陸上自衛隊,2025,2025,6
https://www.mod.go.jp/gsdf/neae/koukoku/fin/tekiseika_kouhyou/r07_nendo/miyagi-tihon-koukyou.pdf,pdf,tohoku_kaikei,東北方面会計隊,陸上自衛隊,2025,2025,2
https://www.mod.go.jp/gsdf/neae/koukoku/fin/tekiseika_kouhyou/r07_nendo/pco-akita-nyuusatu-be-7gatu.pdf,pdf,tohoku_kaikei,東北方面会計隊,陸上自衛隊,2025,2025,3
https://www.mod.go.jp/gsdf/neae/koukoku/fin/tekiseika_kouhyou/r07_nendo/pco-miya-0219-005-kouhyou-i-b.pdf,pdf,tohoku_kaikei,東北方面会計隊,陸上自衛隊,2025,2025,1
https://www.mod.go.jp/gsdf/neae/koukoku/fin/tekiseika_kouhyou/r07_nendo/sen-hosup-nyuusatu-be-4gatu.pdf,pdf,tohoku_kaikei,東北方面会計隊,陸上自衛隊,2025,2025,21
https://www.mod.go.jp/gsdf/neae/koukoku/fin/tekiseika_kouhyou/r07_nendo/sen-hosup-nyuusatu-be-6gatu.pdf,pdf,tohoku_kaikei,東北方面会計隊,陸上自衛隊,2025,2025,1
https://www.mod.go.jp/gsdf/neae/koukoku/fin/tekiseika_kouhyou/r07_nendo/sen-hosup-zuikei-be-4gatu.pdf,pdf,tohoku_kaikei,東北方面会計隊,陸上自衛隊,2025,2025,4
